EmployeeId,Age,BusinessTravel,DailyRate,Department,DistanceFromHome,Education,EducationField,EmployeeCount,EnvironmentSatisfaction,Gender,HourlyRate,JobInvolvement,JobLevel,JobRole,JobSatisfaction,MaritalStatus,MonthlyIncome,MonthlyRate,NumCompaniesWorked,Over18,OverTime,PercentSalaryHike,PerformanceRating,RelationshipSatisfaction,StandardHours,StockOptionLevel,TotalWorkingYears,TrainingTimesLastYear,WorkLifeBalance,YearsAtCompany,YearsInCurrentRole,YearsSinceLastPromotion,YearsWithCurrManager,Attrition
1,37.0,Travel_Rarely,1141.0,Research & Development,11.0,College,Medical,1.0,Low,Female,61.0,Low,2.0,Healthcare Representative,Good,Married,4777.0,14382.0,5.0,Y,No,15.0,Excellent,Low,80.0,0.0,15.0,2.0,Low,1.0,0.0,0.0,0.0,Yes
2,51.0,Travel_Rarely,1323.0,Research & Development,4.0,Master,Life Sciences,1.0,Low,Male,34.0,High,1.0,Research Scientist,High,Married,2461.0000000000014,10332.0,9.0,Y,Yes,12.0,Excellent,High,80.0,3.0,18.0,2.0,Outstanding,10.0,0.0,2.0,7.0,Yes
3,42.0,Travel_Frequently,555.0,Sales,26.0,Bachelor,Marketing,1.0,High,Female,77.0,High,4.0,Sales Executive,Good,Married,13524.999999999998,14864.0,5.0,Y,No,14.0,Excellent,Very High,80.0,1.0,23.0,2.0,Outstanding,20.0,4.0,4.0,8.0,No
4,40.0,Travel_Rarely,1124.0,Sales,1.0,College,Medical,1.0,Good,Male,57.0,Low,2.0,Sales Executive,Very High,Married,7457.0,13273.0,2.0,Y,Yes,22.0,Outstanding,High,80.0,3.0,6.0,2.0,Good,4.0,3.0,0.0,2.0,No
5,55.0,Travel_Rarely,725.0,Research & Development,2.0,Bachelor,Medical,1.0,Very High,Male,78.0,High,5.0,Manager,Low,Married,19859.0,21199.0,5.0,Y,Yes,13.0,Excellent,Very High,80.0,1.0,24.0,2.0,Excellent,5.0,2.0,1.0,4.0,Yes
6,36.0,Travel_Frequently,635.0,Research & Development,18.0,Below College,Medical,1.0,Good,Female,73.0,High,1.0,Laboratory Technician,Very High,Single,2153.0,7703.0,1.0,Y,No,13.0,Excellent,Low,80.0,0.0,8.0,2.0,Excellent,8.0,1.0,1.0,7.0,No
7,32.0,Travel_Rarely,1018.0,Research & Development,3.0,College,Life Sciences,1.0,High,Female,39.0,High,3.0,Research Director,Very High,Single,11158.999999999996,19373.0,3.0,Y,No,15.0,Excellent,Very High,80.0,0.0,10.0,6.0,Excellent,7.0,7.0,7.0,7.0,No
8,25.0,Travel_Rarely,583.0,Sales,4.0,Below College,Marketing,1.0,High,Male,87.0,Good,2.0,Sales Executive,Low,Married,4256.0,18154.000000000004,1.0,Y,No,12.0,Excellent,Low,80.0,0.0,5.0,1.0,Outstanding,5.0,2.0,0.0,3.0,No
9,20.0,Travel_Rarely,129.0,Research & Development,4.0,Bachelor,Technical Degree,1.0,Low,Male,84.0,High,1.0,Laboratory Technician,Low,Single,2972.9999999999995,13008.0,1.0,Y,No,19.0,Excellent,Good,80.0,0.0,1.0,2.0,Excellent,1.0,0.0,0.0,0.0,Yes
10,42.0,Travel_Rarely,810.0,Research & Development,23.0,Doctor,Life Sciences,1.0,Low,Female,44.0,High,4.0,Research Director,Very High,Single,15992.000000000031,15901.0,2.0,Y,No,14.0,Excellent,Good,80.0,0.0,16.0,2.0,Excellent,1.0,0.0,0.0,0.0,No
11,31.0,Travel_Rarely,616.0,Research & Development,12.0,Bachelor,Medical,1.0,Very High,Female,41.0,High,2.0,Healthcare Representative,Very High,Married,5854.999999999999,17369.0,0.0,Y,Yes,11.0,Excellent,High,80.0,2.0,10.0,2.0,Low,9.0,7.0,8.0,5.0,No
12,38.0,Non-Travel,573.0,Research & Development,6.0,Bachelor,Medical,1.0,Good,Female,79.0,Low,2.0,Research Scientist,Very High,Divorced,5329.0,15717.0,7.0,Y,Yes,12.0,Excellent,Very High,80.0,3.0,17.0,3.0,Excellent,13.0,11.0,1.0,9.0,No
13,39.0,Travel_Rarely,408.0,Research & Development,2.0,Master,Technical Degree,1.0,Very High,Female,80.0,Good,2.0,Healthcare Representative,High,Single,4553.0,20978.0,1.0,Y,No,11.0,Excellent,Low,80.0,0.0,20.0,4.0,Excellent,20.0,7.0,11.0,10.0,No
14,54.0,Travel_Rarely,821.0,Research & Development,5.0,College,Medical,1.0,Low,Male,86.0,High,5.0,Research Director,Low,Married,19406.0,8509.0,4.0,Y,No,11.0,Excellent,High,80.0,1.0,24.0,4.0,Good,4.0,2.0,1.0,2.0,No
15,49.0,Travel_Rarely,1098.0,Research & Development,4.0,College,Medical,1.0,Low,Male,85.0,Good,5.0,Manager,High,Married,18711.0,12124.0,2.0,Y,No,13.0,Excellent,High,80.0,1.0,23.0,2.0,Outstanding,1.0,0.0,0.0,0.0,No
16,24.0,Travel_Rarely,691.0,Research & Development,23.0,Bachelor,Medical,1.0,Good,Male,89.0,Very High,1.0,Research Scientist,Very High,Married,2725.0000000000005,21630.000000000004,1.0,Y,Yes,11.0,Excellent,Good,80.0,2.0,6.0,3.0,Excellent,6.0,5.0,1.0,4.0,No
17,40.0,Travel_Rarely,302.0000000000001,Research & Development,6.0,Bachelor,Life Sciences,1.0,Good,Female,75.0,High,4.0,Manufacturing Director,High,Single,13236.999999999996,20364.0,7.0,Y,No,15.0,Excellent,High,80.0,0.0,22.0,3.0,Excellent,20.0,6.0,5.0,13.0,No
18,41.0,Non-Travel,267.0,Sales,10.0,College,Life Sciences,1.0,Very High,Male,56.0,High,2.0,Sales Executive,Very High,Single,6230.0,13430.0,7.0,Y,No,14.0,Excellent,Very High,80.0,0.0,16.0,3.0,Excellent,14.0,3.0,1.0,10.0,No
19,32.0,Travel_Rarely,588.0,Sales,8.0,College,Technical Degree,1.0,High,Female,65.0,Good,2.0,Sales Executive,Good,Married,5228.0,24624.0,1.0,Y,Yes,11.0,Excellent,Very High,80.0,0.0,13.0,2.0,Excellent,13.0,12.0,11.0,9.0,No
20,24.0,Travel_Rarely,813.0,Research & Development,1.0,Bachelor,Medical,1.0,Good,Male,61.0,High,1.0,Research Scientist,Very High,Married,2293.0,3020.0,2.0,Y,Yes,16.0,Excellent,Low,80.0,1.0,6.0,2.0,Good,2.0,0.0,2.0,0.0,Yes
21,39.0,Travel_Rarely,411.9999999999998,Research & Development,13.0,Master,Medical,1.0,High,Female,94.0,Good,4.0,Manager,Good,Divorced,17123.0,17334.0,6.0,Y,Yes,13.0,Excellent,Very High,80.0,2.0,21.0,4.0,Excellent,19.0,9.0,15.0,2.0,No
22,59.0,Travel_Rarely,818.0,Human Resources,6.0,College,Medical,1.0,Good,Male,52.0,High,1.0,Human Resources,High,Married,2267.0,25657.0,8.0,Y,No,17.0,Excellent,Very High,80.0,0.0,7.0,2.0,Good,2.0,2.0,2.0,2.0,No
23,36.0,Travel_Rarely,1425.0,Research & Development,14.0,Below College,Life Sciences,1.0,High,Male,68.0,High,2.0,Healthcare Representative,Very High,Married,6586.0,4821.0,0.0,Y,Yes,17.0,Excellent,Low,80.0,1.0,17.0,2.0,Good,16.0,8.0,4.0,11.0,No
24,30.0,Travel_Rarely,853.0,Research & Development,7.0,Master,Life Sciences,1.0,High,Male,49.0,High,2.0,Laboratory Technician,High,Divorced,3491.0,11309.0,1.0,Y,No,13.0,Excellent,Low,80.0,3.0,10.0,4.0,Good,10.0,7.0,8.0,9.0,No
25,38.0,Travel_Rarely,433.0,Human Resources,1.0,Bachelor,Human Resources,1.0,High,Male,37.0,Very High,1.0,Human Resources,High,Married,2844.0,6004.0,1.0,Y,No,13.0,Excellent,Very High,80.0,1.0,7.0,2.0,Outstanding,7.0,6.0,5.0,0.0,No
26,28.0,Travel_Frequently,1496.0,Sales,1.0,Bachelor,Technical Degree,1.0,Low,Male,92.0,High,1.0,Sales Representative,High,Married,2909.0,15747.0,3.0,Y,No,15.0,Excellent,Very High,80.0,1.0,5.0,3.0,Outstanding,3.0,2.0,1.0,2.0,Yes
27,31.0,Travel_Rarely,192.0,Research & Development,2.0,Master,Life Sciences,1.0,High,Male,32.0,High,1.0,Research Scientist,Very High,Divorced,2695.0,7747.000000000001,0.0,Y,Yes,18.0,Excellent,Good,80.0,1.0,3.0,2.0,Low,2.0,2.0,2.0,2.0,No
28,36.0,Non-Travel,845.0,Sales,1.0,Doctor,Medical,1.0,Very High,Female,45.0,High,2.0,Sales Executive,Very High,Single,6653.0,15276.0,4.0,Y,No,15.0,Excellent,Good,80.0,0.0,7.0,6.0,Excellent,1.0,0.0,0.0,0.0,No
29,32.0,Travel_Rarely,427.00000000000006,Research & Development,1.0,Bachelor,Medical,1.0,Low,Male,33.0,High,2.0,Manufacturing Director,Very High,Married,6162.0,10877.0,1.0,Y,Yes,22.0,Outstanding,Good,80.0,1.0,9.0,3.0,Excellent,9.0,8.0,7.0,8.0,No
30,28.0,Non-Travel,120.0,Sales,4.0,Bachelor,Medical,1.0,Good,Male,43.0,High,2.0,Sales Executive,High,Married,4221.0,8863.0,1.0,Y,No,15.0,Excellent,Good,80.0,0.0,5.0,3.0,Outstanding,5.0,4.0,0.0,4.0,No
31,31.0,Travel_Rarely,248.9999999999999,Sales,6.0,Master,Life Sciences,1.0,Good,Male,76.0,Low,2.0,Sales Executive,High,Married,6172.0,20739.0,4.0,Y,Yes,18.0,Excellent,Good,80.0,0.0,12.0,3.0,Good,7.0,7.0,7.0,7.0,Yes
32,50.0,Travel_Rarely,316.00000000000006,Sales,8.0,Master,Marketing,1.0,Very High,Male,54.0,High,1.0,Sales Representative,Good,Married,3874.999999999999,9983.0,7.0,Y,No,15.0,Excellent,Very High,80.0,1.0,4.0,2.0,Excellent,2.0,2.0,2.0,2.0,No
33,39.0,Travel_Rarely,1132.0,Research & Development,1.0,Bachelor,Medical,1.0,High,Male,48.0,Very High,3.0,Healthcare Representative,Very High,Divorced,9613.000000000002,10942.0,0.0,Y,No,17.0,Excellent,Low,80.0,3.0,19.0,5.0,Good,18.0,10.0,3.0,7.0,No
34,35.0,Travel_Rarely,809.0,Research & Development,16.0,Bachelor,Medical,1.0,Low,Male,84.0,Very High,1.0,Laboratory Technician,Good,Married,2426.0,16479.0,0.0,Y,No,13.0,Excellent,High,80.0,1.0,6.0,5.0,Excellent,5.0,4.0,0.0,3.0,No
35,32.0,Travel_Frequently,379.00000000000006,Sales,5.0,College,Life Sciences,1.0,Good,Male,48.0,High,2.0,Sales Executive,Good,Married,6524.000000000001,8891.0,1.0,Y,No,14.0,Excellent,Very High,80.0,1.0,10.0,3.0,Excellent,10.0,8.0,5.0,3.0,No
36,26.0,Travel_Rarely,1330.0,Research & Development,21.0,Bachelor,Medical,1.0,Low,Male,37.0,High,1.0,Laboratory Technician,High,Divorced,2377.0,19373.0,1.0,Y,No,20.0,Outstanding,High,80.0,1.0,1.0,0.0,Good,1.0,1.0,0.0,0.0,Yes
37,30.0,Travel_Rarely,288.0,Research & Development,2.0,Bachelor,Life Sciences,1.0,High,Male,99.0,Good,2.0,Healthcare Representative,Very High,Married,4152.0,15830.0,1.0,Y,No,19.0,Excellent,Low,80.0,3.0,11.0,3.0,Excellent,11.0,10.0,10.0,8.0,No
38,38.0,Travel_Frequently,216.0,Research & Development,23.0,Bachelor,Life Sciences,1.0,Very High,Male,44.0,Good,3.0,Manufacturing Director,High,Single,9525.999999999998,8786.999999999996,0.0,Y,No,21.0,Outstanding,Good,80.0,0.0,10.0,2.0,Excellent,9.0,7.0,1.0,8.0,No
39,21.0,Travel_Rarely,1343.0,Sales,22.0,Below College,Technical Degree,1.0,High,Male,49.0,High,1.0,Sales Representative,High,Single,3447.0,24444.0,1.0,Y,No,11.0,Excellent,High,80.0,0.0,3.0,2.0,Excellent,3.0,2.0,1.0,2.0,No
40,35.0,Travel_Rarely,950.0,Research & Development,7.0,Bachelor,Other,1.0,High,Male,59.0,High,3.0,Manufacturing Director,High,Single,10220.999999999993,18869.0,3.0,Y,No,21.0,Outstanding,Good,80.0,0.0,17.0,3.0,Outstanding,8.0,5.0,1.0,6.0,No
41,26.0,Travel_Frequently,1479.0,Research & Development,1.0,Bachelor,Life Sciences,1.0,High,Female,84.0,High,2.0,Manufacturing Director,Good,Divorced,6397.0,26767.0,1.0,Y,No,20.0,Outstanding,Low,80.0,1.0,6.0,6.0,Low,6.0,5.0,1.0,4.0,No
42,31.0,Travel_Frequently,522.9999999999998,Research & Development,2.0,Bachelor,Life Sciences,1.0,Good,Male,94.0,High,1.0,Laboratory Technician,Very High,Married,3722.0000000000005,21081.0,6.0,Y,Yes,13.0,Excellent,High,80.0,1.0,7.0,2.0,Low,2.0,2.0,2.0,2.0,Yes
43,32.0,Travel_Rarely,1062.0,Research & Development,2.0,Bachelor,Medical,1.0,High,Female,75.0,High,1.0,Laboratory Technician,Good,Married,2370.0,3956.000000000002,1.0,Y,No,13.0,Excellent,High,80.0,1.0,8.0,4.0,Excellent,8.0,0.0,0.0,7.0,No
44,32.0,Travel_Rarely,929.0,Sales,10.0,Bachelor,Marketing,1.0,Very High,Male,55.0,High,2.0,Sales Executive,Very High,Single,5396.0,21703.0,1.0,Y,No,12.0,Excellent,Very High,80.0,0.0,10.0,2.0,Good,10.0,7.0,0.0,8.0,No
45,34.0,Travel_Rarely,1303.0,Research & Development,2.0,Master,Life Sciences,1.0,Very High,Male,62.0,Good,1.0,Research Scientist,High,Divorced,2768.0,8416.0,3.0,Y,No,12.0,Excellent,High,80.0,1.0,14.0,3.0,Excellent,7.0,3.0,5.0,7.0,No
46,33.0,Travel_Frequently,553.0000000000001,Research & Development,5.0,Master,Life Sciences,1.0,Very High,Female,74.0,High,3.0,Manager,Good,Married,11878.0,23364.0,6.0,Y,No,11.0,Excellent,Good,80.0,2.0,12.0,2.0,Excellent,10.0,6.0,8.0,8.0,No
47,47.0,Travel_Rarely,983.0,Research & Development,2.0,College,Medical,1.0,Low,Female,65.0,High,2.0,Manufacturing Director,Very High,Divorced,5070.0,7388.999999999995,5.0,Y,No,13.0,Excellent,High,80.0,3.0,20.0,2.0,Excellent,5.0,0.0,0.0,4.0,No
48,30.0,Travel_Rarely,921.0,Research & Development,1.0,Bachelor,Life Sciences,1.0,Very High,Male,38.0,Low,1.0,Laboratory Technician,High,Married,3832.999999999998,24375.0,3.0,Y,No,21.0,Outstanding,High,80.0,2.0,7.0,2.0,Excellent,2.0,2.0,0.0,2.0,No
49,58.0,Travel_Rarely,1145.0,Research & Development,9.0,Bachelor,Medical,1.0,Good,Female,75.0,Good,1.0,Research Scientist,Good,Married,3346.0,11873.0,4.0,Y,Yes,20.0,Outstanding,Good,80.0,1.0,9.0,3.0,Good,1.0,0.0,0.0,0.0,No
50,37.0,Travel_Rarely,625.0,Sales,1.0,Master,Life Sciences,1.0,Low,Male,46.0,Good,3.0,Sales Executive,High,Married,10609.000000000004,14922.0,5.0,Y,No,11.0,Excellent,High,80.0,0.0,17.0,2.0,Low,14.0,1.0,11.0,7.0,Yes
51,38.0,Travel_Rarely,1380.0,Research & Development,9.0,College,Life Sciences,1.0,High,Female,75.0,High,1.0,Laboratory Technician,Very High,Single,2288.0000000000005,6319.0,1.0,Y,No,12.0,Excellent,High,80.0,0.0,2.0,3.0,Excellent,2.0,2.0,2.0,1.0,No
52,43.0,Travel_Rarely,1372.0,Sales,9.0,Bachelor,Marketing,1.0,Low,Female,85.0,Low,2.0,Sales Executive,High,Single,5346.0,9489.0,8.0,Y,No,13.0,Excellent,Good,80.0,0.0,7.0,2.0,Good,4.0,3.0,1.0,3.0,Yes
53,52.0,Travel_Frequently,322.0,Research & Development,28.0,College,Medical,1.0,Very High,Female,59.0,Very High,4.0,Manufacturing Director,High,Married,13247.0,9731.0,2.0,Y,Yes,11.0,Excellent,Good,80.0,1.0,24.0,3.0,Good,5.0,3.0,0.0,2.0,No
54,44.0,Travel_Rarely,1488.0,Sales,1.0,Doctor,Marketing,1.0,Good,Female,75.0,High,2.0,Sales Executive,Low,Divorced,5454.0,4008.999999999998,5.0,Y,Yes,21.0,Outstanding,High,80.0,1.0,9.0,2.0,Good,4.0,3.0,1.0,3.0,No
55,59.0,Travel_Rarely,142.0,Research & Development,3.0,Bachelor,Life Sciences,1.0,High,Male,70.0,Good,1.0,Research Scientist,Very High,Married,2177.0,8456.0,3.0,Y,No,17.0,Excellent,Low,80.0,1.0,7.0,6.0,Excellent,1.0,0.0,0.0,0.0,No
56,42.0,Non-Travel,926.0,Research & Development,21.0,College,Medical,1.0,High,Female,36.0,High,2.0,Manufacturing Director,High,Divorced,5265.0,16439.0,2.0,Y,No,16.0,Excellent,Good,80.0,1.0,11.0,5.0,Excellent,5.0,3.0,0.0,2.0,No
57,45.0,Travel_Rarely,560.9999999999999,Sales,2.0,Bachelor,Other,1.0,Very High,Male,61.0,High,2.0,Sales Executive,Good,Married,4805.0,16177.0,0.0,Y,No,19.0,Excellent,Good,80.0,1.0,9.0,3.0,Outstanding,8.0,7.0,3.0,7.0,No
58,21.0,Travel_Rarely,1427.0,Research & Development,18.0,Below College,Other,1.0,Very High,Female,65.0,High,1.0,Research Scientist,Very High,Single,2693.0,8870.0,1.0,Y,No,19.0,Excellent,Low,80.0,0.0,1.0,3.0,Good,1.0,0.0,0.0,0.0,Yes
59,23.0,Travel_Rarely,885.0,Research & Development,4.0,Bachelor,Medical,1.0,Low,Male,58.0,Very High,1.0,Research Scientist,Low,Married,2819.0,8544.0,2.0,Y,No,16.0,Excellent,Low,80.0,1.0,5.0,3.0,Outstanding,3.0,2.0,0.0,2.0,No
60,54.0,Travel_Rarely,1147.0,Sales,3.0,Bachelor,Marketing,1.0,Very High,Female,52.0,High,2.0,Sales Executive,Low,Married,5940.0,17011.0,2.0,Y,No,14.0,Excellent,Very High,80.0,1.0,16.0,4.0,Excellent,6.0,2.0,0.0,5.0,No
61,41.0,Travel_Rarely,509.0,Research & Development,7.0,College,Technical Degree,1.0,Good,Female,43.0,Very High,1.0,Research Scientist,High,Married,3375.9999999999986,18863.0,1.0,Y,No,13.0,Excellent,High,80.0,0.0,10.0,3.0,Excellent,10.0,6.0,0.0,8.0,No
62,45.0,Travel_Rarely,1038.0,Research & Development,20.0,Bachelor,Medical,1.0,Good,Male,95.0,Low,3.0,Healthcare Representative,Low,Divorced,10851.0,19863.0,2.0,Y,Yes,18.0,Excellent,Good,80.0,1.0,24.0,2.0,Excellent,7.0,7.0,0.0,7.0,No
63,45.0,Non-Travel,1052.0,Sales,6.0,Bachelor,Medical,1.0,Very High,Female,57.0,Good,3.0,Sales Executive,Very High,Single,8865.000000000002,16840.0,6.0,Y,No,12.0,Excellent,Very High,80.0,0.0,23.0,2.0,Excellent,19.0,7.0,12.0,8.0,No
64,55.0,Travel_Rarely,111.00000000000011,Sales,1.0,College,Life Sciences,1.0,Low,Male,70.0,High,3.0,Sales Executive,Very High,Married,10239.0,18092.0,3.0,Y,No,14.0,Excellent,Very High,80.0,1.0,24.0,4.0,Excellent,1.0,0.0,1.0,0.0,No
65,34.0,Travel_Frequently,1069.0,Research & Development,2.0,Below College,Life Sciences,1.0,Very High,Male,45.0,Good,2.0,Manufacturing Director,High,Married,9547.0,14074.0,1.0,Y,No,17.0,Excellent,High,80.0,0.0,10.0,2.0,Good,10.0,9.0,1.0,9.0,No
66,57.0,Travel_Rarely,405.0,Research & Development,1.0,College,Life Sciences,1.0,Good,Male,93.0,Very High,2.0,Research Scientist,High,Married,4900.0,2721.0,0.0,Y,No,24.0,Outstanding,Low,80.0,1.0,13.0,2.0,Good,12.0,9.0,2.0,8.0,No
67,33.0,Travel_Rarely,147.0,Research & Development,4.0,Master,Medical,1.0,High,Female,47.0,Good,1.0,Research Scientist,Good,Married,2622.0,13248.0,6.0,Y,No,21.0,Outstanding,Very High,80.0,0.0,7.0,3.0,Excellent,3.0,2.0,1.0,1.0,No
68,32.0,Non-Travel,300.0,Research & Development,1.0,Bachelor,Life Sciences,1.0,Very High,Male,61.0,High,1.0,Laboratory Technician,Very High,Divorced,2314.0,9148.0,0.0,Y,No,12.0,Excellent,Good,80.0,1.0,4.0,2.0,Excellent,3.0,0.0,0.0,2.0,No
69,21.0,Travel_Frequently,251.0000000000001,Research & Development,10.0,College,Life Sciences,1.0,Low,Female,45.0,Good,1.0,Laboratory Technician,High,Single,2625.0000000000005,25308.0,1.0,Y,No,20.0,Outstanding,High,80.0,0.0,2.0,2.0,Low,2.0,2.0,2.0,2.0,Yes
70,34.0,Travel_Frequently,295.99999999999966,Sales,6.0,College,Marketing,1.0,Very High,Female,33.0,Low,1.0,Sales Representative,High,Divorced,2351.0,12253.0,0.0,Y,No,16.0,Excellent,Very High,80.0,1.0,3.0,3.0,Good,2.0,2.0,1.0,0.0,Yes
71,27.0,Travel_Frequently,1242.0,Sales,20.0,Bachelor,Life Sciences,1.0,Very High,Female,90.0,High,2.0,Sales Executive,High,Single,9981.0,12916.0,1.0,Y,No,14.0,Excellent,Very High,80.0,0.0,7.0,2.0,Excellent,7.0,7.0,0.0,7.0,No
72,36.0,Travel_Rarely,917.0000000000001,Research & Development,6.0,Master,Life Sciences,1.0,High,Male,60.0,Low,1.0,Laboratory Technician,High,Divorced,2741.0,6865.000000000001,1.0,Y,No,14.0,Excellent,High,80.0,1.0,7.0,4.0,Excellent,7.0,7.0,1.0,7.0,No
73,41.0,Travel_Rarely,1360.0,Research & Development,12.0,Bachelor,Technical Degree,1.0,Good,Female,49.0,High,5.0,Research Director,High,Married,19545.0,16280.0,1.0,Y,No,12.0,Excellent,Very High,80.0,0.0,23.0,0.0,Excellent,22.0,15.0,15.0,8.0,Yes
74,33.0,Travel_Frequently,1296.0,Research & Development,6.0,Bachelor,Life Sciences,1.0,High,Male,30.0,High,2.0,Healthcare Representative,Very High,Divorced,7725.000000000002,5335.0,3.0,Y,No,23.0,Outstanding,High,80.0,1.0,15.0,2.0,Low,13.0,11.0,4.0,7.0,No
75,18.0,Non-Travel,247.0,Research & Development,8.0,Below College,Medical,1.0,High,Male,80.0,High,1.0,Laboratory Technician,High,Single,1904.0000000000005,13556.0,1.0,Y,No,12.0,Excellent,Very High,80.0,0.0,0.0,0.0,Excellent,0.0,0.0,0.0,0.0,Yes
76,27.0,Travel_Rarely,893.9999999999999,Research & Development,9.0,Bachelor,Medical,1.0,Very High,Female,99.0,High,1.0,Research Scientist,Good,Single,2279.0,11781.0,1.0,Y,No,16.0,Excellent,Very High,80.0,0.0,7.0,2.0,Good,7.0,7.0,0.0,3.0,No
77,22.0,Travel_Rarely,1229.9999999999998,Research & Development,1.0,College,Life Sciences,1.0,Very High,Male,33.0,Good,2.0,Manufacturing Director,Very High,Married,4775.0,19146.0,6.0,Y,No,22.0,Outstanding,Low,80.0,2.0,4.0,2.0,Low,2.0,2.0,2.0,2.0,No
78,33.0,Travel_Rarely,813.0,Research & Development,14.0,Bachelor,Medical,1.0,High,Male,58.0,High,1.0,Laboratory Technician,Very High,Married,2436.0000000000005,22148.999999999996,5.0,Y,Yes,13.0,Excellent,High,80.0,1.0,8.0,2.0,Low,5.0,4.0,0.0,4.0,Yes
79,42.0,Travel_Frequently,1367.9999999999998,Research & Development,28.0,Master,Technical Degree,1.0,Very High,Female,88.0,Good,2.0,Healthcare Representative,Very High,Married,4523.0,4386.000000000004,0.0,Y,No,11.0,Excellent,Very High,80.0,3.0,7.0,4.0,Outstanding,6.0,5.0,0.0,4.0,No
80,29.0,Travel_Frequently,806.0,Research & Development,1.0,Master,Life Sciences,1.0,Good,Male,76.0,Low,1.0,Research Scientist,Very High,Divorced,2720.0,18959.0,1.0,Y,No,18.0,Excellent,Very High,80.0,1.0,10.0,5.0,Excellent,10.0,7.0,2.0,8.0,No
81,35.0,Travel_Rarely,817.0,Research & Development,1.0,Bachelor,Medical,1.0,Very High,Female,60.0,Good,2.0,Laboratory Technician,Very High,Married,5363.0,10846.0,0.0,Y,No,12.0,Excellent,Good,80.0,1.0,10.0,0.0,Excellent,9.0,7.0,0.0,0.0,No
82,37.0,Non-Travel,142.0,Sales,9.0,Master,Medical,1.0,Low,Male,69.0,High,3.0,Sales Executive,Good,Divorced,8834.0,24666.0,1.0,Y,No,13.0,Excellent,Very High,80.0,1.0,9.0,6.0,Excellent,9.0,5.0,7.0,7.0,No
83,52.0,Travel_Rarely,266.0,Sales,2.0,Below College,Marketing,1.0,Low,Female,57.0,Low,5.0,Manager,Very High,Married,19845.0,25846.000000000004,1.0,Y,No,15.0,Excellent,Very High,80.0,1.0,33.0,3.0,Excellent,32.0,14.0,6.0,9.0,Yes
84,31.0,Travel_Rarely,218.0,Sales,7.0,Bachelor,Technical Degree,1.0,Good,Male,100.0,Very High,2.0,Sales Executive,Very High,Married,6929.0,12241.0,4.0,Y,No,11.0,Excellent,Good,80.0,1.0,10.0,3.0,Good,8.0,7.0,7.0,7.0,No
85,29.0,Travel_Rarely,1396.0,Sales,10.0,Bachelor,Life Sciences,1.0,High,Male,99.0,High,1.0,Sales Representative,High,Single,2641.9999999999995,2755.0,1.0,Y,No,11.0,Excellent,High,80.0,0.0,1.0,6.0,Excellent,1.0,0.0,0.0,0.0,No
86,32.0,Non-Travel,1474.0,Sales,11.0,Master,Other,1.0,Very High,Male,60.0,Very High,2.0,Sales Executive,High,Married,4707.0,23914.0,8.0,Y,No,12.0,Excellent,Very High,80.0,0.0,6.0,2.0,Excellent,4.0,2.0,1.0,2.0,Yes
87,35.0,Non-Travel,1097.0,Research & Development,11.0,College,Medical,1.0,High,Male,79.0,Good,3.0,Healthcare Representative,Low,Married,9883.999999999996,8302.0,2.0,Y,Yes,13.0,Excellent,High,80.0,1.0,10.0,3.0,Excellent,4.0,0.0,2.0,3.0,No
88,43.0,Travel_Rarely,920.0,Research & Development,3.0,Bachelor,Life Sciences,1.0,High,Male,96.0,Low,5.0,Research Director,Very High,Married,19739.999999999996,18625.0,3.0,Y,No,14.0,Excellent,Good,80.0,1.0,25.0,2.0,Excellent,8.0,7.0,0.0,7.0,No
89,33.0,Travel_Rarely,133.9999999999999,Research & Development,2.0,Bachelor,Life Sciences,1.0,High,Male,90.0,High,1.0,Research Scientist,Very High,Single,2500.0,10515.0,0.0,Y,No,14.0,Excellent,Low,80.0,0.0,4.0,2.0,Outstanding,3.0,1.0,0.0,2.0,No
90,37.0,Travel_Rarely,309.00000000000017,Sales,10.0,Master,Life Sciences,1.0,Very High,Female,88.0,Good,2.0,Sales Executive,Very High,Divorced,6694.0,24223.0,2.0,Y,Yes,14.0,Excellent,High,80.0,3.0,8.0,5.0,Excellent,1.0,0.0,0.0,0.0,No
91,27.0,Travel_Rarely,135.0,Research & Development,17.0,Master,Life Sciences,1.0,Very High,Female,51.0,High,1.0,Research Scientist,High,Single,2394.0,25681.0,1.0,Y,Yes,13.0,Excellent,Very High,80.0,0.0,8.0,2.0,Excellent,8.0,2.0,7.0,7.0,Yes
92,28.0,Travel_Rarely,1451.0,Research & Development,2.0,Below College,Life Sciences,1.0,Low,Male,67.0,Good,1.0,Research Scientist,Good,Married,3201.0,19911.0,0.0,Y,No,17.0,Excellent,Low,80.0,0.0,6.0,2.0,Low,5.0,3.0,0.0,4.0,No
93,27.0,Travel_Frequently,293.9999999999999,Research & Development,10.0,College,Life Sciences,1.0,Very High,Male,32.0,High,3.0,Manufacturing Director,Low,Divorced,8793.0,4809.0,1.0,Y,No,21.0,Outstanding,High,80.0,2.0,9.0,4.0,Good,9.0,7.0,1.0,7.0,No
94,37.0,Travel_Rarely,342.0,Sales,16.0,Master,Marketing,1.0,Very High,Male,66.0,Good,2.0,Sales Executive,High,Divorced,6334.0,24558.000000000004,4.0,Y,No,19.0,Excellent,Very High,80.0,2.0,9.0,2.0,Excellent,1.0,0.0,0.0,0.0,No
95,27.0,Travel_Rarely,199.0,Research & Development,6.0,Bachelor,Life Sciences,1.0,Very High,Male,55.0,Good,1.0,Research Scientist,High,Married,2539.0,7950.0,1.0,Y,No,13.0,Excellent,High,80.0,1.0,4.0,0.0,Excellent,4.0,2.0,2.0,2.0,No
96,37.0,Travel_Frequently,319.0,Sales,4.0,Master,Marketing,1.0,Low,Male,41.0,High,1.0,Sales Representative,Very High,Divorced,2793.0,2539.0,4.0,Y,No,17.0,Excellent,High,80.0,1.0,13.0,2.0,Excellent,9.0,8.0,5.0,8.0,No
97,31.0,Travel_Rarely,1062.0,Research & Development,24.0,Bachelor,Medical,1.0,High,Female,96.0,Good,2.0,Healthcare Representative,Low,Single,6812.0,17198.0,1.0,Y,No,19.0,Excellent,Good,80.0,0.0,10.0,2.0,Excellent,10.0,9.0,1.0,8.0,No
98,48.0,Travel_Rarely,715.0,Research & Development,1.0,Bachelor,Life Sciences,1.0,Very High,Male,76.0,Good,5.0,Research Director,Very High,Single,18265.0,8732.999999999996,6.0,Y,No,12.0,Excellent,High,80.0,0.0,25.0,3.0,Outstanding,1.0,0.0,0.0,0.0,No
99,36.0,Travel_Rarely,676.0,Research & Development,1.0,Bachelor,Other,1.0,High,Female,35.0,High,2.0,Manufacturing Director,Good,Married,5228.0,23361.0,0.0,Y,No,15.0,Excellent,Low,80.0,1.0,10.0,2.0,Excellent,9.0,7.0,0.0,5.0,No
100,37.0,Travel_Rarely,977.0000000000001,Research & Development,1.0,Bachelor,Life Sciences,1.0,Very High,Female,56.0,Good,2.0,Manufacturing Director,Very High,Married,6474.0,9961.0,1.0,Y,No,13.0,Excellent,Good,80.0,1.0,14.0,2.0,Good,14.0,8.0,3.0,11.0,No
101,38.0,Travel_Rarely,702.0,Sales,1.0,Master,Life Sciences,1.0,Low,Female,59.0,Good,2.0,Sales Executive,Very High,Single,8686.000000000002,12930.0,4.0,Y,No,22.0,Outstanding,High,80.0,0.0,12.0,2.0,Outstanding,8.0,3.0,0.0,7.0,No
102,32.0,Travel_Rarely,117.0,Sales,13.0,Master,Life Sciences,1.0,Good,Male,73.0,High,2.0,Sales Executive,Very High,Divorced,4403.0,9250.0,2.0,Y,No,11.0,Excellent,High,80.0,1.0,8.0,3.0,Good,5.0,2.0,0.0,3.0,No
103,28.0,Travel_Rarely,857.0,Research & Development,10.0,Bachelor,Other,1.0,High,Female,59.0,High,2.0,Research Scientist,High,Single,3660.0,7908.999999999999,3.0,Y,No,13.0,Excellent,Very High,80.0,0.0,10.0,4.0,Outstanding,8.0,7.0,1.0,7.0,No
104,43.0,Travel_Frequently,957.0,Research & Development,28.0,Bachelor,Medical,1.0,Good,Female,72.0,Very High,1.0,Research Scientist,High,Single,4739.0,16090.0,4.0,Y,No,12.0,Excellent,Very High,80.0,0.0,18.0,2.0,Excellent,3.0,2.0,1.0,2.0,No
105,30.0,Travel_Rarely,1465.0,Research & Development,1.0,Bachelor,Medical,1.0,Very High,Male,63.0,High,1.0,Research Scientist,Good,Married,3579.0,9368.999999999998,0.0,Y,Yes,21.0,Outstanding,Low,80.0,1.0,12.0,2.0,Excellent,11.0,9.0,5.0,7.0,No
106,33.0,Non-Travel,722.0,Sales,17.0,Bachelor,Life Sciences,1.0,Very High,Male,38.0,High,4.0,Manager,High,Single,17443.999999999996,20489.0,1.0,Y,No,11.0,Excellent,Very High,80.0,0.0,10.0,2.0,Excellent,10.0,8.0,6.0,0.0,No
107,43.0,Travel_Rarely,177.0,Research & Development,8.0,Bachelor,Life Sciences,1.0,Low,Female,55.0,High,2.0,Manufacturing Director,Good,Divorced,4765.0,23814.0,4.0,Y,No,21.0,Outstanding,High,80.0,1.0,4.0,2.0,Outstanding,1.0,0.0,0.0,0.0,No
108,42.0,Travel_Frequently,457.9999999999999,Research & Development,26.0,Doctor,Medical,1.0,Low,Female,60.0,High,3.0,Research Director,Low,Married,13191.000000000002,23281.0,3.0,Y,Yes,17.0,Excellent,High,80.0,0.0,20.0,6.0,Excellent,1.0,0.0,0.0,0.0,No
109,37.0,Travel_Rarely,921.0,Research & Development,10.0,Bachelor,Medical,1.0,High,Female,98.0,High,1.0,Laboratory Technician,Low,Married,3452.0,17663.0,6.0,Y,No,20.0,Outstanding,Good,80.0,1.0,17.0,3.0,Excellent,5.0,4.0,0.0,3.0,No
110,24.0,Travel_Frequently,535.0,Sales,24.0,Bachelor,Medical,1.0,Very High,Male,38.0,High,1.0,Sales Representative,Very High,Married,2399.9999999999995,5530.0,0.0,Y,No,13.0,Excellent,High,80.0,2.0,3.0,3.0,Excellent,2.0,2.0,2.0,1.0,No
111,37.0,Non-Travel,1063.0,Research & Development,25.0,Doctor,Medical,1.0,Good,Female,72.0,High,2.0,Research Scientist,High,Married,4449.0,23866.0,3.0,Y,Yes,15.0,Excellent,Low,80.0,2.0,15.0,2.0,Excellent,13.0,11.0,10.0,7.0,No
112,37.0,Travel_Rarely,558.0,Sales,2.0,Bachelor,Marketing,1.0,Very High,Male,75.0,High,2.0,Sales Executive,High,Married,9602.0,3010.0,4.0,Y,Yes,11.0,Excellent,High,80.0,1.0,17.0,3.0,Good,3.0,0.0,1.0,0.0,No
113,40.0,Travel_Frequently,1395.0000000000005,Research & Development,26.0,Bachelor,Medical,1.0,Good,Female,54.0,High,2.0,Research Scientist,Good,Divorced,5605.0,8503.999999999996,1.0,Y,No,11.0,Excellent,Low,80.0,1.0,20.0,2.0,Excellent,20.0,7.0,2.0,13.0,No
114,55.0,Travel_Rarely,435.99999999999994,Sales,2.0,Below College,Medical,1.0,High,Male,37.0,High,2.0,Sales Executive,Very High,Single,5160.0,21519.0,4.0,Y,No,16.0,Excellent,High,80.0,0.0,12.0,3.0,Good,9.0,7.0,7.0,3.0,Yes
115,34.0,Travel_Rarely,506.99999999999994,Sales,15.0,College,Medical,1.0,High,Female,66.0,High,2.0,Sales Executive,Low,Single,6125.0,23553.0,1.0,Y,No,12.0,Excellent,Very High,80.0,0.0,10.0,6.0,Outstanding,10.0,8.0,9.0,6.0,No
116,18.0,Travel_Rarely,812.0,Sales,10.0,Bachelor,Medical,1.0,Very High,Female,69.0,Good,1.0,Sales Representative,High,Single,1199.999999999999,9724.0,1.0,Y,No,12.0,Excellent,Low,80.0,0.0,0.0,2.0,Excellent,0.0,0.0,0.0,0.0,No
117,41.0,Travel_Rarely,333.99999999999994,Sales,2.0,Master,Life Sciences,1.0,Very High,Male,88.0,High,4.0,Manager,Good,Single,16014.999999999996,15896.0,1.0,Y,No,19.0,Excellent,Good,80.0,0.0,22.0,2.0,Excellent,22.0,10.0,0.0,4.0,No
118,44.0,Travel_Frequently,383.0,Sales,1.0,Doctor,Marketing,1.0,Low,Female,79.0,High,2.0,Sales Executive,High,Married,4768.0,9282.0,7.0,Y,No,12.0,Excellent,High,80.0,1.0,11.0,4.0,Good,1.0,0.0,0.0,0.0,No
119,42.0,Travel_Rarely,691.0,Sales,8.0,Master,Marketing,1.0,High,Male,48.0,High,2.0,Sales Executive,Good,Married,6825.0,21173.0,0.0,Y,No,11.0,Excellent,Very High,80.0,1.0,10.0,2.0,Excellent,9.0,7.0,4.0,2.0,No
120,51.0,Travel_Rarely,313.0,Research & Development,3.0,Bachelor,Medical,1.0,Very High,Female,98.0,High,4.0,Healthcare Representative,Good,Single,13734.000000000002,7192.000000000002,3.0,Y,No,18.0,Excellent,High,80.0,0.0,21.0,6.0,Excellent,7.0,7.0,1.0,0.0,No
121,32.0,Travel_Rarely,514.9999999999998,Research & Development,1.0,Bachelor,Life Sciences,1.0,Very High,Male,62.0,Good,1.0,Laboratory Technician,High,Single,3730.0,9571.0,0.0,Y,Yes,14.0,Excellent,Very High,80.0,0.0,4.0,2.0,Low,3.0,2.0,1.0,2.0,Yes
122,31.0,Travel_Rarely,688.0,Sales,7.0,Bachelor,Life Sciences,1.0,High,Male,44.0,Good,3.0,Manager,Very High,Divorced,11557.000000000004,25291.0,9.0,Y,No,21.0,Outstanding,High,80.0,1.0,10.0,3.0,Good,5.0,4.0,0.0,1.0,No
123,31.0,Travel_Frequently,853.0,Research & Development,1.0,Below College,Life Sciences,1.0,High,Female,96.0,High,2.0,Manufacturing Director,Low,Married,4148.0,11275.000000000002,1.0,Y,No,12.0,Excellent,High,80.0,1.0,4.0,1.0,Excellent,4.0,3.0,0.0,3.0,No
124,30.0,Travel_Frequently,109.0,Research & Development,5.0,Bachelor,Medical,1.0,Good,Female,60.0,High,1.0,Laboratory Technician,Good,Single,2422.0,25725.0,0.0,Y,No,17.0,Excellent,Low,80.0,0.0,4.0,3.0,Excellent,3.0,2.0,1.0,2.0,Yes
125,36.0,Travel_Rarely,329.0,Research & Development,2.0,Bachelor,Life Sciences,1.0,Very High,Female,96.0,High,1.0,Research Scientist,High,Married,2543.0,11868.0,4.0,Y,No,13.0,Excellent,Good,80.0,1.0,6.0,3.0,Excellent,2.0,2.0,2.0,2.0,No
126,28.0,Travel_Rarely,895.0,Research & Development,15.0,College,Life Sciences,1.0,Low,Male,50.0,High,1.0,Laboratory Technician,High,Divorced,2207.0,22482.0,1.0,Y,No,16.0,Excellent,Very High,80.0,1.0,4.0,5.0,Good,4.0,2.0,2.0,2.0,No
127,30.0,Travel_Rarely,1176.0,Research & Development,20.0,Bachelor,Other,1.0,High,Male,85.0,High,2.0,Manufacturing Director,Low,Married,9957.0,9096.0,0.0,Y,No,15.0,Excellent,High,80.0,1.0,7.0,1.0,Good,6.0,2.0,0.0,2.0,No
128,35.0,Travel_Rarely,890.0,Sales,2.0,Bachelor,Marketing,1.0,Very High,Female,97.0,High,1.0,Sales Representative,Very High,Married,2014.0,9687.0,1.0,Y,No,13.0,Excellent,Low,80.0,0.0,2.0,3.0,Excellent,2.0,2.0,2.0,2.0,No
129,59.0,Travel_Rarely,1429.0,Research & Development,18.0,Master,Medical,1.0,Very High,Male,67.0,High,3.0,Manufacturing Director,Very High,Single,10512.0,20002.0,6.0,Y,No,12.0,Excellent,Very High,80.0,0.0,25.0,6.0,Good,9.0,7.0,5.0,4.0,No
130,39.0,Non-Travel,1485.0,Research & Development,25.0,College,Life Sciences,1.0,High,Male,71.0,High,3.0,Healthcare Representative,High,Married,10920.000000000004,3449.0,3.0,Y,No,21.0,Outstanding,Good,80.0,1.0,13.0,2.0,Excellent,6.0,4.0,0.0,5.0,No
131,29.0,Travel_Frequently,441.99999999999994,Sales,2.0,College,Life Sciences,1.0,Good,Male,44.0,High,2.0,Sales Executive,Very High,Single,4554.0,20260.0,1.0,Y,No,18.0,Excellent,Low,80.0,0.0,10.0,3.0,Good,10.0,7.0,0.0,9.0,No
132,34.0,Travel_Frequently,988.0,Human Resources,23.0,Bachelor,Human Resources,1.0,Good,Female,43.0,High,3.0,Human Resources,Low,Divorced,9950.0,11533.0,9.0,Y,Yes,15.0,Excellent,High,80.0,3.0,11.0,2.0,Excellent,3.0,2.0,0.0,2.0,Yes
133,36.0,Travel_Rarely,506.0,Research & Development,3.0,Bachelor,Technical Degree,1.0,High,Male,30.0,High,2.0,Research Scientist,Good,Single,4485.0,26285.0,4.0,Y,No,12.0,Excellent,Very High,80.0,0.0,10.0,2.0,Excellent,8.0,0.0,7.0,7.0,No
134,30.0,Travel_Rarely,201.0,Research & Development,5.0,Bachelor,Technical Degree,1.0,Very High,Female,84.0,High,1.0,Research Scientist,Low,Divorced,3204.0,10415.0,5.0,Y,No,14.0,Excellent,Very High,80.0,1.0,8.0,3.0,Excellent,3.0,2.0,2.0,2.0,No
135,27.0,Travel_Rarely,269.0000000000001,Research & Development,5.0,Below College,Technical Degree,1.0,High,Male,42.0,Good,3.0,Research Director,Very High,Divorced,12808.0,8842.0,1.0,Y,Yes,16.0,Excellent,Good,80.0,1.0,9.0,3.0,Excellent,9.0,8.0,0.0,8.0,No
136,43.0,Travel_Rarely,1001.0,Research & Development,7.0,Bachelor,Life Sciences,1.0,High,Female,43.0,High,3.0,Healthcare Representative,Low,Married,9985.0,9262.0,8.0,Y,No,16.0,Excellent,Low,80.0,1.0,10.0,1.0,Good,1.0,0.0,0.0,0.0,No
137,38.0,Travel_Rarely,343.00000000000017,Research & Development,15.0,College,Life Sciences,1.0,High,Male,92.0,Good,3.0,Research Director,Very High,Divorced,11510.0,15682.0,0.0,Y,Yes,14.0,Excellent,Good,80.0,1.0,12.0,3.0,Excellent,11.0,10.0,2.0,9.0,No
138,31.0,Travel_Frequently,793.0,Sales,20.0,Bachelor,Life Sciences,1.0,High,Male,67.0,Very High,1.0,Sales Representative,Very High,Married,2791.0,21981.0,0.0,Y,No,12.0,Excellent,Low,80.0,1.0,3.0,4.0,Excellent,2.0,2.0,2.0,2.0,No
139,30.0,Travel_Rarely,500.99999999999983,Sales,27.0,Doctor,Marketing,1.0,High,Male,99.0,High,2.0,Sales Executive,Very High,Divorced,5304.0,25275.0,7.0,Y,No,23.0,Outstanding,Very High,80.0,1.0,10.0,2.0,Good,8.0,7.0,7.0,7.0,No
140,44.0,Travel_Rarely,1448.0,Sales,28.0,Bachelor,Medical,1.0,Very High,Female,53.0,Very High,4.0,Sales Executive,Very High,Married,13320.000000000004,11737.0,3.0,Y,Yes,18.0,Excellent,High,80.0,1.0,23.0,2.0,Excellent,12.0,11.0,11.0,11.0,No
141,23.0,Travel_Rarely,649.9999999999999,Research & Development,9.0,Below College,Medical,1.0,Good,Male,37.0,High,1.0,Laboratory Technician,Low,Married,2500.0,4344.0,1.0,Y,No,14.0,Excellent,Very High,80.0,1.0,5.0,2.0,Outstanding,4.0,3.0,0.0,2.0,No
142,21.0,Travel_Rarely,1334.0,Research & Development,10.0,Bachelor,Life Sciences,1.0,High,Female,36.0,Good,1.0,Laboratory Technician,Low,Single,1416.0000000000005,17258.0,1.0,Y,No,13.0,Excellent,Low,80.0,0.0,1.0,6.0,Good,1.0,0.0,1.0,0.0,Yes
143,31.0,Travel_Rarely,1222.0,Research & Development,11.0,Master,Life Sciences,1.0,Very High,Male,48.0,High,1.0,Research Scientist,Very High,Married,2355.9999999999995,14871.0,3.0,Y,Yes,19.0,Excellent,Good,80.0,1.0,8.0,2.0,Excellent,6.0,4.0,0.0,2.0,No
144,46.0,Travel_Rarely,377.0000000000001,Sales,9.0,Bachelor,Marketing,1.0,Low,Male,52.0,High,3.0,Sales Executive,Very High,Divorced,10096.0,15986.0,4.0,Y,No,11.0,Excellent,Low,80.0,1.0,28.0,1.0,Outstanding,7.0,7.0,4.0,3.0,Yes
145,53.0,Travel_Rarely,346.0000000000003,Research & Development,6.0,Bachelor,Life Sciences,1.0,Very High,Male,86.0,High,2.0,Laboratory Technician,Very High,Single,2450.000000000002,10919.0,2.0,Y,No,17.0,Excellent,Very High,80.0,0.0,19.0,4.0,Excellent,2.0,2.0,2.0,2.0,No
146,49.0,Travel_Rarely,1418.0,Research & Development,1.0,Bachelor,Technical Degree,1.0,High,Female,36.0,High,1.0,Research Scientist,Low,Married,3580.0,10554.0,2.0,Y,No,16.0,Excellent,Good,80.0,1.0,7.0,2.0,Excellent,4.0,2.0,0.0,2.0,No
147,46.0,Travel_Rarely,1003.0,Research & Development,8.0,Master,Life Sciences,1.0,Very High,Female,74.0,Good,2.0,Research Scientist,Low,Divorced,4615.0,21029.0,8.0,Y,Yes,23.0,Outstanding,Low,80.0,3.0,19.0,2.0,Excellent,16.0,13.0,1.0,7.0,No
148,31.0,Travel_Rarely,139.9999999999999,Research & Development,12.0,Below College,Medical,1.0,High,Female,95.0,High,1.0,Research Scientist,Very High,Married,3929.0,6983.999999999999,8.0,Y,Yes,23.0,Outstanding,High,80.0,1.0,7.0,0.0,Excellent,4.0,2.0,0.0,2.0,No
149,58.0,Travel_Rarely,1055.0,Research & Development,1.0,Bachelor,Medical,1.0,Very High,Female,76.0,High,5.0,Research Director,Low,Married,19701.0,22456.0,3.0,Y,Yes,21.0,Outstanding,High,80.0,1.0,32.0,3.0,Excellent,9.0,8.0,1.0,5.0,No
150,34.0,Non-Travel,1065.0,Sales,23.0,Master,Marketing,1.0,Good,Male,72.0,High,2.0,Sales Executive,High,Single,4568.0,10034.0,0.0,Y,No,20.0,Outstanding,High,80.0,0.0,10.0,2.0,Excellent,9.0,5.0,8.0,7.0,No
151,35.0,Travel_Frequently,664.0,Research & Development,1.0,Bachelor,Medical,1.0,Good,Male,79.0,High,1.0,Research Scientist,Low,Married,2194.0,5868.0,4.0,Y,No,13.0,Excellent,Very High,80.0,1.0,5.0,2.0,Good,3.0,2.0,1.0,2.0,No
152,32.0,Travel_Rarely,333.99999999999994,Research & Development,5.0,College,Life Sciences,1.0,Low,Male,80.0,Very High,1.0,Research Scientist,Good,Divorced,3298.0,15053.0,0.0,Y,Yes,12.0,Excellent,Very High,80.0,2.0,7.0,5.0,Good,6.0,2.0,0.0,5.0,No
153,35.0,Travel_Rarely,144.0,Research & Development,22.0,Bachelor,Life Sciences,1.0,Very High,Male,46.0,Low,1.0,Laboratory Technician,High,Single,4230.0,19225.0,0.0,Y,No,15.0,Excellent,High,80.0,0.0,6.0,2.0,Excellent,5.0,4.0,4.0,3.0,No
154,19.0,Travel_Rarely,265.0,Research & Development,25.0,Bachelor,Life Sciences,1.0,Good,Female,57.0,Very High,1.0,Research Scientist,Very High,Single,2994.0,21221.0,1.0,Y,Yes,12.0,Excellent,Very High,80.0,0.0,1.0,2.0,Excellent,1.0,0.0,0.0,1.0,No
155,28.0,Travel_Rarely,866.0000000000001,Sales,5.0,Bachelor,Medical,1.0,Very High,Male,84.0,High,2.0,Sales Executive,Low,Single,8463.0,23489.999999999996,0.0,Y,No,18.0,Excellent,Very High,80.0,0.0,6.0,4.0,Excellent,5.0,4.0,1.0,3.0,No
156,32.0,Travel_Rarely,1045.0,Sales,4.0,Master,Medical,1.0,Very High,Male,32.0,Low,3.0,Sales Executive,Very High,Married,10400.0,25812.0,1.0,Y,No,11.0,Excellent,High,80.0,0.0,14.0,2.0,Good,14.0,8.0,9.0,8.0,Yes
157,43.0,Travel_Frequently,421.99999999999994,Research & Development,1.0,Bachelor,Life Sciences,1.0,Very High,Female,33.0,High,2.0,Healthcare Representative,Very High,Married,5562.0,21782.0,4.0,Y,No,13.0,Excellent,Good,80.0,1.0,12.0,2.0,Good,5.0,2.0,2.0,2.0,No
158,37.0,Travel_Rarely,367.0,Research & Development,25.0,College,Medical,1.0,High,Female,52.0,Good,2.0,Healthcare Representative,Very High,Divorced,5731.000000000001,17171.0,7.0,Y,No,13.0,Excellent,High,80.0,2.0,9.0,2.0,Excellent,6.0,2.0,1.0,3.0,No
159,38.0,Travel_Rarely,1260.9999999999998,Research & Development,2.0,Master,Life Sciences,1.0,Very High,Male,88.0,High,2.0,Manufacturing Director,High,Married,6553.0,7258.999999999998,9.0,Y,No,14.0,Excellent,Good,80.0,0.0,14.0,3.0,Excellent,1.0,0.0,0.0,0.0,No
160,30.0,Travel_Rarely,1240.0,Human Resources,9.0,Bachelor,Human Resources,1.0,High,Male,48.0,High,2.0,Human Resources,Very High,Married,6347.0,13982.0,0.0,Y,Yes,19.0,Excellent,Very High,80.0,0.0,12.0,2.0,Low,11.0,9.0,4.0,7.0,No
161,53.0,Travel_Rarely,1436.0,Sales,6.0,College,Marketing,1.0,Good,Male,34.0,High,2.0,Sales Representative,High,Married,2305.9999999999995,16047.0,2.0,Y,Yes,20.0,Outstanding,Very High,80.0,1.0,13.0,3.0,Low,7.0,7.0,4.0,5.0,No
162,42.0,Travel_Rarely,635.0,Sales,1.0,Below College,Life Sciences,1.0,Good,Male,99.0,High,2.0,Sales Executive,High,Married,4907.0,24532.0,1.0,Y,No,25.0,Outstanding,High,80.0,0.0,20.0,3.0,Excellent,20.0,16.0,11.0,6.0,No
163,30.0,Travel_Frequently,159.9999999999999,Research & Development,3.0,Bachelor,Medical,1.0,High,Female,71.0,High,1.0,Research Scientist,High,Divorced,2083.0,22653.0,1.0,Y,No,20.0,Outstanding,High,80.0,1.0,1.0,2.0,Excellent,1.0,0.0,0.0,0.0,No
164,25.0,Travel_Rarely,867.0,Sales,19.0,College,Marketing,1.0,High,Male,36.0,Good,1.0,Sales Representative,Good,Married,2413.0000000000005,18798.0,1.0,Y,Yes,18.0,Excellent,High,80.0,3.0,1.0,2.0,Excellent,1.0,0.0,0.0,0.0,Yes
165,53.0,Travel_Rarely,447.0,Research & Development,2.0,Bachelor,Medical,1.0,Very High,Male,39.0,Very High,4.0,Research Director,Good,Single,16598.0,19764.0,4.0,Y,No,12.0,Excellent,Good,80.0,0.0,35.0,2.0,Good,9.0,8.0,8.0,8.0,No
166,29.0,Travel_Rarely,1090.0000000000002,Sales,10.0,Bachelor,Marketing,1.0,Very High,Male,83.0,High,1.0,Sales Representative,Good,Divorced,2296.9999999999995,17967.0,1.0,Y,No,14.0,Excellent,Very High,80.0,2.0,2.0,2.0,Excellent,2.0,2.0,2.0,2.0,No
167,42.0,Travel_Frequently,481.0,Sales,12.0,Bachelor,Life Sciences,1.0,High,Male,44.0,High,4.0,Sales Executive,Low,Single,13757.999999999998,2447.0,0.0,Y,Yes,12.0,Excellent,Good,80.0,0.0,22.0,2.0,Good,21.0,9.0,13.0,14.0,Yes
168,34.0,Travel_Frequently,702.0,Research & Development,16.0,Master,Life Sciences,1.0,High,Female,100.0,Good,1.0,Research Scientist,Very High,Single,2553.0000000000005,8306.0,1.0,Y,No,16.0,Excellent,High,80.0,0.0,6.0,3.0,Excellent,5.0,2.0,1.0,3.0,No
169,28.0,Travel_Rarely,1169.0,Human Resources,8.0,College,Medical,1.0,Good,Male,63.0,Good,1.0,Human Resources,Very High,Divorced,4936.0,23965.0,1.0,Y,No,13.0,Excellent,Very High,80.0,1.0,6.0,6.0,Excellent,5.0,1.0,0.0,4.0,No
170,43.0,Travel_Rarely,1034.0,Sales,16.0,Bachelor,Marketing,1.0,Very High,Female,80.0,High,4.0,Manager,Very High,Married,16063.999999999996,7744.0,5.0,Y,Yes,22.0,Outstanding,High,80.0,1.0,22.0,3.0,Excellent,17.0,13.0,1.0,9.0,No
171,37.0,Travel_Rarely,227.99999999999966,Sales,6.0,Master,Medical,1.0,High,Male,98.0,High,2.0,Sales Executive,Very High,Married,6501.999999999999,22825.0,4.0,Y,No,14.0,Excellent,Good,80.0,1.0,7.0,5.0,Outstanding,5.0,4.0,0.0,1.0,No
172,44.0,Travel_Rarely,1112.0,Human Resources,1.0,Master,Life Sciences,1.0,Low,Female,50.0,Good,2.0,Human Resources,High,Single,5985.0,26894.0,4.0,Y,No,11.0,Excellent,Good,80.0,0.0,10.0,1.0,Outstanding,2.0,2.0,0.0,2.0,No
173,34.0,Non-Travel,999.0,Research & Development,26.0,Below College,Technical Degree,1.0,Low,Female,92.0,Good,1.0,Research Scientist,High,Divorced,2029.0,15891.0,1.0,Y,No,20.0,Outstanding,High,80.0,3.0,5.0,2.0,Excellent,5.0,4.0,0.0,0.0,No
174,28.0,Travel_Rarely,303.9999999999999,Sales,9.0,Master,Life Sciences,1.0,Good,Male,92.0,High,2.0,Sales Executive,Very High,Single,5253.0,20750.0,1.0,Y,No,16.0,Excellent,Very High,80.0,0.0,7.0,1.0,Excellent,7.0,5.0,0.0,7.0,No
175,40.0,Travel_Rarely,300.0,Sales,26.0,Bachelor,Marketing,1.0,High,Male,74.0,High,2.0,Sales Executive,Low,Married,8396.0,22217.0,1.0,Y,No,14.0,Excellent,Good,80.0,1.0,8.0,3.0,Good,7.0,7.0,7.0,5.0,No
176,34.0,Travel_Rarely,1111.0,Sales,8.0,College,Life Sciences,1.0,High,Female,93.0,High,2.0,Sales Executive,Low,Married,6500.0,13305.0,5.0,Y,No,17.0,Excellent,Good,80.0,1.0,6.0,1.0,Excellent,3.0,2.0,1.0,2.0,No
177,44.0,Travel_Rarely,625.0,Research & Development,4.0,Bachelor,Medical,1.0,Very High,Male,50.0,High,2.0,Healthcare Representative,Good,Single,5933.0,5197.0,9.0,Y,No,12.0,Excellent,Very High,80.0,0.0,10.0,2.0,Good,5.0,2.0,2.0,3.0,No
178,25.0,Travel_Rarely,180.0,Research & Development,2.0,Below College,Medical,1.0,Low,Male,65.0,Very High,1.0,Research Scientist,Low,Single,3424.0,21632.0,7.0,Y,No,13.0,Excellent,High,80.0,0.0,6.0,3.0,Good,4.0,3.0,0.0,1.0,No
179,34.0,Travel_Rarely,699.0,Research & Development,6.0,Below College,Medical,1.0,Good,Male,83.0,High,1.0,Research Scientist,Low,Single,2960.0,17102.0,2.0,Y,No,11.0,Excellent,High,80.0,0.0,8.0,2.0,Excellent,4.0,2.0,1.0,3.0,Yes
180,60.0,Travel_Rarely,421.99999999999994,Research & Development,7.0,Bachelor,Life Sciences,1.0,Low,Female,41.0,High,5.0,Manager,Low,Married,19566.0,3854.000000000002,5.0,Y,No,11.0,Excellent,Very High,80.0,0.0,33.0,5.0,Low,29.0,8.0,11.0,10.0,No
181,32.0,Travel_Rarely,601.0,Sales,7.0,Doctor,Marketing,1.0,Very High,Male,97.0,High,2.0,Sales Executive,Very High,Married,9204.0,23343.0,4.0,Y,No,12.0,Excellent,High,80.0,1.0,7.0,3.0,Good,4.0,3.0,0.0,3.0,No
182,36.0,Travel_Rarely,188.0,Research & Development,7.0,Master,Other,1.0,Good,Male,65.0,High,1.0,Research Scientist,Very High,Single,4678.0,23293.0,2.0,Y,No,18.0,Excellent,High,80.0,0.0,8.0,6.0,Excellent,6.0,2.0,0.0,1.0,No
183,32.0,Non-Travel,1109.0,Research & Development,29.0,Master,Medical,1.0,Very High,Female,69.0,High,1.0,Laboratory Technician,High,Single,4025.0,11134.999999999998,9.0,Y,No,12.0,Excellent,Good,80.0,0.0,10.0,2.0,Excellent,8.0,7.0,7.0,7.0,No
184,42.0,Travel_Rarely,1147.0,Human Resources,10.0,Bachelor,Human Resources,1.0,High,Female,31.0,High,4.0,Manager,Low,Married,16799.0,16616.0,0.0,Y,No,14.0,Excellent,High,80.0,1.0,21.0,5.0,Excellent,20.0,7.0,0.0,9.0,No
185,40.0,Travel_Rarely,575.0,Sales,22.0,College,Marketing,1.0,High,Male,68.0,Good,2.0,Sales Executive,High,Married,6380.0,6109.999999999997,2.0,Y,Yes,12.0,Excellent,Low,80.0,2.0,8.0,6.0,Excellent,6.0,4.0,1.0,0.0,Yes
186,25.0,Travel_Rarely,240.00000000000023,Sales,5.0,Bachelor,Marketing,1.0,High,Male,46.0,Good,2.0,Sales Executive,High,Single,5743.999999999999,26959.0,1.0,Y,Yes,11.0,Excellent,Very High,80.0,0.0,6.0,1.0,Excellent,6.0,4.0,0.0,3.0,Yes
187,24.0,Travel_Rarely,1127.0,Research & Development,18.0,Below College,Life Sciences,1.0,Good,Male,52.0,High,1.0,Laboratory Technician,High,Married,2774.0,13257.0,0.0,Y,No,12.0,Excellent,High,80.0,1.0,6.0,2.0,Excellent,5.0,3.0,1.0,2.0,No
188,35.0,Travel_Rarely,1137.0,Research & Development,21.0,Below College,Life Sciences,1.0,Very High,Female,51.0,High,2.0,Healthcare Representative,Very High,Married,4014.0,19170.0,1.0,Y,Yes,25.0,Outstanding,Very High,80.0,1.0,10.0,2.0,Low,10.0,6.0,0.0,7.0,No
189,48.0,Travel_Rarely,817.0,Sales,2.0,Below College,Marketing,1.0,Good,Male,56.0,Very High,2.0,Sales Executive,Good,Married,8119.999999999997,18597.0,3.0,Y,No,12.0,Excellent,Very High,80.0,0.0,12.0,3.0,Excellent,2.0,2.0,2.0,2.0,No
190,50.0,Travel_Rarely,1126.0,Research & Development,1.0,College,Medical,1.0,Very High,Male,66.0,High,4.0,Research Director,Very High,Divorced,17398.999999999996,6614.999999999997,9.0,Y,No,22.0,Outstanding,High,80.0,1.0,32.0,1.0,Good,5.0,4.0,1.0,3.0,No
191,54.0,Travel_Rarely,685.0,Research & Development,3.0,Bachelor,Life Sciences,1.0,Very High,Male,85.0,High,4.0,Research Director,Very High,Married,17779.000000000004,23474.0,3.0,Y,No,14.0,Excellent,Low,80.0,0.0,36.0,2.0,Excellent,10.0,9.0,0.0,9.0,No
192,30.0,Travel_Rarely,202.0,Sales,2.0,Below College,Technical Degree,1.0,High,Male,72.0,High,1.0,Sales Representative,Good,Married,2476.000000000001,17434.0,1.0,Y,No,18.0,Excellent,Low,80.0,1.0,1.0,3.0,Excellent,1.0,0.0,0.0,0.0,No
193,31.0,Travel_Rarely,542.0,Sales,20.0,Bachelor,Life Sciences,1.0,Good,Female,71.0,Low,2.0,Sales Executive,High,Married,4559.0,24788.0,3.0,Y,Yes,11.0,Excellent,High,80.0,1.0,4.0,2.0,Excellent,2.0,2.0,2.0,2.0,Yes
194,39.0,Travel_Rarely,1162.0,Sales,3.0,College,Medical,1.0,Very High,Female,41.0,High,2.0,Sales Executive,High,Married,5238.0,17778.0,4.0,Y,Yes,18.0,Excellent,Low,80.0,0.0,12.0,3.0,Good,1.0,0.0,0.0,0.0,Yes
195,51.0,Travel_Frequently,1150.0,Research & Development,8.0,Master,Life Sciences,1.0,Low,Male,53.0,Low,3.0,Manufacturing Director,Very High,Single,10650.0,25150.0,2.0,Y,No,15.0,Excellent,Very High,80.0,0.0,18.0,2.0,Excellent,4.0,2.0,0.0,3.0,Yes
196,44.0,Non-Travel,981.0,Research & Development,5.0,Bachelor,Life Sciences,1.0,High,Male,90.0,Good,1.0,Laboratory Technician,High,Single,3162.0,7973.0,3.0,Y,No,14.0,Excellent,Very High,80.0,0.0,7.0,5.0,Excellent,5.0,2.0,0.0,3.0,No
197,50.0,Travel_Rarely,989.0,Research & Development,7.0,College,Medical,1.0,Good,Female,43.0,Good,5.0,Research Director,High,Divorced,18740.0,16701.0,5.0,Y,Yes,12.0,Excellent,Very High,80.0,1.0,29.0,2.0,Good,27.0,3.0,13.0,8.0,No
198,32.0,Travel_Rarely,548.0,Research & Development,1.0,Bachelor,Life Sciences,1.0,Good,Male,66.0,High,2.0,Research Scientist,Good,Married,6220.0,7345.999999999999,1.0,Y,No,17.0,Excellent,Good,80.0,2.0,10.0,3.0,Excellent,10.0,4.0,0.0,9.0,No
199,44.0,Travel_Rarely,1199.0,Research & Development,4.0,College,Life Sciences,1.0,High,Male,92.0,Very High,5.0,Manager,Low,Divorced,19190.0,17477.0,1.0,Y,No,14.0,Excellent,Very High,80.0,2.0,26.0,4.0,Good,25.0,9.0,14.0,13.0,No
200,53.0,Travel_Rarely,1219.0,Sales,2.0,Master,Life Sciences,1.0,Low,Female,78.0,Good,4.0,Manager,Very High,Married,15426.999999999984,22021.0,2.0,Y,No,16.0,Excellent,High,80.0,0.0,31.0,3.0,Excellent,25.0,8.0,3.0,7.0,No
201,55.0,Travel_Rarely,1117.0,Sales,18.0,Doctor,Life Sciences,1.0,Low,Female,83.0,High,4.0,Manager,Good,Single,16835.0,9872.999999999998,3.0,Y,No,23.0,Outstanding,Very High,80.0,0.0,37.0,2.0,Excellent,10.0,9.0,7.0,7.0,No
202,38.0,Non-Travel,152.0,Sales,10.0,Bachelor,Technical Degree,1.0,High,Female,85.0,High,2.0,Sales Executive,Very High,Single,5666.0,19899.0,1.0,Y,Yes,13.0,Excellent,Good,80.0,0.0,6.0,1.0,Excellent,5.0,3.0,1.0,3.0,No
203,34.0,Travel_Rarely,1107.0,Human Resources,9.0,Master,Technical Degree,1.0,Low,Female,52.0,High,1.0,Human Resources,High,Married,2742.0,3072.0,1.0,Y,No,15.0,Excellent,Very High,80.0,0.0,2.0,0.0,Excellent,2.0,2.0,2.0,2.0,Yes
204,36.0,Travel_Rarely,796.0,Research & Development,12.0,Doctor,Medical,1.0,Very High,Female,51.0,Good,3.0,Manufacturing Director,Very High,Single,8858.0,15669.0,0.0,Y,No,11.0,Excellent,Good,80.0,0.0,15.0,2.0,Good,14.0,8.0,7.0,8.0,No
205,57.0,Travel_Rarely,333.99999999999994,Research & Development,24.0,College,Life Sciences,1.0,High,Male,83.0,Very High,3.0,Healthcare Representative,Very High,Divorced,9439.000000000002,23402.0,3.0,Y,Yes,16.0,Excellent,Good,80.0,1.0,12.0,2.0,Low,5.0,3.0,1.0,4.0,No
206,36.0,Travel_Rarely,171.9999999999999,Research & Development,4.0,Master,Life Sciences,1.0,Low,Male,37.0,Good,2.0,Laboratory Technician,Very High,Single,5810.0,22603.999999999996,1.0,Y,No,16.0,Excellent,High,80.0,0.0,10.0,2.0,Good,10.0,4.0,1.0,8.0,No
207,28.0,Travel_Rarely,529.0,Research & Development,2.0,Master,Life Sciences,1.0,Low,Male,79.0,High,1.0,Laboratory Technician,High,Single,3484.9999999999995,14935.0,2.0,Y,No,11.0,Excellent,High,80.0,0.0,5.0,5.0,Low,0.0,0.0,0.0,0.0,Yes
208,35.0,Travel_Rarely,538.0,Research & Development,25.0,College,Other,1.0,Low,Male,54.0,Good,2.0,Laboratory Technician,Very High,Single,3681.0,14004.0,4.0,Y,No,14.0,Excellent,Very High,80.0,0.0,9.0,3.0,Excellent,3.0,2.0,0.0,2.0,No
209,27.0,Travel_Frequently,1409.9999999999998,Sales,3.0,Below College,Medical,1.0,Very High,Female,71.0,Very High,2.0,Sales Executive,Very High,Divorced,4647.0,16673.0,1.0,Y,Yes,20.0,Outstanding,Good,80.0,2.0,6.0,3.0,Excellent,6.0,5.0,0.0,4.0,No
210,37.0,Travel_Rarely,807.0,Human Resources,6.0,Master,Human Resources,1.0,High,Male,63.0,High,1.0,Human Resources,Low,Divorced,2073.0,23648.0,4.0,Y,Yes,22.0,Outstanding,Very High,80.0,0.0,7.0,3.0,Excellent,3.0,2.0,0.0,2.0,Yes
211,50.0,Travel_Rarely,869.0,Sales,3.0,College,Marketing,1.0,Low,Male,86.0,Good,1.0,Sales Representative,High,Married,2682.9999999999995,3809.9999999999964,1.0,Y,Yes,14.0,Excellent,High,80.0,0.0,3.0,2.0,Excellent,3.0,2.0,0.0,2.0,Yes
212,45.0,Non-Travel,1195.0,Research & Development,2.0,College,Medical,1.0,Low,Male,65.0,Good,4.0,Manager,Very High,Married,16792.0,20462.0,9.0,Y,No,23.0,Outstanding,Very High,80.0,1.0,22.0,1.0,Excellent,20.0,8.0,11.0,8.0,No
213,27.0,Travel_Frequently,829.0,Sales,8.0,Below College,Marketing,1.0,High,Male,84.0,High,2.0,Sales Executive,Very High,Married,4342.0,24008.0,0.0,Y,No,19.0,Excellent,Good,80.0,1.0,5.0,3.0,Excellent,4.0,2.0,1.0,1.0,No
214,41.0,Travel_Rarely,1276.0,Sales,2.0,Doctor,Life Sciences,1.0,Good,Female,91.0,High,4.0,Manager,Low,Married,16595.0,5626.0,7.0,Y,No,16.0,Excellent,Good,80.0,1.0,22.0,2.0,Excellent,18.0,16.0,11.0,8.0,No
215,30.0,Non-Travel,1116.0,Research & Development,2.0,Bachelor,Medical,1.0,High,Female,49.0,High,1.0,Laboratory Technician,Very High,Single,2564.0,7181.0,0.0,Y,No,14.0,Excellent,High,80.0,0.0,12.0,2.0,Good,11.0,7.0,6.0,7.0,No
216,32.0,Non-Travel,861.9999999999999,Sales,2.0,Below College,Life Sciences,1.0,High,Female,76.0,High,1.0,Sales Representative,Low,Divorced,2826.9999999999995,14947.0,1.0,Y,No,12.0,Excellent,High,80.0,3.0,1.0,3.0,Excellent,1.0,0.0,0.0,0.0,No
217,55.0,Travel_Rarely,692.0,Research & Development,14.0,Master,Medical,1.0,High,Male,61.0,Very High,5.0,Research Director,Good,Single,18722.0,13339.0,8.0,Y,No,11.0,Excellent,Very High,80.0,0.0,36.0,3.0,Excellent,24.0,15.0,2.0,15.0,No
218,32.0,Travel_Rarely,1089.0,Research & Development,7.0,College,Life Sciences,1.0,Very High,Male,79.0,High,2.0,Laboratory Technician,High,Married,4883.0,22845.0,1.0,Y,No,18.0,Excellent,Low,80.0,1.0,10.0,3.0,Excellent,10.0,4.0,1.0,1.0,Yes
219,54.0,Travel_Frequently,965.9999999999997,Research & Development,1.0,Master,Life Sciences,1.0,Very High,Female,53.0,High,3.0,Manufacturing Director,High,Divorced,10502.0,9659.0,7.0,Y,No,17.0,Excellent,Low,80.0,1.0,33.0,2.0,Low,5.0,4.0,1.0,4.0,No
220,44.0,Travel_Rarely,1097.0,Research & Development,10.0,Master,Life Sciences,1.0,High,Male,96.0,High,1.0,Research Scientist,High,Single,2935.9999999999995,10826.0,1.0,Y,Yes,11.0,Excellent,High,80.0,0.0,6.0,4.0,Excellent,6.0,4.0,0.0,2.0,Yes
221,32.0,Travel_Rarely,646.0,Research & Development,9.0,Master,Life Sciences,1.0,Low,Female,92.0,High,2.0,Research Scientist,Very High,Married,6322.0,18089.0,1.0,Y,Yes,12.0,Excellent,Very High,80.0,1.0,6.0,2.0,Good,6.0,4.0,0.0,5.0,No
222,33.0,Non-Travel,1038.0,Sales,8.0,Below College,Life Sciences,1.0,Good,Female,88.0,Good,1.0,Sales Representative,Very High,Single,2342.0,21437.0,0.0,Y,No,19.0,Excellent,Very High,80.0,0.0,3.0,2.0,Good,2.0,2.0,2.0,2.0,No
223,27.0,Non-Travel,691.0,Research & Development,9.0,Bachelor,Medical,1.0,Very High,Male,57.0,High,1.0,Research Scientist,Good,Divorced,2024.0,5970.000000000002,6.0,Y,No,18.0,Excellent,Very High,80.0,1.0,6.0,1.0,Low,2.0,2.0,2.0,2.0,No
224,33.0,Travel_Rarely,1198.0,Research & Development,1.0,Master,Other,1.0,High,Male,100.0,Good,1.0,Research Scientist,Low,Single,2799.0,3339.0,3.0,Y,Yes,11.0,Excellent,Good,80.0,0.0,6.0,1.0,Excellent,3.0,2.0,0.0,2.0,No
225,47.0,Non-Travel,666.0,Research & Development,29.0,Master,Life Sciences,1.0,Low,Male,88.0,High,3.0,Manager,Good,Married,11848.999999999998,10267.999999999998,1.0,Y,Yes,12.0,Excellent,Very High,80.0,1.0,10.0,2.0,Good,10.0,7.0,9.0,9.0,Yes
226,19.0,Non-Travel,504.0,Research & Development,10.0,Bachelor,Medical,1.0,Low,Female,96.0,Good,1.0,Research Scientist,Good,Single,1859.0,6148.000000000001,1.0,Y,Yes,25.0,Outstanding,Good,80.0,0.0,1.0,2.0,Outstanding,1.0,1.0,0.0,0.0,Yes
227,37.0,Non-Travel,1040.0,Research & Development,2.0,College,Life Sciences,1.0,High,Male,100.0,Good,2.0,Healthcare Representative,Very High,Divorced,5163.0,15850.0,5.0,Y,No,14.0,Excellent,Very High,80.0,1.0,17.0,2.0,Outstanding,1.0,0.0,0.0,0.0,No
228,56.0,Travel_Rarely,1369.0,Research & Development,23.0,Bachelor,Life Sciences,1.0,Very High,Male,68.0,High,4.0,Manufacturing Director,Good,Married,13401.999999999995,18235.0,4.0,Y,Yes,12.0,Excellent,Low,80.0,1.0,33.0,0.0,Excellent,19.0,16.0,15.0,9.0,No
229,29.0,Travel_Rarely,153.0,Research & Development,15.0,College,Life Sciences,1.0,Very High,Female,49.0,Good,2.0,Laboratory Technician,High,Single,4193.0,12682.0,0.0,Y,Yes,12.0,Excellent,Very High,80.0,0.0,10.0,3.0,Excellent,9.0,5.0,0.0,8.0,No
230,38.0,Travel_Rarely,849.0,Research & Development,25.0,College,Life Sciences,1.0,Low,Female,81.0,Good,3.0,Research Director,Good,Married,12061.000000000007,26707.0,3.0,Y,No,17.0,Excellent,High,80.0,1.0,19.0,2.0,Excellent,10.0,8.0,0.0,1.0,No
231,42.0,Travel_Rarely,1332.0,Research & Development,2.0,Master,Other,1.0,Low,Male,98.0,Good,2.0,Healthcare Representative,Very High,Single,6781.0,17078.0,3.0,Y,No,23.0,Outstanding,Good,80.0,0.0,14.0,6.0,Excellent,1.0,0.0,0.0,0.0,No
232,54.0,Travel_Rarely,1441.0,Research & Development,17.0,Bachelor,Technical Degree,1.0,High,Female,56.0,High,3.0,Manufacturing Director,High,Married,10739.000000000002,13943.0,8.0,Y,No,11.0,Excellent,High,80.0,1.0,22.0,2.0,Excellent,10.0,7.0,0.0,8.0,No
233,29.0,Travel_Rarely,1327.9999999999998,Research & Development,2.0,Bachelor,Life Sciences,1.0,High,Male,76.0,High,1.0,Research Scientist,Good,Married,2703.0,4955.999999999998,0.0,Y,No,23.0,Outstanding,Very High,80.0,1.0,6.0,3.0,Excellent,5.0,4.0,0.0,4.0,No
234,26.0,Travel_Frequently,1283.0,Sales,1.0,Bachelor,Medical,1.0,High,Male,52.0,Good,2.0,Sales Executive,Low,Single,4294.0,11148.0,1.0,Y,No,12.0,Excellent,Good,80.0,0.0,7.0,2.0,Excellent,7.0,7.0,0.0,7.0,No
235,37.0,Non-Travel,1252.0,Sales,19.0,College,Medical,1.0,Low,Male,32.0,High,3.0,Sales Executive,Good,Single,7642.0,4814.0,1.0,Y,Yes,13.0,Excellent,Very High,80.0,0.0,10.0,2.0,Excellent,10.0,0.0,0.0,9.0,No
236,31.0,Travel_Rarely,655.0,Research & Development,7.0,Master,Life Sciences,1.0,Very High,Male,48.0,High,2.0,Laboratory Technician,Very High,Divorced,5915.0,9528.0,3.0,Y,No,22.0,Outstanding,Very High,80.0,1.0,10.0,3.0,Good,7.0,7.0,1.0,7.0,No
237,45.0,Travel_Frequently,306.0000000000001,Sales,26.0,Master,Life Sciences,1.0,Low,Female,100.0,High,2.0,Sales Executive,Low,Married,4286.0,5630.0,2.0,Y,No,14.0,Excellent,Very High,80.0,2.0,5.0,4.0,Excellent,1.0,1.0,0.0,0.0,Yes
238,43.0,Travel_Rarely,589.0,Research & Development,14.0,College,Life Sciences,1.0,Good,Male,94.0,High,4.0,Research Director,Low,Married,17159.000000000007,5200.0,6.0,Y,No,24.0,Outstanding,High,80.0,1.0,22.0,3.0,Excellent,4.0,1.0,1.0,0.0,No
239,29.0,Travel_Rarely,986.0,Research & Development,3.0,Master,Medical,1.0,Good,Male,93.0,Good,3.0,Research Director,High,Married,11934.999999999996,21526.0,1.0,Y,No,18.0,Excellent,High,80.0,0.0,10.0,2.0,Excellent,10.0,2.0,0.0,7.0,No
240,30.0,Travel_Rarely,230.9999999999999,Sales,8.0,College,Other,1.0,High,Male,62.0,High,3.0,Sales Executive,High,Divorced,7264.0,9977.0,5.0,Y,No,11.0,Excellent,Low,80.0,1.0,10.0,2.0,Outstanding,8.0,4.0,7.0,7.0,No
241,40.0,Travel_Frequently,530.0,Research & Development,1.0,Master,Life Sciences,1.0,High,Male,78.0,Good,4.0,Healthcare Representative,Good,Married,13503.000000000002,14115.0,1.0,Y,No,22.0,Outstanding,Very High,80.0,1.0,22.0,3.0,Good,22.0,3.0,11.0,11.0,No
242,56.0,Travel_Frequently,906.0,Sales,6.0,Bachelor,Life Sciences,1.0,High,Female,86.0,Very High,4.0,Sales Executive,Low,Married,13212.000000000002,18256.0,9.0,Y,No,11.0,Excellent,Very High,80.0,3.0,36.0,0.0,Good,7.0,7.0,7.0,7.0,No
243,25.0,Travel_Rarely,1372.0,Sales,18.0,Below College,Life Sciences,1.0,Low,Male,93.0,Very High,2.0,Sales Executive,High,Married,6232.0,12477.0,2.0,Y,No,11.0,Excellent,Good,80.0,0.0,6.0,3.0,Good,3.0,2.0,1.0,2.0,No
244,42.0,Non-Travel,179.0,Human Resources,2.0,Doctor,Medical,1.0,Very High,Male,79.0,Very High,2.0,Human Resources,Low,Married,6272.0,12858.0,7.0,Y,No,16.0,Excellent,Low,80.0,1.0,10.0,3.0,Outstanding,4.0,3.0,0.0,3.0,No
245,32.0,Travel_Frequently,967.0,Sales,8.0,Bachelor,Marketing,1.0,Good,Female,43.0,High,3.0,Sales Executive,Very High,Single,8998.000000000002,15588.999999999998,1.0,Y,No,14.0,Excellent,Very High,80.0,0.0,9.0,2.0,Excellent,9.0,8.0,3.0,7.0,No
246,32.0,Travel_Frequently,430.00000000000006,Research & Development,24.0,Master,Life Sciences,1.0,Low,Male,80.0,High,2.0,Laboratory Technician,Very High,Married,5308.999999999999,21146.0,1.0,Y,No,15.0,Excellent,Very High,80.0,2.0,10.0,2.0,Excellent,10.0,8.0,4.0,7.0,No
247,55.0,Travel_Rarely,147.0,Research & Development,20.0,College,Technical Degree,1.0,Good,Male,37.0,High,2.0,Laboratory Technician,Very High,Married,5415.0,15972.0,3.0,Y,Yes,19.0,Excellent,Very High,80.0,1.0,12.0,4.0,Excellent,10.0,7.0,0.0,8.0,No
248,27.0,Non-Travel,1277.0,Research & Development,8.0,Doctor,Life Sciences,1.0,Low,Male,87.0,Low,1.0,Laboratory Technician,High,Married,4621.0,5868.999999999998,1.0,Y,No,19.0,Excellent,Very High,80.0,3.0,3.0,4.0,Excellent,3.0,2.0,1.0,2.0,No
249,38.0,Travel_Frequently,1186.0,Research & Development,3.0,Master,Other,1.0,High,Male,44.0,High,1.0,Research Scientist,High,Married,2821.0000000000005,2997.0,3.0,Y,No,16.0,Excellent,Low,80.0,1.0,8.0,2.0,Excellent,2.0,2.0,2.0,2.0,No
250,37.0,Travel_Frequently,1231.0,Sales,21.0,College,Medical,1.0,High,Female,54.0,High,1.0,Sales Representative,Very High,Married,2972.9999999999995,21222.0,5.0,Y,No,15.0,Excellent,Good,80.0,1.0,10.0,3.0,Excellent,5.0,4.0,0.0,0.0,No
251,26.0,Travel_Frequently,496.0,Research & Development,11.0,College,Medical,1.0,Low,Male,60.0,High,2.0,Healthcare Representative,Low,Married,4741.0,22722.0,1.0,Y,Yes,13.0,Excellent,High,80.0,1.0,5.0,3.0,Excellent,5.0,3.0,3.0,3.0,No
252,45.0,Travel_Rarely,252.0,Research & Development,1.0,Bachelor,Other,1.0,High,Male,70.0,Very High,5.0,Manager,Very High,Married,19202.0,15970.0,0.0,Y,No,11.0,Excellent,High,80.0,1.0,25.0,2.0,Excellent,24.0,0.0,1.0,7.0,No
253,26.0,Travel_Rarely,1443.0,Sales,23.0,Bachelor,Marketing,1.0,High,Female,47.0,Good,2.0,Sales Executive,Very High,Married,4157.0,21436.0,7.0,Y,Yes,19.0,Excellent,High,80.0,1.0,5.0,2.0,Good,2.0,2.0,0.0,0.0,No
254,41.0,Travel_Rarely,802.0,Sales,9.0,Below College,Life Sciences,1.0,High,Male,96.0,High,3.0,Sales Executive,High,Divorced,8189.000000000002,21196.0,3.0,Y,Yes,13.0,Excellent,High,80.0,1.0,12.0,2.0,Excellent,9.0,7.0,0.0,7.0,No
255,19.0,Travel_Rarely,645.0,Research & Development,9.0,College,Life Sciences,1.0,High,Male,54.0,High,1.0,Research Scientist,Low,Single,2552.0000000000005,7172.0,1.0,Y,No,25.0,Outstanding,High,80.0,0.0,1.0,4.0,Excellent,1.0,1.0,0.0,0.0,No
256,40.0,Travel_Rarely,629.9999999999999,Sales,4.0,Master,Marketing,1.0,High,Male,67.0,Good,3.0,Sales Executive,Very High,Married,10855.0,8552.0,7.0,Y,No,11.0,Excellent,Low,80.0,1.0,15.0,2.0,Good,12.0,11.0,2.0,11.0,No
257,43.0,Travel_Frequently,559.0,Research & Development,10.0,Master,Life Sciences,1.0,High,Female,82.0,Good,2.0,Laboratory Technician,High,Divorced,5257.0,6226.999999999999,1.0,Y,No,11.0,Excellent,Good,80.0,1.0,9.0,3.0,Outstanding,9.0,7.0,0.0,0.0,No
258,35.0,Non-Travel,727.0,Research & Development,3.0,Bachelor,Life Sciences,1.0,High,Male,41.0,Good,1.0,Laboratory Technician,High,Married,1281.0000000000005,16900.0,1.0,Y,No,18.0,Excellent,High,80.0,2.0,1.0,3.0,Excellent,1.0,0.0,0.0,0.0,No
259,52.0,Travel_Rarely,621.0,Sales,3.0,Master,Marketing,1.0,High,Male,31.0,Good,4.0,Manager,Low,Married,16856.0,10084.0,1.0,Y,No,11.0,Excellent,Low,80.0,0.0,34.0,3.0,Outstanding,33.99999999999993,6.0,1.0,16.000000000000007,No
260,49.0,Travel_Rarely,470.0,Research & Development,20.0,Master,Medical,1.0,High,Female,96.0,High,2.0,Manufacturing Director,Low,Married,6566.999999999999,5549.0,1.0,Y,No,14.0,Excellent,High,80.0,0.0,16.0,2.0,Good,15.0,11.0,5.0,11.0,No
261,37.0,Non-Travel,1413.0,Research & Development,5.0,College,Technical Degree,1.0,High,Male,84.0,Very High,1.0,Laboratory Technician,High,Single,3500.0,25470.0,0.0,Y,No,14.0,Excellent,Low,80.0,0.0,7.0,2.0,Low,6.0,5.0,1.0,3.0,No
262,43.0,Travel_Frequently,313.0,Research & Development,21.0,Bachelor,Medical,1.0,Very High,Male,61.0,High,1.0,Laboratory Technician,Very High,Married,2258.0,15238.0,7.0,Y,No,20.0,Outstanding,Low,80.0,1.0,8.0,1.0,Excellent,3.0,2.0,1.0,2.0,No
263,23.0,Travel_Rarely,541.0,Sales,2.0,Below College,Technical Degree,1.0,High,Male,62.0,High,1.0,Sales Representative,Low,Divorced,2322.0,9518.0,3.0,Y,No,13.0,Excellent,High,80.0,1.0,3.0,3.0,Excellent,0.0,0.0,0.0,0.0,No
264,55.0,Travel_Rarely,836.0000000000002,Research & Development,8.0,Bachelor,Medical,1.0,Very High,Female,33.0,High,4.0,Manager,High,Divorced,14756.000000000002,19730.0,2.0,Y,Yes,14.0,Excellent,High,80.0,3.0,21.0,2.0,Excellent,5.0,0.0,0.0,2.0,No
265,53.0,Travel_Rarely,101.99999999999989,Research & Development,23.0,Master,Life Sciences,1.0,Very High,Female,72.0,High,4.0,Research Director,Very High,Single,14275.000000000007,20206.0,6.0,Y,No,18.0,Excellent,High,80.0,0.0,33.0,0.0,Excellent,12.0,9.0,3.0,8.0,No
266,34.0,Travel_Frequently,669.0,Research & Development,1.0,Bachelor,Medical,1.0,Very High,Male,97.0,Good,2.0,Healthcare Representative,Low,Single,5343.0,25755.0,0.0,Y,No,20.0,Outstanding,High,80.0,0.0,14.0,3.0,Excellent,13.0,9.0,4.0,9.0,No
267,58.0,Travel_Rarely,289.0000000000001,Research & Development,2.0,Bachelor,Technical Degree,1.0,Very High,Male,51.0,High,1.0,Research Scientist,High,Single,2478.999999999999,26226.999999999996,4.0,Y,No,24.0,Outstanding,Low,80.0,0.0,7.0,4.0,Excellent,1.0,0.0,0.0,0.0,Yes
268,34.0,Travel_Frequently,618.0,Research & Development,3.0,Below College,Life Sciences,1.0,Low,Male,45.0,High,2.0,Healthcare Representative,Very High,Single,7755.999999999998,22266.0,0.0,Y,No,17.0,Excellent,High,80.0,0.0,7.0,1.0,Good,6.0,2.0,0.0,4.0,No
269,30.0,Non-Travel,829.0,Research & Development,1.0,Below College,Life Sciences,1.0,High,Male,88.0,Good,3.0,Manufacturing Director,High,Single,8474.0,20925.000000000004,1.0,Y,No,22.0,Outstanding,High,80.0,0.0,12.0,2.0,Excellent,11.0,8.0,5.0,8.0,No
270,32.0,Travel_Rarely,120.0,Research & Development,6.0,Doctor,Life Sciences,1.0,High,Male,43.0,High,1.0,Research Scientist,High,Single,3038.0,12430.0,3.0,Y,No,20.0,Outstanding,Low,80.0,0.0,8.0,2.0,Excellent,5.0,4.0,1.0,4.0,No
271,36.0,Travel_Rarely,1396.0,Research & Development,5.0,College,Life Sciences,1.0,Very High,Male,62.0,High,2.0,Laboratory Technician,Good,Single,5914.0,9945.0,8.0,Y,No,16.0,Excellent,Very High,80.0,0.0,16.0,3.0,Outstanding,13.0,11.0,3.0,7.0,No
272,40.0,Travel_Frequently,1184.0,Sales,2.0,Master,Medical,1.0,Good,Male,62.0,High,2.0,Sales Executive,Good,Married,4327.0,25440.0,5.0,Y,No,12.0,Excellent,Very High,80.0,3.0,5.0,2.0,Excellent,0.0,0.0,0.0,0.0,No
273,36.0,Non-Travel,1105.0,Research & Development,24.0,Master,Life Sciences,1.0,Good,Female,47.0,High,2.0,Laboratory Technician,Good,Married,5674.0,6927.0,7.0,Y,No,15.0,Excellent,High,80.0,1.0,11.0,3.0,Excellent,9.0,8.0,0.0,8.0,No
274,21.0,Travel_Rarely,391.0,Research & Development,15.0,College,Life Sciences,1.0,High,Male,96.0,High,1.0,Research Scientist,Very High,Single,1232.0,19281.000000000004,1.0,Y,No,14.0,Excellent,Very High,80.0,0.0,0.0,6.0,Excellent,0.0,0.0,0.0,0.0,No
275,34.0,Travel_Rarely,204.0000000000001,Sales,14.0,Bachelor,Technical Degree,1.0,High,Female,31.0,High,1.0,Sales Representative,High,Divorced,2579.0,2912.0,1.0,Y,Yes,18.0,Excellent,Very High,80.0,2.0,8.0,3.0,Excellent,8.0,2.0,0.0,6.0,No
276,34.0,Travel_Rarely,665.0,Research & Development,6.0,Master,Other,1.0,Low,Female,41.0,High,2.0,Research Scientist,High,Single,4809.0,12482.0,1.0,Y,No,14.0,Excellent,High,80.0,0.0,16.0,3.0,Excellent,16.0,13.0,2.0,10.0,No
277,39.0,Travel_Rarely,1383.0000000000002,Human Resources,2.0,Bachelor,Life Sciences,1.0,Very High,Female,42.0,Good,2.0,Human Resources,Very High,Married,5204.000000000001,7789.999999999998,8.0,Y,No,11.0,Excellent,High,80.0,2.0,13.0,2.0,Excellent,5.0,4.0,0.0,4.0,No
278,45.0,Travel_Rarely,549.0,Research & Development,8.0,Master,Other,1.0,Very High,Male,75.0,High,2.0,Research Scientist,Very High,Married,3697.0,9278.0,9.0,Y,No,14.0,Excellent,Low,80.0,2.0,12.0,3.0,Excellent,10.0,9.0,9.0,8.0,No
279,31.0,Travel_Frequently,307.0,Research & Development,29.0,College,Medical,1.0,High,Male,71.0,Good,1.0,Laboratory Technician,Good,Single,3479.0,11652.0,0.0,Y,No,11.0,Excellent,Good,80.0,0.0,6.0,2.0,Outstanding,5.0,4.0,1.0,4.0,Yes
280,38.0,Travel_Rarely,1035.0,Sales,3.0,Master,Life Sciences,1.0,Good,Male,42.0,High,2.0,Sales Executive,Very High,Single,6861.000000000001,4980.999999999998,8.0,Y,Yes,12.0,Excellent,High,80.0,0.0,19.0,1.0,Excellent,1.0,0.0,0.0,0.0,No
281,31.0,Travel_Frequently,1327.0,Research & Development,3.0,Master,Medical,1.0,Good,Male,73.0,High,3.0,Research Director,High,Divorced,13675.0,13523.0,9.0,Y,No,12.0,Excellent,Low,80.0,1.0,9.0,3.0,Excellent,2.0,2.0,2.0,2.0,No
282,26.0,Travel_Rarely,991.0,Research & Development,6.0,Bachelor,Life Sciences,1.0,High,Female,71.0,High,1.0,Laboratory Technician,Very High,Married,2659.0,17759.0,1.0,Y,Yes,13.0,Excellent,High,80.0,1.0,3.0,2.0,Excellent,3.0,2.0,0.0,2.0,No
283,30.0,Travel_Rarely,1138.0,Research & Development,6.0,Bachelor,Technical Degree,1.0,Low,Female,48.0,Good,2.0,Laboratory Technician,Very High,Married,4627.0,23631.0,0.0,Y,No,12.0,Excellent,Low,80.0,1.0,10.0,6.0,Excellent,9.0,2.0,6.0,7.0,No
284,34.0,Travel_Rarely,943.0,Research & Development,9.0,Bachelor,Life Sciences,1.0,Very High,Male,86.0,High,3.0,Healthcare Representative,Very High,Divorced,8500.000000000004,5494.000000000002,0.0,Y,No,11.0,Excellent,Very High,80.0,1.0,10.0,0.0,Good,9.0,7.0,1.0,6.0,No
285,35.0,Travel_Rarely,735.0000000000001,Research & Development,6.0,Below College,Life Sciences,1.0,High,Male,66.0,High,1.0,Research Scientist,High,Married,3505.9999999999973,6020.0,0.0,Y,Yes,14.0,Excellent,Very High,80.0,0.0,4.0,3.0,Excellent,3.0,2.0,2.0,2.0,No
286,27.0,Travel_Rarely,1240.0,Research & Development,2.0,Master,Life Sciences,1.0,Very High,Female,33.0,High,1.0,Laboratory Technician,Low,Divorced,2341.0,19715.0,1.0,Y,No,13.0,Excellent,Very High,80.0,1.0,1.0,6.0,Excellent,1.0,0.0,0.0,0.0,No
287,31.0,Travel_Rarely,691.0,Research & Development,5.0,Master,Technical Degree,1.0,High,Male,86.0,High,1.0,Research Scientist,Very High,Married,4821.0,10077.0,0.0,Y,Yes,12.0,Excellent,High,80.0,1.0,6.0,4.0,Excellent,5.0,2.0,0.0,3.0,No
288,39.0,Travel_Frequently,443.0,Research & Development,8.0,Below College,Life Sciences,1.0,High,Female,48.0,High,1.0,Laboratory Technician,High,Married,3755.0,17872.0,1.0,Y,No,11.0,Excellent,Low,80.0,1.0,8.0,3.0,Excellent,8.0,3.0,0.0,7.0,No
289,29.0,Travel_Rarely,1252.0,Research & Development,23.0,College,Life Sciences,1.0,High,Male,81.0,Very High,1.0,Research Scientist,High,Married,2700.0,23779.0,1.0,Y,No,24.0,Outstanding,High,80.0,1.0,10.0,3.0,Excellent,10.0,7.0,0.0,7.0,No
290,29.0,Travel_Rarely,121.0,Sales,27.0,Bachelor,Marketing,1.0,Good,Female,35.0,High,3.0,Sales Executive,Very High,Married,7639.0,24525.0,1.0,Y,No,22.0,Outstanding,Very High,80.0,3.0,10.0,3.0,Good,10.0,4.0,1.0,9.0,Yes
291,44.0,Travel_Rarely,934.9999999999999,Research & Development,3.0,Bachelor,Life Sciences,1.0,Low,Male,89.0,High,1.0,Laboratory Technician,Low,Married,2361.9999999999995,14668.999999999998,4.0,Y,No,12.0,Excellent,High,80.0,0.0,10.0,4.0,Outstanding,3.0,2.0,1.0,2.0,Yes
292,26.0,Travel_Rarely,841.0,Research & Development,6.0,Bachelor,Other,1.0,High,Female,46.0,Good,1.0,Research Scientist,Good,Married,2368.0,23300.0,1.0,Y,No,19.0,Excellent,High,80.0,0.0,5.0,3.0,Good,5.0,4.0,4.0,3.0,No
293,48.0,Travel_Rarely,163.0000000000001,Sales,2.0,Doctor,Marketing,1.0,Good,Female,37.0,High,2.0,Sales Executive,Very High,Married,4051.0,19658.0,2.0,Y,No,14.0,Excellent,Low,80.0,1.0,14.0,2.0,Excellent,9.0,7.0,6.0,7.0,No
294,38.0,Travel_Rarely,364.0000000000003,Research & Development,3.0,Doctor,Technical Degree,1.0,Very High,Female,32.0,High,2.0,Research Scientist,High,Single,4317.0,2302.0,3.0,Y,Yes,20.0,Outstanding,Good,80.0,0.0,19.0,2.0,Excellent,3.0,2.0,2.0,2.0,No
295,23.0,Travel_Rarely,1243.0,Research & Development,6.0,Bachelor,Life Sciences,1.0,High,Male,63.0,Very High,1.0,Laboratory Technician,Low,Married,1600.9999999999995,3445.0,1.0,Y,Yes,21.0,Outstanding,High,80.0,2.0,1.0,2.0,Excellent,0.0,0.0,0.0,0.0,Yes
296,50.0,Travel_Rarely,939.0,Research & Development,24.0,Bachelor,Life Sciences,1.0,Very High,Male,95.0,High,4.0,Manufacturing Director,High,Married,13973.000000000005,4161.0,3.0,Y,Yes,18.0,Excellent,Very High,80.0,1.0,22.0,2.0,Excellent,12.0,11.0,1.0,5.0,No
297,37.0,Travel_Rarely,1189.0,Sales,3.0,Bachelor,Life Sciences,1.0,High,Male,87.0,High,3.0,Sales Executive,Very High,Single,7428.0,14506.0,2.0,Y,No,12.0,Excellent,Low,80.0,0.0,12.0,3.0,Excellent,5.0,3.0,1.0,3.0,No
298,31.0,Travel_Rarely,1398.0,Human Resources,8.0,College,Medical,1.0,Very High,Female,96.0,Very High,1.0,Human Resources,Good,Single,2109.0,24609.0,9.0,Y,No,18.0,Excellent,Very High,80.0,0.0,8.0,3.0,Excellent,3.0,2.0,0.0,2.0,No
299,49.0,Travel_Rarely,1184.0,Sales,11.0,Bachelor,Marketing,1.0,High,Female,43.0,High,3.0,Sales Executive,Very High,Married,7654.0,5860.0,1.0,Y,No,18.0,Excellent,Low,80.0,2.0,9.0,3.0,Outstanding,9.0,8.0,7.0,7.0,Yes
300,34.0,Travel_Frequently,135.0,Research & Development,19.0,Bachelor,Medical,1.0,High,Female,46.0,High,2.0,Laboratory Technician,Good,Divorced,4444.0,22534.0,4.0,Y,No,13.0,Excellent,High,80.0,2.0,15.0,2.0,Outstanding,11.0,8.0,5.0,10.0,No
301,41.0,Travel_Rarely,1102.0,Sales,1.0,College,Life Sciences,1.0,Good,Female,94.0,High,2.0,Sales Executive,Very High,Single,5993.0,19479.0,8.0,Y,Yes,11.0,Excellent,Low,80.0,0.0,8.0,0.0,Low,6.0,4.0,0.0,5.0,Yes
302,34.0,Travel_Rarely,970.0,Research & Development,8.0,College,Medical,1.0,Good,Female,96.0,High,2.0,Healthcare Representative,High,Single,6142.0,7359.999999999999,3.0,Y,No,11.0,Excellent,Very High,80.0,0.0,10.0,2.0,Excellent,5.0,1.0,4.0,3.0,No
303,39.0,Travel_Frequently,505.00000000000006,Research & Development,2.0,Master,Technical Degree,1.0,High,Female,64.0,High,3.0,Healthcare Representative,High,Single,10938.0,6420.0,0.0,Y,No,25.0,Outstanding,Very High,80.0,0.0,20.0,1.0,Excellent,19.0,6.0,11.0,8.0,No
304,32.0,Travel_Frequently,1125.0,Research & Development,16.0,Below College,Life Sciences,1.0,Good,Female,72.0,Low,1.0,Research Scientist,Low,Single,3919.0,4681.0,1.0,Y,Yes,22.0,Outstanding,Good,80.0,0.0,10.0,5.0,Excellent,10.0,2.0,6.0,7.0,Yes
305,37.0,Travel_Frequently,889.0,Research & Development,9.0,Bachelor,Medical,1.0,Good,Male,53.0,High,1.0,Research Scientist,Very High,Married,2326.0,11411.0,1.0,Y,Yes,12.0,Excellent,High,80.0,3.0,4.0,3.0,Good,4.0,2.0,1.0,2.0,No
306,30.0,Travel_Rarely,138.0,Research & Development,22.0,Bachelor,Life Sciences,1.0,Low,Female,48.0,High,1.0,Research Scientist,High,Married,2131.9999999999995,11539.0,4.0,Y,Yes,11.0,Excellent,Good,80.0,0.0,7.0,2.0,Excellent,5.0,2.0,0.0,1.0,Yes
307,55.0,Travel_Rarely,452.0000000000001,Research & Development,1.0,Bachelor,Medical,1.0,Very High,Male,81.0,High,5.0,Manager,Low,Single,19045.0,18938.0,0.0,Y,Yes,14.0,Excellent,High,80.0,0.0,37.0,2.0,Excellent,36.00000000000006,10.0,4.0,13.0,No
308,37.0,Travel_Rarely,1225.0,Research & Development,10.0,College,Life Sciences,1.0,Very High,Male,80.0,Very High,1.0,Research Scientist,Very High,Single,4680.0,15232.0,3.0,Y,No,17.0,Excellent,Low,80.0,0.0,4.0,2.0,Excellent,1.0,0.0,0.0,0.0,No
309,35.0,Travel_Rarely,618.9999999999999,Sales,1.0,Bachelor,Marketing,1.0,Good,Male,85.0,High,2.0,Sales Executive,High,Married,4717.0,18659.0,9.0,Y,No,11.0,Excellent,High,80.0,0.0,15.0,2.0,Excellent,11.0,9.0,6.0,9.0,No
310,46.0,Travel_Frequently,638.0,Research & Development,1.0,Bachelor,Medical,1.0,High,Male,40.0,Good,3.0,Healthcare Representative,Low,Married,10673.0,3142.0,2.0,Y,Yes,13.0,Excellent,High,80.0,1.0,21.0,5.0,Good,10.0,9.0,9.0,5.0,No
311,36.0,Travel_Rarely,922.0,Research & Development,3.0,College,Life Sciences,1.0,Low,Female,39.0,High,1.0,Laboratory Technician,Very High,Divorced,2835.0,2561.0,5.0,Y,No,22.0,Outstanding,Low,80.0,1.0,7.0,2.0,Excellent,1.0,0.0,0.0,0.0,No
312,24.0,Non-Travel,1269.0,Research & Development,4.0,Below College,Life Sciences,1.0,Low,Male,46.0,Good,1.0,Laboratory Technician,Very High,Married,3162.0,10778.0,0.0,Y,No,17.0,Excellent,Very High,80.0,0.0,6.0,2.0,Good,5.0,2.0,3.0,4.0,No
313,50.0,Travel_Rarely,1464.0,Research & Development,2.0,Master,Medical,1.0,Good,Male,62.0,High,5.0,Research Director,High,Married,19237.0,12853.0,2.0,Y,Yes,11.0,Excellent,Very High,80.0,1.0,29.0,2.0,Good,8.0,1.0,7.0,7.0,No
314,32.0,Non-Travel,1184.0,Research & Development,1.0,Bachelor,Life Sciences,1.0,High,Female,70.0,Good,1.0,Laboratory Technician,Good,Married,2331.9999999999995,3974.0,6.0,Y,No,20.0,Outstanding,High,80.0,0.0,5.0,3.0,Excellent,3.0,0.0,0.0,2.0,No
315,34.0,Travel_Rarely,121.0,Research & Development,2.0,Master,Medical,1.0,High,Female,86.0,Good,1.0,Research Scientist,Low,Single,4381.0,7530.0,1.0,Y,No,11.0,Excellent,High,80.0,0.0,6.0,3.0,Excellent,6.0,5.0,1.0,3.0,No
316,26.0,Travel_Rarely,652.0,Research & Development,7.0,Bachelor,Other,1.0,High,Male,100.0,Very High,1.0,Laboratory Technician,Low,Single,3577.999999999999,23577.0,0.0,Y,No,12.0,Excellent,Very High,80.0,0.0,8.0,2.0,Excellent,7.0,7.0,0.0,7.0,No
317,33.0,Travel_Frequently,1141.0,Sales,1.0,Bachelor,Life Sciences,1.0,High,Female,42.0,Very High,2.0,Sales Executive,Low,Married,5376.0,3193.0,2.0,Y,No,19.0,Excellent,Low,80.0,2.0,10.0,3.0,Excellent,5.0,3.0,1.0,3.0,No
318,38.0,Travel_Frequently,1391.0000000000002,Research & Development,10.0,Below College,Medical,1.0,High,Male,66.0,High,1.0,Research Scientist,High,Married,2684.0,12127.0,0.0,Y,No,17.0,Excellent,Good,80.0,1.0,3.0,0.0,Good,2.0,1.0,0.0,2.0,No
319,37.0,Travel_Rarely,1462.0,Research & Development,11.0,Bachelor,Medical,1.0,Low,Female,94.0,High,1.0,Laboratory Technician,High,Single,3628.9999999999995,19106.0,4.0,Y,No,18.0,Excellent,Low,80.0,0.0,8.0,6.0,Excellent,3.0,2.0,0.0,2.0,No
320,35.0,Travel_Rarely,1276.0,Research & Development,16.0,Bachelor,Life Sciences,1.0,Very High,Male,72.0,High,3.0,Healthcare Representative,High,Married,7632.0,14295.000000000004,4.0,Y,Yes,12.0,Excellent,High,80.0,0.0,10.0,2.0,Excellent,8.0,7.0,0.0,0.0,No
321,32.0,Travel_Rarely,128.0,Research & Development,2.0,Below College,Technical Degree,1.0,Very High,Male,84.0,Good,2.0,Laboratory Technician,Low,Single,2176.0,19737.0,4.0,Y,No,13.0,Excellent,Very High,80.0,0.0,9.0,5.0,Excellent,6.0,2.0,0.0,4.0,No
322,38.0,Travel_Frequently,240.00000000000023,Research & Development,2.0,Master,Life Sciences,1.0,Low,Female,75.0,Very High,2.0,Manufacturing Director,Low,Single,5980.0,26084.999999999993,6.0,Y,Yes,12.0,Excellent,Very High,80.0,0.0,17.0,2.0,Excellent,15.0,7.0,4.0,12.0,No
323,39.0,Travel_Rarely,117.0,Research & Development,10.0,Below College,Medical,1.0,High,Male,99.0,High,4.0,Manager,Low,Married,17068.0,5354.999999999998,1.0,Y,Yes,14.0,Excellent,Very High,80.0,0.0,21.0,3.0,Excellent,21.0,9.0,11.0,10.0,No
324,33.0,Travel_Rarely,117.0,Research & Development,9.0,Bachelor,Medical,1.0,Low,Male,60.0,High,1.0,Research Scientist,Very High,Married,2781.0,6311.0,0.0,Y,No,13.0,Excellent,Good,80.0,1.0,15.0,5.0,Excellent,14.0,10.0,4.0,10.0,No
325,59.0,Travel_Rarely,326.0000000000001,Sales,3.0,Bachelor,Life Sciences,1.0,High,Female,48.0,Good,2.0,Sales Executive,Very High,Single,5171.0,16490.0,5.0,Y,No,17.0,Excellent,Very High,80.0,0.0,13.0,2.0,Excellent,6.0,1.0,0.0,5.0,No
326,36.0,Travel_Rarely,928.0,Sales,1.0,College,Life Sciences,1.0,Good,Male,56.0,High,2.0,Sales Executive,Very High,Married,6200.999999999999,2823.0,1.0,Y,Yes,14.0,Excellent,Very High,80.0,1.0,18.0,1.0,Good,18.0,14.0,4.0,11.0,No
327,37.0,Travel_Frequently,663.0,Research & Development,11.0,Bachelor,Other,1.0,Good,Male,47.0,High,3.0,Research Director,Very High,Divorced,12184.999999999967,10056.0,1.0,Y,Yes,14.0,Excellent,High,80.0,3.0,10.0,1.0,Excellent,10.0,8.0,0.0,7.0,No
328,28.0,Travel_Rarely,1117.0,Research & Development,8.0,College,Life Sciences,1.0,Very High,Female,66.0,High,1.0,Research Scientist,Very High,Single,3310.0,4488.0000000000055,1.0,Y,No,21.0,Outstanding,Very High,80.0,0.0,5.0,3.0,Excellent,5.0,3.0,0.0,2.0,No
329,49.0,Travel_Rarely,1245.0,Research & Development,18.0,Master,Life Sciences,1.0,Very High,Male,58.0,Good,5.0,Research Director,High,Divorced,19501.999999999996,2125.0,1.0,Y,Yes,17.0,Excellent,High,80.0,1.0,31.0,5.0,Excellent,31.0,9.0,0.0,9.0,No
330,34.0,Travel_Rarely,254.0,Research & Development,1.0,College,Life Sciences,1.0,Good,Male,83.0,Good,1.0,Research Scientist,Very High,Married,3621.9999999999995,22794.0,1.0,Y,Yes,13.0,Excellent,Very High,80.0,1.0,6.0,3.0,Excellent,6.0,5.0,1.0,3.0,No
331,35.0,Travel_Rarely,1204.0,Sales,4.0,Bachelor,Technical Degree,1.0,Very High,Male,86.0,High,3.0,Sales Executive,Low,Single,9582.0,10333.0,0.0,Y,Yes,22.0,Outstanding,Low,80.0,0.0,9.0,2.0,Excellent,8.0,7.0,4.0,7.0,Yes
332,27.0,Travel_Frequently,994.0,Sales,8.0,Bachelor,Life Sciences,1.0,Very High,Male,37.0,High,3.0,Sales Executive,High,Single,8726.0,2975.0,1.0,Y,No,15.0,Excellent,Very High,80.0,0.0,9.0,0.0,Excellent,9.0,8.0,1.0,7.0,No
333,48.0,Travel_Rarely,1355.0,Research & Development,4.0,Master,Life Sciences,1.0,High,Male,78.0,Good,3.0,Healthcare Representative,High,Single,10999.000000000004,22245.0,7.0,Y,No,14.0,Excellent,Good,80.0,0.0,27.0,3.0,Excellent,15.0,11.0,4.0,8.0,No
334,41.0,Travel_Rarely,933.0,Research & Development,9.0,Master,Life Sciences,1.0,High,Male,94.0,High,1.0,Laboratory Technician,Low,Married,2238.0,6961.0,2.0,Y,No,21.0,Outstanding,Very High,80.0,1.0,7.0,2.0,Excellent,5.0,0.0,1.0,4.0,No
335,36.0,Travel_Frequently,469.0,Research & Development,3.0,Bachelor,Technical Degree,1.0,High,Male,46.0,High,1.0,Research Scientist,Good,Married,3692.0,9256.0,1.0,Y,No,12.0,Excellent,High,80.0,0.0,12.0,2.0,Good,11.0,10.0,0.0,7.0,No
336,40.0,Non-Travel,1151.0,Research & Development,9.0,Doctor,Life Sciences,1.0,Very High,Male,63.0,Good,2.0,Healthcare Representative,Very High,Married,4876.0,14242.0,9.0,Y,No,14.0,Excellent,Very High,80.0,1.0,5.0,5.0,Low,3.0,2.0,0.0,2.0,No
337,31.0,Travel_Rarely,746.0,Research & Development,8.0,Master,Life Sciences,1.0,High,Female,61.0,High,2.0,Manufacturing Director,Very High,Single,4424.0,20682.0,1.0,Y,No,23.0,Outstanding,Very High,80.0,0.0,11.0,2.0,Excellent,11.0,7.0,1.0,8.0,No
338,20.0,Travel_Rarely,1362.0,Research & Development,10.0,Below College,Medical,1.0,Very High,Male,32.0,High,1.0,Research Scientist,High,Single,1008.9999999999995,26999.0,1.0,Y,Yes,11.0,Excellent,Very High,80.0,0.0,1.0,5.0,Excellent,1.0,0.0,1.0,1.0,Yes
339,36.0,Travel_Rarely,318.0,Research & Development,9.0,Bachelor,Medical,1.0,Very High,Male,79.0,Good,1.0,Research Scientist,High,Married,3387.999999999999,21777.0,0.0,Y,Yes,17.0,Excellent,Low,80.0,1.0,2.0,0.0,Good,1.0,0.0,0.0,0.0,Yes
340,35.0,Travel_Frequently,944.0,Sales,1.0,Bachelor,Marketing,1.0,High,Female,92.0,High,3.0,Sales Executive,High,Single,8789.0,9096.0,1.0,Y,No,14.0,Excellent,Low,80.0,0.0,10.0,3.0,Outstanding,10.0,7.0,0.0,8.0,No
341,24.0,Travel_Rarely,1206.0,Research & Development,17.0,Below College,Medical,1.0,Very High,Female,41.0,Good,2.0,Manufacturing Director,High,Divorced,4377.0,24117.0,1.0,Y,No,15.0,Excellent,Good,80.0,2.0,5.0,6.0,Excellent,4.0,2.0,3.0,2.0,No
342,23.0,Travel_Rarely,372.9999999999999,Research & Development,1.0,College,Life Sciences,1.0,Very High,Male,47.0,High,1.0,Research Scientist,High,Married,1223.0,16901.0,1.0,Y,No,22.0,Outstanding,Very High,80.0,1.0,1.0,2.0,Excellent,1.0,0.0,0.0,1.0,No
343,28.0,Travel_Rarely,1476.0,Research & Development,16.0,College,Medical,1.0,Good,Male,68.0,Very High,2.0,Healthcare Representative,Low,Single,5661.0,4824.0,0.0,Y,No,19.0,Excellent,High,80.0,0.0,9.0,2.0,Excellent,8.0,3.0,0.0,7.0,No
344,60.0,Travel_Rarely,1179.0,Sales,16.0,Master,Marketing,1.0,Low,Male,84.0,High,2.0,Sales Executive,Low,Single,5405.0,11924.0,8.0,Y,No,14.0,Excellent,Very High,80.0,0.0,10.0,1.0,Excellent,2.0,2.0,2.0,2.0,No
345,47.0,Travel_Frequently,1379.0,Research & Development,16.0,Master,Medical,1.0,High,Male,64.0,Very High,2.0,Manufacturing Director,High,Divorced,5067.0,6759.000000000001,1.0,Y,Yes,19.0,Excellent,High,80.0,0.0,20.0,3.0,Outstanding,19.0,10.0,2.0,7.0,No
346,41.0,Travel_Rarely,427.00000000000006,Human Resources,10.0,Master,Human Resources,1.0,Good,Male,73.0,Good,5.0,Manager,Very High,Divorced,19141.0,8861.0,3.0,Y,No,15.0,Excellent,Good,80.0,3.0,23.0,2.0,Good,21.0,6.0,12.0,6.0,No
347,24.0,Travel_Rarely,477.0,Research & Development,24.0,Bachelor,Medical,1.0,Very High,Male,49.0,High,1.0,Laboratory Technician,Good,Single,3597.0,6408.999999999998,8.0,Y,No,22.0,Outstanding,Very High,80.0,0.0,6.0,2.0,Excellent,4.0,3.0,1.0,2.0,No
348,29.0,Travel_Rarely,1086.0,Research & Development,7.0,Below College,Medical,1.0,Low,Female,62.0,Good,1.0,Laboratory Technician,Very High,Divorced,2531.9999999999995,6054.000000000002,6.0,Y,No,14.0,Excellent,High,80.0,3.0,8.0,5.0,Excellent,4.0,3.0,0.0,3.0,No
349,37.0,Travel_Frequently,504.0,Research & Development,10.0,Bachelor,Medical,1.0,Low,Male,61.0,High,3.0,Manufacturing Director,High,Divorced,10048.0,22573.0,6.0,Y,No,11.0,Excellent,Good,80.0,2.0,17.0,5.0,Excellent,1.0,0.0,0.0,0.0,Yes
350,55.0,Travel_Frequently,135.0,Research & Development,18.0,Master,Medical,1.0,High,Male,62.0,High,2.0,Healthcare Representative,Good,Married,6385.0,12992.0,3.0,Y,Yes,14.0,Excellent,Very High,80.0,2.0,17.0,3.0,Excellent,8.0,7.0,6.0,7.0,No
351,30.0,Travel_Rarely,852.0,Research & Development,1.0,Below College,Life Sciences,1.0,Very High,Male,55.0,Good,2.0,Laboratory Technician,Very High,Married,5126.0,15998.0,1.0,Y,Yes,12.0,Excellent,High,80.0,2.0,10.0,1.0,Good,10.0,8.0,3.0,0.0,No
352,26.0,Travel_Rarely,703.0,Sales,28.0,College,Marketing,1.0,Low,Male,66.0,High,2.0,Sales Executive,Good,Married,6272.0,7428.000000000003,1.0,Y,No,20.0,Outstanding,Very High,80.0,2.0,6.0,5.0,Outstanding,5.0,3.0,1.0,4.0,No
353,29.0,Travel_Rarely,318.0,Research & Development,8.0,Master,Other,1.0,Good,Male,77.0,Low,1.0,Laboratory Technician,Low,Married,2119.0,4759.0,1.0,Y,Yes,11.0,Excellent,Very High,80.0,0.0,7.0,4.0,Good,7.0,7.0,0.0,7.0,Yes
354,25.0,Travel_Rarely,688.0,Research & Development,3.0,Bachelor,Medical,1.0,Low,Male,91.0,High,1.0,Laboratory Technician,Low,Married,4031.0,9395.999999999996,5.0,Y,No,13.0,Excellent,High,80.0,1.0,6.0,5.0,Excellent,2.0,2.0,0.0,2.0,Yes
355,37.0,Travel_Rarely,1107.0,Research & Development,14.0,Bachelor,Life Sciences,1.0,Very High,Female,95.0,High,1.0,Laboratory Technician,Low,Divorced,3034.0,26914.0,1.0,Y,No,12.0,Excellent,High,80.0,1.0,18.0,2.0,Good,18.0,7.0,12.0,17.0,No
356,36.0,Travel_Rarely,1278.0,Human Resources,8.0,Bachelor,Life Sciences,1.0,Low,Male,77.0,Good,1.0,Human Resources,Low,Married,2342.0,8635.0,0.0,Y,No,21.0,Outstanding,High,80.0,0.0,6.0,3.0,Excellent,5.0,4.0,0.0,3.0,No
357,41.0,Non-Travel,906.0,Research & Development,5.0,College,Life Sciences,1.0,Low,Male,95.0,Good,1.0,Research Scientist,Low,Divorced,2107.0,20293.0,6.0,Y,No,17.0,Excellent,Low,80.0,1.0,5.0,2.0,Low,1.0,0.0,0.0,0.0,Yes
358,36.0,Travel_Rarely,1174.0,Sales,3.0,Master,Marketing,1.0,Low,Female,99.0,High,2.0,Sales Executive,Good,Single,9278.000000000004,20763.000000000004,3.0,Y,Yes,16.0,Excellent,Very High,80.0,0.0,15.0,3.0,Excellent,5.0,4.0,0.0,1.0,No
359,38.0,Travel_Rarely,1333.0,Research & Development,1.0,Bachelor,Technical Degree,1.0,Very High,Female,80.0,High,3.0,Research Director,Low,Married,13582.0,16292.0,1.0,Y,No,13.0,Excellent,Good,80.0,1.0,15.0,3.0,Excellent,15.0,12.0,5.0,11.0,No
360,38.0,Travel_Rarely,361.9999999999999,Research & Development,1.0,Below College,Life Sciences,1.0,High,Female,43.0,High,1.0,Research Scientist,Low,Single,2619.0000000000005,14560.999999999998,3.0,Y,No,17.0,Excellent,Very High,80.0,0.0,8.0,3.0,Good,0.0,0.0,0.0,0.0,No
361,51.0,Travel_Rarely,1318.0,Sales,26.0,Master,Marketing,1.0,Low,Female,66.0,High,4.0,Manager,High,Married,16307.000000000004,5594.0,2.0,Y,No,14.0,Excellent,High,80.0,1.0,29.0,2.0,Good,20.0,6.0,4.0,17.0,No
362,37.0,Travel_Rarely,1319.0,Research & Development,6.0,Bachelor,Medical,1.0,High,Male,51.0,Very High,2.0,Research Scientist,Low,Divorced,5974.0,17001.0,4.0,Y,Yes,13.0,Excellent,Low,80.0,2.0,13.0,2.0,Excellent,7.0,7.0,6.0,7.0,No
363,20.0,Travel_Frequently,871.0,Research & Development,6.0,Bachelor,Life Sciences,1.0,Very High,Female,66.0,Good,1.0,Laboratory Technician,Very High,Single,2926.0,19783.0,1.0,Y,Yes,18.0,Excellent,Good,80.0,0.0,1.0,5.0,Excellent,1.0,0.0,1.0,0.0,Yes
364,45.0,Travel_Rarely,974.0000000000001,Research & Development,1.0,Master,Medical,1.0,Very High,Female,91.0,High,1.0,Laboratory Technician,Very High,Divorced,2269.9999999999995,11005.0,3.0,Y,No,14.0,Excellent,Very High,80.0,2.0,8.0,2.0,Excellent,5.0,3.0,0.0,2.0,No
365,24.0,Travel_Rarely,984.0,Research & Development,17.0,College,Life Sciences,1.0,Very High,Female,97.0,High,1.0,Laboratory Technician,Good,Married,2209.9999999999995,3372.0,1.0,Y,No,13.0,Excellent,Low,80.0,1.0,1.0,3.0,Low,1.0,0.0,0.0,0.0,Yes
366,52.0,Travel_Rarely,956.0,Research & Development,6.0,College,Technical Degree,1.0,Very High,Male,78.0,High,2.0,Research Scientist,Low,Divorced,5577.0,22087.0,3.0,Y,Yes,12.0,Excellent,Good,80.0,2.0,18.0,3.0,Excellent,10.0,9.0,6.0,9.0,No
367,49.0,Travel_Rarely,1260.9999999999998,Research & Development,7.0,Bachelor,Other,1.0,Good,Male,31.0,Good,3.0,Healthcare Representative,High,Single,10965.0,12066.0,8.0,Y,No,24.0,Outstanding,High,80.0,0.0,26.0,2.0,Excellent,5.0,2.0,0.0,0.0,No
368,19.0,Travel_Rarely,528.0,Sales,22.0,Below College,Marketing,1.0,Very High,Male,50.0,High,1.0,Sales Representative,High,Single,1675.0,26820.000000000004,1.0,Y,Yes,19.0,Excellent,Very High,80.0,0.0,0.0,2.0,Good,0.0,0.0,0.0,0.0,Yes
369,24.0,Non-Travel,673.0,Research & Development,11.0,College,Other,1.0,Low,Female,96.0,Very High,2.0,Manufacturing Director,High,Divorced,4011.0,8232.0,0.0,Y,No,18.0,Excellent,Very High,80.0,1.0,5.0,5.0,Good,4.0,2.0,1.0,3.0,No
370,22.0,Travel_Rarely,604.0,Research & Development,6.0,Below College,Medical,1.0,Low,Male,69.0,High,1.0,Research Scientist,High,Married,2773.0,12145.0,0.0,Y,No,20.0,Outstanding,Very High,80.0,0.0,3.0,3.0,Excellent,2.0,2.0,2.0,2.0,No
371,42.0,Travel_Frequently,570.0,Research & Development,8.0,Bachelor,Life Sciences,1.0,Good,Male,66.0,High,5.0,Manager,Very High,Divorced,18430.0,16225.0,1.0,Y,No,13.0,Excellent,Good,80.0,1.0,24.0,4.0,Good,24.0,7.0,14.0,9.0,No
372,33.0,Travel_Frequently,1392.0,Research & Development,3.0,Master,Life Sciences,1.0,Very High,Female,56.0,High,1.0,Research Scientist,High,Married,2909.0,23159.000000000004,1.0,Y,Yes,11.0,Excellent,High,80.0,0.0,8.0,3.0,Excellent,8.0,7.0,3.0,0.0,No
373,37.0,Travel_Rarely,1115.0,Research & Development,1.0,Master,Life Sciences,1.0,Low,Male,51.0,Good,2.0,Manufacturing Director,High,Divorced,5993.0,2689.0,1.0,Y,No,18.0,Excellent,High,80.0,1.0,7.0,2.0,Outstanding,7.0,5.0,0.0,7.0,No
374,39.0,Travel_Frequently,1218.0,Research & Development,1.0,Below College,Life Sciences,1.0,Good,Male,52.0,High,5.0,Manager,High,Divorced,19197.0,8212.999999999998,1.0,Y,Yes,14.0,Excellent,High,80.0,1.0,21.0,3.0,Excellent,21.0,8.0,1.0,6.0,No
375,36.0,Travel_Frequently,606.9999999999999,Sales,7.0,Bachelor,Marketing,1.0,Low,Female,83.0,Very High,2.0,Sales Executive,Low,Married,4639.0,2261.0,2.0,Y,No,16.0,Excellent,Very High,80.0,1.0,17.0,2.0,Good,15.0,7.0,6.0,13.0,No
376,50.0,Travel_Rarely,1046.0,Research & Development,10.0,Bachelor,Technical Degree,1.0,Very High,Male,100.0,Good,3.0,Healthcare Representative,Very High,Single,10496.0,2755.0,6.0,Y,No,15.0,Excellent,Very High,80.0,0.0,20.0,2.0,Excellent,4.0,3.0,1.0,3.0,No
377,33.0,Travel_Rarely,213.0000000000001,Research & Development,7.0,Bachelor,Medical,1.0,High,Male,49.0,High,3.0,Research Director,High,Married,11690.999999999998,25995.0,0.0,Y,No,11.0,Excellent,Very High,80.0,0.0,14.0,3.0,Outstanding,13.0,9.0,3.0,7.0,No
378,43.0,Travel_Frequently,1001.0,Research & Development,9.0,Doctor,Medical,1.0,Very High,Male,72.0,High,2.0,Laboratory Technician,High,Divorced,5678.999999999998,19627.0,3.0,Y,Yes,13.0,Excellent,Good,80.0,1.0,10.0,3.0,Excellent,8.0,7.0,4.0,7.0,No
379,30.0,Travel_Rarely,1275.0,Research & Development,28.0,College,Medical,1.0,Very High,Female,64.0,High,2.0,Research Scientist,Very High,Married,5775.0,11934.0,1.0,Y,No,13.0,Excellent,Very High,80.0,2.0,11.0,2.0,Excellent,10.0,8.0,1.0,9.0,No
380,36.0,Travel_Rarely,1218.0,Sales,9.0,Master,Life Sciences,1.0,High,Male,82.0,Good,1.0,Sales Representative,Low,Single,3407.0,6986.0,7.0,Y,No,23.0,Outstanding,Good,80.0,0.0,10.0,4.0,Excellent,5.0,3.0,0.0,3.0,Yes
381,27.0,Travel_Rarely,1055.0,Research & Development,2.0,Master,Life Sciences,1.0,Low,Female,47.0,High,2.0,Manufacturing Director,Very High,Married,4227.0,4658.0,0.0,Y,No,18.0,Excellent,Good,80.0,1.0,4.0,2.0,Excellent,3.0,2.0,2.0,2.0,No
382,42.0,Travel_Rarely,469.0,Research & Development,2.0,College,Medical,1.0,Very High,Male,35.0,High,4.0,Manager,Low,Married,17665.000000000004,14399.0,0.0,Y,No,17.0,Excellent,Very High,80.0,1.0,23.0,3.0,Excellent,22.0,6.0,13.0,7.0,No
383,36.0,Travel_Rarely,660.0,Research & Development,15.0,Bachelor,Other,1.0,Low,Male,81.0,High,2.0,Laboratory Technician,High,Divorced,4834.0,7858.0,7.0,Y,No,14.0,Excellent,Good,80.0,1.0,9.0,3.0,Good,1.0,0.0,0.0,0.0,Yes
384,29.0,Travel_Rarely,1329.0,Research & Development,7.0,Bachelor,Life Sciences,1.0,High,Male,82.0,High,2.0,Healthcare Representative,Very High,Divorced,6623.000000000001,4204.0,1.0,Y,Yes,11.0,Excellent,Good,80.0,2.0,6.0,2.0,Excellent,6.0,0.0,1.0,0.0,No
385,37.0,Travel_Rarely,482.0,Research & Development,3.0,Bachelor,Other,1.0,High,Male,36.0,High,3.0,Manufacturing Director,High,Married,9434.0,9605.999999999996,1.0,Y,No,15.0,Excellent,High,80.0,1.0,10.0,2.0,Excellent,10.0,7.0,7.0,8.0,No
386,40.0,Travel_Rarely,1416.0,Research & Development,2.0,College,Medical,1.0,Low,Male,49.0,High,5.0,Research Director,High,Divorced,19436.0,5949.000000000002,0.0,Y,No,19.0,Excellent,Very High,80.0,1.0,22.0,5.0,Excellent,21.0,7.0,3.0,9.0,No
387,58.0,Travel_Rarely,286.0,Research & Development,2.0,Master,Life Sciences,1.0,Very High,Male,31.0,High,5.0,Research Director,Good,Single,19246.0,25761.0,7.0,Y,Yes,12.0,Excellent,Very High,80.0,0.0,40.0,2.0,Excellent,31.0,15.0,13.0,8.0,Yes
388,40.0,Travel_Rarely,1308.0,Research & Development,14.0,Bachelor,Medical,1.0,High,Male,44.0,Good,5.0,Research Director,High,Single,19626.0,17544.0,1.0,Y,No,14.0,Excellent,Low,80.0,0.0,21.0,2.0,Outstanding,20.0,7.0,4.0,9.0,No
389,30.0,Travel_Rarely,1339.0,Sales,5.0,Bachelor,Life Sciences,1.0,Good,Female,41.0,High,3.0,Sales Executive,Very High,Married,9419.0,8053.000000000001,2.0,Y,No,12.0,Excellent,High,80.0,1.0,12.0,2.0,Excellent,10.0,9.0,7.0,4.0,No
390,33.0,Travel_Rarely,118.0,Sales,16.0,Bachelor,Marketing,1.0,Low,Female,69.0,High,2.0,Sales Executive,Low,Single,5324.0,26507.0,5.0,Y,No,15.0,Excellent,High,80.0,0.0,6.0,3.0,Excellent,3.0,2.0,0.0,2.0,Yes
391,31.0,Non-Travel,978.9999999999999,Research & Development,1.0,Master,Medical,1.0,High,Male,90.0,Low,2.0,Manufacturing Director,High,Married,4345.0,4381.000000000002,0.0,Y,No,12.0,Excellent,Very High,80.0,1.0,6.0,2.0,Excellent,5.0,4.0,1.0,4.0,No
392,30.0,Non-Travel,879.0,Research & Development,9.0,College,Medical,1.0,High,Female,72.0,High,2.0,Manufacturing Director,High,Single,4695.0,12858.0,7.0,Y,Yes,18.0,Excellent,High,80.0,0.0,10.0,3.0,Excellent,8.0,4.0,1.0,7.0,No
393,59.0,Travel_Rarely,1324.0,Research & Development,3.0,Bachelor,Medical,1.0,High,Female,81.0,Very High,1.0,Laboratory Technician,Low,Married,2670.0,9964.0,4.0,Y,Yes,20.0,Outstanding,Low,80.0,3.0,12.0,3.0,Good,1.0,0.0,0.0,0.0,No
394,49.0,Travel_Frequently,1475.0,Research & Development,28.0,College,Life Sciences,1.0,Low,Male,97.0,Good,2.0,Laboratory Technician,Low,Single,4284.0,22710.0,3.0,Y,No,20.0,Outstanding,Low,80.0,0.0,20.0,2.0,Excellent,4.0,3.0,1.0,3.0,Yes
395,28.0,Travel_Rarely,736.0,Sales,26.0,Bachelor,Life Sciences,1.0,High,Male,48.0,Good,2.0,Sales Executive,Low,Married,4724.0,24232.0,1.0,Y,No,11.0,Excellent,High,80.0,1.0,5.0,0.0,Excellent,5.0,3.0,0.0,4.0,No
396,36.0,Travel_Rarely,324.9999999999999,Research & Development,10.0,Master,Technical Degree,1.0,Very High,Female,63.0,High,3.0,Healthcare Representative,High,Married,7094.0000000000055,5747.000000000004,3.0,Y,No,12.0,Excellent,Low,80.0,0.0,10.0,0.0,Excellent,7.0,7.0,1.0,7.0,No
397,28.0,Travel_Rarely,103.0,Research & Development,24.0,Bachelor,Life Sciences,1.0,High,Male,50.0,Good,1.0,Laboratory Technician,High,Single,2028.0,12947.0,5.0,Y,Yes,14.0,Excellent,Good,80.0,0.0,6.0,4.0,Excellent,4.0,2.0,0.0,3.0,Yes
398,26.0,Travel_Frequently,575.0,Research & Development,3.0,Below College,Technical Degree,1.0,High,Male,73.0,High,1.0,Research Scientist,Low,Single,3101.999999999999,6582.000000000003,0.0,Y,No,22.0,Outstanding,High,80.0,0.0,7.0,2.0,Excellent,6.0,4.0,0.0,4.0,Yes
399,31.0,Non-Travel,1188.0,Sales,20.0,College,Marketing,1.0,Very High,Female,45.0,High,2.0,Sales Executive,High,Married,6932.0,24406.0,1.0,Y,No,13.0,Excellent,Very High,80.0,1.0,9.0,2.0,Good,9.0,8.0,0.0,0.0,No
400,40.0,Non-Travel,1094.0,Sales,28.0,Bachelor,Other,1.0,High,Male,58.0,Low,3.0,Sales Executive,Low,Divorced,10932.000000000002,11373.0,3.0,Y,No,15.0,Excellent,High,80.0,1.0,20.0,2.0,Excellent,1.0,0.0,0.0,1.0,No
401,27.0,Travel_Rarely,1134.0,Research & Development,16.0,Master,Technical Degree,1.0,High,Female,37.0,High,1.0,Laboratory Technician,Good,Married,2810.9999999999995,12086.0,9.0,Y,No,14.0,Excellent,Good,80.0,1.0,4.0,2.0,Excellent,2.0,2.0,2.0,2.0,No
402,50.0,Travel_Frequently,1115.0,Research & Development,1.0,Bachelor,Life Sciences,1.0,Low,Female,73.0,High,5.0,Research Director,Good,Married,18172.000000000004,9755.0,3.0,Y,Yes,19.0,Excellent,Low,80.0,0.0,28.0,1.0,Good,8.0,3.0,0.0,7.0,No
403,33.0,Travel_Rarely,1277.0,Research & Development,15.0,Below College,Medical,1.0,Good,Male,56.0,High,3.0,Manager,High,Married,13610.0,24619.0,7.0,Y,Yes,12.0,Excellent,Very High,80.0,0.0,15.0,2.0,Outstanding,7.0,6.0,7.0,7.0,Yes
404,46.0,Travel_Frequently,1034.0,Research & Development,18.0,Below College,Medical,1.0,Low,Female,86.0,High,3.0,Healthcare Representative,High,Married,10527.000000000002,8984.0,5.0,Y,No,11.0,Excellent,Very High,80.0,0.0,28.0,3.0,Good,2.0,2.0,1.0,2.0,No
405,33.0,Travel_Rarely,1017.0,Research & Development,25.0,Bachelor,Medical,1.0,Low,Male,55.0,Good,1.0,Research Scientist,Good,Single,2313.0,2992.999999999998,4.0,Y,Yes,20.0,Outstanding,Good,80.0,0.0,5.0,0.0,Excellent,2.0,2.0,2.0,2.0,Yes
406,37.0,Travel_Rarely,396.99999999999994,Research & Development,7.0,Master,Medical,1.0,Low,Male,30.0,High,3.0,Research Director,High,Single,13664.000000000002,25258.0,4.0,Y,No,13.0,Excellent,Low,80.0,0.0,16.0,3.0,Outstanding,5.0,2.0,0.0,2.0,No
407,26.0,Travel_Rarely,775.0,Sales,29.0,College,Medical,1.0,Low,Male,45.0,High,2.0,Sales Executive,High,Divorced,4306.0,4267.0,5.0,Y,No,12.0,Excellent,Low,80.0,2.0,8.0,5.0,Excellent,0.0,0.0,0.0,0.0,No
408,50.0,Travel_Rarely,854.0,Sales,1.0,Master,Medical,1.0,Very High,Female,68.0,High,5.0,Manager,Very High,Divorced,19517.0,24118.0,3.0,Y,No,11.0,Excellent,High,80.0,1.0,32.0,3.0,Good,7.0,0.0,0.0,6.0,No
409,58.0,Travel_Rarely,601.0,Research & Development,7.0,Master,Medical,1.0,High,Female,53.0,Good,3.0,Manufacturing Director,Low,Married,10008.0,12023.0,7.0,Y,Yes,14.0,Excellent,Very High,80.0,0.0,31.0,0.0,Good,10.0,9.0,5.0,9.0,Yes
410,31.0,Travel_Rarely,329.0,Research & Development,1.0,College,Life Sciences,1.0,Very High,Male,98.0,Good,1.0,Laboratory Technician,Low,Married,2218.0,16192.999999999998,1.0,Y,No,12.0,Excellent,High,80.0,1.0,4.0,3.0,Excellent,4.0,2.0,3.0,2.0,No
411,26.0,Travel_Frequently,921.0,Research & Development,1.0,Below College,Medical,1.0,Low,Female,66.0,Good,1.0,Research Scientist,High,Divorced,2006.9999999999995,25265.0,1.0,Y,No,13.0,Excellent,High,80.0,2.0,5.0,5.0,Excellent,5.0,3.0,1.0,3.0,No
412,30.0,Travel_Frequently,464.0,Research & Development,4.0,Bachelor,Technical Degree,1.0,High,Male,40.0,High,1.0,Research Scientist,Very High,Single,2284.9999999999995,3427.0,9.0,Y,Yes,23.0,Outstanding,High,80.0,0.0,3.0,4.0,Excellent,1.0,0.0,0.0,0.0,Yes
413,33.0,Travel_Frequently,430.00000000000006,Sales,7.0,Bachelor,Medical,1.0,Very High,Male,54.0,High,2.0,Sales Executive,Low,Married,4373.0,17456.0,0.0,Y,No,14.0,Excellent,Low,80.0,2.0,5.0,2.0,Excellent,4.0,3.0,0.0,3.0,No
414,59.0,Travel_Rarely,1089.0,Sales,1.0,College,Technical Degree,1.0,Good,Male,66.0,High,3.0,Manager,Very High,Married,11904.0,11038.000000000002,3.0,Y,Yes,14.0,Excellent,High,80.0,1.0,14.0,1.0,Low,6.0,4.0,0.0,4.0,No
415,45.0,Travel_Rarely,1384.9999999999998,Research & Development,20.0,College,Medical,1.0,High,Male,79.0,High,4.0,Healthcare Representative,Very High,Married,13496.0,7500.999999999999,0.0,Y,Yes,14.0,Excellent,Good,80.0,0.0,21.0,2.0,Excellent,20.0,7.0,4.0,10.0,No
416,58.0,Travel_Rarely,1272.0,Research & Development,5.0,Bachelor,Technical Degree,1.0,High,Female,37.0,Good,3.0,Healthcare Representative,Good,Divorced,10552.0,9255.0,2.0,Y,Yes,13.0,Excellent,Very High,80.0,1.0,24.0,3.0,Excellent,6.0,0.0,0.0,4.0,No
417,28.0,Travel_Rarely,439.9999999999999,Research & Development,21.0,Bachelor,Medical,1.0,High,Male,42.0,High,1.0,Research Scientist,Very High,Married,2712.9999999999995,6672.000000000001,1.0,Y,No,11.0,Excellent,High,80.0,1.0,5.0,2.0,Low,5.0,2.0,0.0,2.0,No
418,30.0,Travel_Rarely,852.0,Sales,10.0,Bachelor,Marketing,1.0,High,Male,72.0,Good,2.0,Sales Executive,High,Married,6578.0,2706.0,1.0,Y,No,18.0,Excellent,Low,80.0,1.0,10.0,3.0,Excellent,10.0,3.0,1.0,4.0,No
419,46.0,Travel_Frequently,1211.0000000000002,Sales,5.0,Master,Marketing,1.0,Low,Male,98.0,High,2.0,Sales Executive,Very High,Single,5772.0,20445.0,4.0,Y,Yes,21.0,Outstanding,High,80.0,0.0,14.0,4.0,Excellent,9.0,6.0,0.0,8.0,No
420,31.0,Travel_Frequently,1060.0,Sales,1.0,Bachelor,Life Sciences,1.0,Very High,Female,54.0,High,1.0,Sales Representative,Good,Single,2302.0,8319.0,1.0,Y,Yes,11.0,Excellent,Low,80.0,0.0,3.0,2.0,Outstanding,3.0,2.0,2.0,2.0,Yes
421,31.0,Travel_Rarely,202.0,Research & Development,8.0,Bachelor,Life Sciences,1.0,Low,Female,34.0,Good,1.0,Research Scientist,Good,Single,1261.0,22262.0,1.0,Y,No,12.0,Excellent,High,80.0,0.0,1.0,3.0,Outstanding,1.0,0.0,0.0,0.0,Yes
422,22.0,Travel_Rarely,1256.0,Research & Development,19.0,Below College,Medical,1.0,High,Male,80.0,High,1.0,Research Scientist,Very High,Married,2323.0,11992.0,1.0,Y,No,24.0,Outstanding,Low,80.0,2.0,2.0,6.0,Excellent,2.0,2.0,2.0,2.0,No
423,22.0,Non-Travel,1123.0,Research & Development,16.0,College,Medical,1.0,Very High,Male,96.0,Very High,1.0,Laboratory Technician,Very High,Divorced,2935.0,7323.999999999998,1.0,Y,Yes,13.0,Excellent,Good,80.0,2.0,1.0,2.0,Good,1.0,0.0,0.0,0.0,No
424,36.0,Travel_Rarely,852.0,Research & Development,5.0,Master,Life Sciences,1.0,Good,Female,82.0,Good,1.0,Research Scientist,Low,Married,3419.0,13072.0,9.0,Y,Yes,14.0,Excellent,Very High,80.0,1.0,6.0,3.0,Outstanding,1.0,1.0,0.0,0.0,No
425,43.0,Travel_Frequently,185.0,Research & Development,10.0,Master,Life Sciences,1.0,High,Female,33.0,High,1.0,Laboratory Technician,Very High,Single,2455.0000000000005,10674.999999999996,0.0,Y,No,19.0,Excellent,Low,80.0,0.0,9.0,5.0,Excellent,8.0,7.0,1.0,7.0,No
426,35.0,Travel_Frequently,130.0,Research & Development,25.0,Master,Life Sciences,1.0,Very High,Female,96.0,High,1.0,Research Scientist,Good,Divorced,2022.0,16612.0,1.0,Y,Yes,19.0,Excellent,Low,80.0,1.0,10.0,3.0,Good,10.0,2.0,7.0,8.0,Yes
427,60.0,Travel_Frequently,1499.0,Sales,28.0,Bachelor,Marketing,1.0,High,Female,80.0,Good,3.0,Sales Executive,Low,Married,10266.0,2845.0,4.0,Y,No,19.0,Excellent,Very High,80.0,0.0,22.0,5.0,Outstanding,18.0,13.0,13.0,11.0,No
428,34.0,Travel_Rarely,131.0,Sales,2.0,Bachelor,Marketing,1.0,High,Female,86.0,High,2.0,Sales Executive,Low,Single,4538.0,6039.0,0.0,Y,Yes,12.0,Excellent,Very High,80.0,0.0,4.0,3.0,Excellent,3.0,2.0,0.0,2.0,No
429,39.0,Travel_Rarely,1122.0,Research & Development,6.0,Bachelor,Medical,1.0,Very High,Male,70.0,High,1.0,Laboratory Technician,Low,Married,2404.0,4303.0,7.0,Y,Yes,21.0,Outstanding,Very High,80.0,0.0,8.0,2.0,Low,2.0,2.0,2.0,2.0,Yes
430,38.0,Travel_Rarely,770.0,Sales,10.0,Master,Marketing,1.0,High,Male,73.0,Good,3.0,Sales Executive,High,Divorced,8740.0,5569.0,0.0,Y,Yes,14.0,Excellent,Good,80.0,2.0,9.0,2.0,Excellent,8.0,7.0,2.0,7.0,No
431,33.0,Travel_Rarely,587.0,Research & Development,10.0,Below College,Medical,1.0,Low,Male,38.0,Low,1.0,Laboratory Technician,Very High,Divorced,3408.0,6705.0,7.0,Y,No,13.0,Excellent,Low,80.0,3.0,8.0,2.0,Excellent,4.0,3.0,1.0,3.0,Yes
432,25.0,Travel_Rarely,891.0,Sales,4.0,College,Life Sciences,1.0,Good,Female,99.0,Good,2.0,Sales Executive,Very High,Single,4487.0,12090.0,1.0,Y,Yes,11.0,Excellent,Good,80.0,0.0,5.0,3.0,Excellent,5.0,4.0,1.0,3.0,No
433,49.0,Travel_Rarely,1495.0,Research & Development,5.0,Master,Technical Degree,1.0,Low,Male,96.0,High,2.0,Healthcare Representative,High,Married,6651.0,21534.0,2.0,Y,No,14.0,Excellent,Good,80.0,1.0,20.0,0.0,Good,3.0,2.0,1.0,2.0,No
434,45.0,Travel_Rarely,787.9999999999999,Human Resources,24.0,Master,Medical,1.0,Good,Male,36.0,High,1.0,Human Resources,Good,Single,2177.0,8318.0,1.0,Y,No,16.0,Excellent,Low,80.0,0.0,6.0,3.0,Excellent,6.0,3.0,0.0,4.0,No
435,43.0,Travel_Rarely,982.0,Research & Development,12.0,Bachelor,Life Sciences,1.0,Low,Male,59.0,Good,4.0,Research Director,Good,Divorced,14336.000000000005,4344.999999999998,1.0,Y,No,11.0,Excellent,High,80.0,1.0,25.0,3.0,Excellent,25.0,10.0,3.0,9.0,No
436,34.0,Travel_Frequently,829.0,Research & Development,15.0,Bachelor,Medical,1.0,Good,Male,71.0,High,4.0,Research Director,Low,Divorced,17007.0,11929.0,7.0,Y,No,14.0,Excellent,Very High,80.0,2.0,16.0,3.0,Good,14.0,8.0,6.0,9.0,No
437,34.0,Travel_Rarely,1333.0,Sales,10.0,Master,Life Sciences,1.0,High,Female,87.0,High,1.0,Sales Representative,High,Married,2220.0,18410.0,1.0,Y,Yes,19.0,Excellent,Very High,80.0,1.0,1.0,2.0,Excellent,1.0,1.0,0.0,0.0,No
438,23.0,Travel_Rarely,309.99999999999994,Research & Development,10.0,Below College,Medical,1.0,Low,Male,79.0,Very High,1.0,Research Scientist,High,Single,3505.0,19630.0,1.0,Y,No,18.0,Excellent,Very High,80.0,0.0,2.0,3.0,Excellent,2.0,2.0,0.0,2.0,No
439,37.0,Travel_Rarely,571.0,Research & Development,10.0,Below College,Life Sciences,1.0,Very High,Female,82.0,High,1.0,Research Scientist,Low,Divorced,2782.0,19905.0,0.0,Y,Yes,13.0,Excellent,Good,80.0,2.0,6.0,3.0,Good,5.0,3.0,4.0,3.0,No
440,35.0,Travel_Rarely,384.0000000000002,Sales,8.0,Master,Life Sciences,1.0,Low,Female,72.0,High,1.0,Sales Representative,Very High,Married,2572.0,20317.0,1.0,Y,No,16.0,Excellent,Good,80.0,1.0,3.0,1.0,Good,3.0,2.0,0.0,2.0,No
441,36.0,Travel_Rarely,530.0,Sales,3.0,Below College,Life Sciences,1.0,High,Male,51.0,Good,3.0,Sales Executive,Very High,Married,10324.999999999998,5518.000000000002,1.0,Y,Yes,11.0,Excellent,Low,80.0,1.0,16.0,6.0,Excellent,16.0,7.0,3.0,7.0,Yes
442,23.0,Travel_Rarely,1309.0,Research & Development,26.0,Below College,Life Sciences,1.0,High,Male,83.0,High,1.0,Research Scientist,Very High,Divorced,2904.0000000000005,16092.0,1.0,Y,No,12.0,Excellent,High,80.0,2.0,4.0,2.0,Good,4.0,2.0,0.0,2.0,No
443,25.0,Travel_Rarely,883.0,Sales,26.0,Below College,Medical,1.0,High,Female,32.0,High,2.0,Sales Executive,Very High,Single,6180.0,22807.0,1.0,Y,No,23.0,Outstanding,Good,80.0,0.0,6.0,5.0,Good,6.0,5.0,1.0,4.0,No
444,43.0,Non-Travel,1344.0,Research & Development,7.0,Bachelor,Medical,1.0,Very High,Male,37.0,Very High,1.0,Research Scientist,Very High,Divorced,2089.0,5227.999999999998,4.0,Y,No,14.0,Excellent,Very High,80.0,3.0,7.0,3.0,Outstanding,5.0,4.0,2.0,2.0,No
445,41.0,Travel_Rarely,1085.0,Research & Development,2.0,Master,Life Sciences,1.0,Good,Female,57.0,Low,1.0,Laboratory Technician,Very High,Divorced,2778.0,17725.0,4.0,Y,Yes,13.0,Excellent,High,80.0,1.0,10.0,1.0,Good,7.0,7.0,1.0,0.0,Yes
446,25.0,Travel_Rarely,1356.0,Sales,10.0,Master,Life Sciences,1.0,High,Male,57.0,High,2.0,Sales Executive,Very High,Single,4950.0,20623.0,0.0,Y,No,14.0,Excellent,Good,80.0,0.0,5.0,4.0,Excellent,4.0,3.0,1.0,1.0,No
447,52.0,Travel_Rarely,1490.0,Research & Development,4.0,College,Life Sciences,1.0,Very High,Female,30.0,High,4.0,Manager,Very High,Married,16555.0,10310.0,2.0,Y,No,13.0,Excellent,Very High,80.0,0.0,31.0,2.0,Low,5.0,2.0,1.0,4.0,No
448,36.0,Travel_Frequently,541.0,Sales,3.0,Master,Medical,1.0,Low,Male,48.0,Good,3.0,Sales Executive,Very High,Married,9699.0,7246.000000000002,4.0,Y,No,11.0,Excellent,Low,80.0,1.0,16.0,2.0,Excellent,13.0,9.0,1.0,12.0,No
449,26.0,Travel_Rarely,1066.0,Research & Development,2.0,College,Medical,1.0,Very High,Male,32.0,Very High,2.0,Manufacturing Director,Very High,Married,5472.0,3334.0,1.0,Y,No,12.0,Excellent,Good,80.0,0.0,8.0,2.0,Excellent,8.0,7.0,1.0,3.0,No
450,56.0,Travel_Frequently,1240.0,Research & Development,9.0,Bachelor,Medical,1.0,Low,Female,63.0,High,1.0,Research Scientist,High,Married,2942.0,12154.0,2.0,Y,No,19.0,Excellent,Good,80.0,1.0,18.0,4.0,Excellent,5.0,4.0,0.0,3.0,No
451,34.0,Travel_Frequently,878.0000000000001,Research & Development,10.0,Master,Medical,1.0,Very High,Male,43.0,High,1.0,Research Scientist,High,Divorced,3815.0,5972.0,1.0,Y,Yes,17.0,Excellent,Very High,80.0,1.0,5.0,4.0,Outstanding,5.0,3.0,2.0,0.0,No
452,38.0,Travel_Rarely,395.0,Sales,9.0,Bachelor,Marketing,1.0,Good,Male,98.0,Good,1.0,Sales Representative,Good,Married,2898.9999999999995,12102.0,0.0,Y,No,19.0,Excellent,Very High,80.0,1.0,3.0,3.0,Excellent,2.0,2.0,1.0,2.0,No
453,36.0,Travel_Rarely,1403.0,Research & Development,6.0,Bachelor,Life Sciences,1.0,Very High,Male,47.0,High,1.0,Laboratory Technician,Very High,Married,3210.0,20251.0,0.0,Y,No,11.0,Excellent,High,80.0,1.0,16.0,4.0,Excellent,15.0,13.0,10.0,11.0,No
454,26.0,Travel_Rarely,192.0,Research & Development,1.0,College,Medical,1.0,Low,Male,59.0,Good,1.0,Laboratory Technician,Low,Married,3955.0,11141.0,1.0,Y,No,16.0,Excellent,Low,80.0,2.0,6.0,2.0,Excellent,5.0,3.0,1.0,3.0,No
455,29.0,Travel_Rarely,408.0,Sales,23.0,Below College,Life Sciences,1.0,Very High,Female,45.0,Good,3.0,Sales Executive,Low,Married,7336.000000000002,11162.0,1.0,Y,No,13.0,Excellent,Low,80.0,1.0,11.0,3.0,Low,11.0,8.0,3.0,10.0,Yes
456,27.0,Travel_Rarely,1157.0,Research & Development,17.0,Bachelor,Technical Degree,1.0,High,Male,51.0,High,1.0,Research Scientist,Good,Married,3058.0,13364.0,0.0,Y,Yes,16.0,Excellent,Very High,80.0,1.0,6.0,3.0,Good,5.0,2.0,1.0,1.0,No
457,31.0,Travel_Frequently,667.0,Sales,1.0,Master,Life Sciences,1.0,Good,Female,50.0,Low,1.0,Sales Representative,High,Single,1359.0000000000005,16154.0,1.0,Y,No,12.0,Excellent,Good,80.0,0.0,1.0,3.0,Excellent,1.0,0.0,0.0,0.0,Yes
458,43.0,Travel_Frequently,775.0,Sales,15.0,Bachelor,Life Sciences,1.0,Very High,Male,47.0,Good,2.0,Sales Executive,Very High,Married,6804.0,23683.0,3.0,Y,No,18.0,Excellent,High,80.0,1.0,7.0,5.0,Excellent,2.0,2.0,2.0,2.0,No
459,36.0,Non-Travel,1434.0,Sales,8.0,Master,Life Sciences,1.0,Low,Male,76.0,Good,3.0,Sales Executive,Low,Single,7587.0,14229.0,1.0,Y,No,15.0,Excellent,Good,80.0,0.0,10.0,1.0,Excellent,10.0,7.0,0.0,9.0,No
460,40.0,Travel_Rarely,329.0,Research & Development,1.0,Master,Life Sciences,1.0,Good,Male,88.0,High,1.0,Laboratory Technician,Good,Married,2386.9999999999995,6762.0,3.0,Y,No,22.0,Outstanding,High,80.0,1.0,7.0,3.0,Excellent,4.0,2.0,0.0,3.0,No
461,22.0,Travel_Rarely,594.0000000000001,Research & Development,2.0,Below College,Technical Degree,1.0,High,Male,100.0,High,1.0,Laboratory Technician,Very High,Married,2523.0,19299.0,0.0,Y,No,14.0,Excellent,High,80.0,1.0,3.0,2.0,Excellent,2.0,1.0,2.0,1.0,No
462,26.0,Travel_Rarely,1384.0,Research & Development,3.0,Master,Medical,1.0,Low,Male,82.0,Very High,1.0,Laboratory Technician,Very High,Married,4420.0,13421.0,1.0,Y,No,22.0,Outstanding,Good,80.0,1.0,8.0,2.0,Excellent,8.0,7.0,0.0,7.0,No
463,31.0,Travel_Rarely,1232.0,Research & Development,7.0,Master,Medical,1.0,High,Female,39.0,High,3.0,Manufacturing Director,Very High,Single,7143.0,25713.0,1.0,Y,Yes,14.0,Excellent,High,80.0,0.0,11.0,2.0,Good,11.0,9.0,4.0,10.0,No
464,52.0,Travel_Rarely,1029.9999999999998,Sales,5.0,Bachelor,Life Sciences,1.0,Good,Male,64.0,High,3.0,Sales Executive,Good,Single,8445.999999999998,21534.0,9.0,Y,Yes,19.0,Excellent,High,80.0,0.0,10.0,2.0,Good,8.0,7.0,7.0,7.0,Yes
465,28.0,Travel_Rarely,1158.0,Research & Development,9.0,Bachelor,Medical,1.0,Very High,Male,94.0,High,1.0,Research Scientist,Very High,Married,2070.0,2613.0,1.0,Y,No,23.0,Outstanding,Very High,80.0,1.0,5.0,3.0,Good,5.0,2.0,0.0,4.0,No
466,37.0,Travel_Rarely,1439.0,Research & Development,4.0,Below College,Life Sciences,1.0,High,Male,54.0,High,1.0,Research Scientist,High,Married,2996.0,5182.0000000000055,7.0,Y,Yes,15.0,Excellent,Very High,80.0,0.0,8.0,2.0,Excellent,6.0,4.0,1.0,3.0,No
467,42.0,Travel_Rarely,188.0,Research & Development,29.0,Bachelor,Medical,1.0,Good,Male,56.0,Low,2.0,Laboratory Technician,Very High,Single,4272.0,9558.0,4.0,Y,No,19.0,Excellent,Low,80.0,0.0,16.0,3.0,Excellent,1.0,0.0,0.0,0.0,No
468,44.0,Non-Travel,111.00000000000011,Research & Development,17.0,Bachelor,Life Sciences,1.0,Very High,Male,74.0,Low,1.0,Research Scientist,High,Single,2290.0,4279.0,2.0,Y,No,13.0,Excellent,Very High,80.0,0.0,6.0,3.0,Excellent,0.0,0.0,0.0,0.0,No
469,28.0,Travel_Rarely,1144.0,Sales,10.0,Below College,Medical,1.0,Very High,Male,74.0,High,1.0,Sales Representative,Good,Married,1052.0,23384.0,1.0,Y,No,22.0,Outstanding,Good,80.0,0.0,1.0,5.0,Excellent,1.0,0.0,0.0,0.0,No
470,31.0,Travel_Rarely,1332.0,Research & Development,11.0,College,Medical,1.0,High,Male,80.0,High,2.0,Healthcare Representative,Low,Married,6833.000000000001,17089.0,1.0,Y,Yes,12.0,Excellent,Very High,80.0,0.0,6.0,2.0,Good,6.0,5.0,0.0,1.0,No
471,19.0,Travel_Rarely,303.0,Research & Development,2.0,Bachelor,Life Sciences,1.0,Good,Male,47.0,Good,1.0,Laboratory Technician,Very High,Single,1102.0,9240.999999999998,1.0,Y,No,22.0,Outstanding,High,80.0,0.0,1.0,3.0,Good,1.0,0.0,1.0,0.0,Yes
472,37.0,Travel_Rarely,1373.0,Research & Development,2.0,College,Other,1.0,Very High,Male,92.0,Good,1.0,Laboratory Technician,High,Single,2090.0,2396.0,6.0,Y,Yes,15.0,Excellent,Good,80.0,0.0,7.0,3.0,Excellent,0.0,0.0,0.0,0.0,Yes
473,45.0,Travel_Rarely,252.0,Research & Development,2.0,Bachelor,Life Sciences,1.0,Good,Female,95.0,Good,1.0,Research Scientist,High,Single,2274.0,6153.000000000001,1.0,Y,No,14.0,Excellent,Very High,80.0,0.0,1.0,3.0,Excellent,1.0,0.0,0.0,0.0,No
474,50.0,Travel_Rarely,804.0,Research & Development,9.0,Bachelor,Life Sciences,1.0,Low,Male,64.0,High,1.0,Laboratory Technician,Very High,Married,2380.0,20165.0,4.0,Y,No,18.0,Excellent,Good,80.0,0.0,8.0,5.0,Excellent,1.0,0.0,0.0,0.0,No
475,51.0,Travel_Frequently,1456.0,Research & Development,1.0,Master,Medical,1.0,Low,Female,30.0,Good,3.0,Healthcare Representative,Low,Single,7484.0,25796.0,3.0,Y,No,20.0,Outstanding,High,80.0,0.0,23.0,1.0,Good,13.0,12.0,12.0,8.0,No
476,42.0,Travel_Rarely,603.0,Research & Development,7.0,Master,Medical,1.0,Good,Female,78.0,Very High,2.0,Research Scientist,Good,Married,2372.0,5628.0,6.0,Y,Yes,16.0,Excellent,Very High,80.0,0.0,18.0,2.0,Excellent,1.0,0.0,0.0,0.0,No
477,32.0,Travel_Rarely,1093.0,Sales,6.0,Master,Medical,1.0,Good,Male,87.0,High,2.0,Sales Executive,High,Single,5009.999999999999,24301.000000000004,1.0,Y,No,16.0,Excellent,Low,80.0,0.0,12.0,0.0,Excellent,11.0,8.0,5.0,7.0,No
478,32.0,Travel_Frequently,689.0,Sales,9.0,College,Medical,1.0,Very High,Male,35.0,Low,2.0,Sales Executive,Very High,Divorced,4668.0,22812.0,0.0,Y,No,17.0,Excellent,Very High,80.0,3.0,9.0,2.0,Outstanding,8.0,7.0,0.0,7.0,No
479,32.0,Travel_Rarely,827.0,Research & Development,1.0,Below College,Life Sciences,1.0,Very High,Male,71.0,High,1.0,Research Scientist,Low,Single,2955.9999999999995,15178.0,1.0,Y,No,13.0,Excellent,Very High,80.0,0.0,1.0,2.0,Excellent,1.0,0.0,0.0,0.0,No
480,33.0,Travel_Rarely,536.0,Sales,10.0,Doctor,Marketing,1.0,Very High,Male,82.0,Very High,3.0,Sales Executive,High,Divorced,8380.000000000002,21708.0,0.0,Y,Yes,14.0,Excellent,Very High,80.0,2.0,10.0,3.0,Excellent,9.0,8.0,0.0,8.0,No
481,47.0,Travel_Rarely,955.0,Sales,4.0,College,Life Sciences,1.0,Very High,Female,83.0,High,2.0,Sales Executive,Very High,Single,4163.0,8571.000000000002,1.0,Y,Yes,17.0,Excellent,High,80.0,0.0,9.0,0.0,Excellent,9.0,0.0,0.0,7.0,No
482,20.0,Travel_Rarely,1097.0,Research & Development,11.0,Bachelor,Medical,1.0,Very High,Female,98.0,Good,1.0,Research Scientist,Low,Single,2600.0000000000005,18275.0,1.0,Y,Yes,15.0,Excellent,Low,80.0,0.0,1.0,2.0,Excellent,1.0,0.0,0.0,0.0,Yes
483,29.0,Travel_Rarely,408.0,Research & Development,25.0,Doctor,Technical Degree,1.0,High,Female,71.0,Good,1.0,Research Scientist,Good,Married,2546.0000000000005,18300.0,5.0,Y,No,16.0,Excellent,Good,80.0,0.0,6.0,2.0,Outstanding,2.0,2.0,1.0,1.0,Yes
484,35.0,Travel_Frequently,1182.0,Sales,11.0,College,Marketing,1.0,Very High,Male,54.0,High,2.0,Sales Executive,Very High,Divorced,4968.0,18500.000000000004,1.0,Y,No,11.0,Excellent,Very High,80.0,1.0,5.0,3.0,Excellent,5.0,2.0,0.0,2.0,No
485,29.0,Travel_Rarely,1283.0,Research & Development,23.0,Bachelor,Life Sciences,1.0,Very High,Male,54.0,High,1.0,Research Scientist,Very High,Single,2201.000000000001,18168.0,9.0,Y,No,16.0,Excellent,Very High,80.0,0.0,6.0,4.0,Excellent,3.0,2.0,1.0,2.0,No
486,24.0,Travel_Rarely,693.0,Sales,3.0,College,Life Sciences,1.0,Low,Female,65.0,High,2.0,Sales Executive,High,Single,4576.999999999999,24785.0,9.0,Y,No,14.0,Excellent,Low,80.0,0.0,4.0,3.0,Excellent,2.0,2.0,2.0,0.0,Yes
487,32.0,Travel_Rarely,1401.0,Sales,4.0,College,Life Sciences,1.0,High,Female,56.0,High,1.0,Sales Representative,Good,Married,3931.0,20990.0,2.0,Y,No,11.0,Excellent,Low,80.0,1.0,6.0,5.0,Excellent,4.0,3.0,1.0,2.0,No
488,28.0,Non-Travel,1476.0,Research & Development,1.0,Bachelor,Life Sciences,1.0,High,Female,55.0,Low,2.0,Laboratory Technician,Very High,Married,6674.0,16392.0,0.0,Y,No,11.0,Excellent,Low,80.0,3.0,10.0,6.0,Excellent,9.0,8.0,7.0,5.0,No
489,35.0,Travel_Rarely,1315.0,Research & Development,22.0,Bachelor,Life Sciences,1.0,Good,Female,71.0,Very High,3.0,Manager,Good,Divorced,11995.999999999993,19100.0,7.0,Y,No,18.0,Excellent,Good,80.0,1.0,10.0,6.0,Good,7.0,7.0,6.0,2.0,No
490,34.0,Travel_Rarely,166.9999999999999,Research & Development,8.0,Doctor,Life Sciences,1.0,Good,Female,32.0,High,2.0,Manufacturing Director,Low,Divorced,5120.999999999999,4187.0,3.0,Y,No,14.0,Excellent,High,80.0,1.0,7.0,3.0,Excellent,0.0,0.0,0.0,0.0,No
491,36.0,Travel_Rarely,913.0,Research & Development,9.0,College,Medical,1.0,Good,Male,48.0,Good,2.0,Manufacturing Director,Good,Divorced,8847.0,13934.0,2.0,Y,Yes,11.0,Excellent,High,80.0,1.0,13.0,2.0,Excellent,3.0,2.0,0.0,2.0,No
492,52.0,Travel_Rarely,699.0,Research & Development,1.0,Master,Life Sciences,1.0,High,Male,65.0,Good,5.0,Manager,High,Married,19999.0,5678.000000000004,0.0,Y,No,14.0,Excellent,Low,80.0,1.0,34.0,5.0,Excellent,33.0,18.0,11.0,9.0,No
493,35.0,Travel_Frequently,138.0,Research & Development,2.0,Bachelor,Medical,1.0,Good,Female,37.0,High,2.0,Laboratory Technician,Good,Single,4425.0,15986.0,5.0,Y,No,11.0,Excellent,Very High,80.0,0.0,10.0,5.0,Excellent,6.0,2.0,1.0,2.0,No
494,44.0,Travel_Rarely,1459.0,Research & Development,10.0,Master,Other,1.0,Very High,Male,41.0,High,2.0,Healthcare Representative,Very High,Married,6465.0,19121.0,2.0,Y,Yes,13.0,Excellent,Very High,80.0,0.0,9.0,5.0,Outstanding,4.0,2.0,1.0,3.0,No
495,22.0,Travel_Rarely,617.0,Research & Development,3.0,Below College,Life Sciences,1.0,Good,Female,34.0,High,2.0,Manufacturing Director,High,Married,4171.0,10022.0,0.0,Y,Yes,19.0,Excellent,Low,80.0,1.0,4.0,3.0,Outstanding,3.0,2.0,0.0,2.0,Yes
496,40.0,Travel_Rarely,804.0,Research & Development,2.0,Below College,Medical,1.0,Very High,Female,86.0,Good,1.0,Research Scientist,Very High,Single,2342.0,22929.0,0.0,Y,Yes,20.0,Outstanding,Very High,80.0,0.0,5.0,2.0,Good,4.0,2.0,2.0,3.0,No
497,33.0,Travel_Rarely,603.0,Sales,9.0,Master,Marketing,1.0,Low,Female,77.0,High,2.0,Sales Executive,Low,Single,8224.0,18385.0,0.0,Y,Yes,17.0,Excellent,Low,80.0,0.0,6.0,3.0,Excellent,5.0,2.0,0.0,3.0,Yes
498,50.0,Travel_Frequently,1246.0,Human Resources,3.0,Bachelor,Medical,1.0,Low,Male,99.0,High,5.0,Manager,Good,Married,18200.0,7999.0,1.0,Y,No,11.0,Excellent,High,80.0,1.0,32.0,2.0,Excellent,32.0,5.0,10.0,7.0,No
499,50.0,Travel_Frequently,1421.0,Research & Development,2.0,Bachelor,Medical,1.0,Very High,Female,30.0,High,4.0,Manager,Low,Married,17856.0,9490.000000000002,2.0,Y,No,22.0,Outstanding,High,80.0,1.0,32.0,3.0,Excellent,2.0,2.0,2.0,2.0,No
500,57.0,Travel_Rarely,593.0,Research & Development,1.0,Master,Medical,1.0,Very High,Male,88.0,High,2.0,Healthcare Representative,High,Married,6755.000000000001,2966.999999999998,2.0,Y,No,11.0,Excellent,High,80.0,0.0,15.0,2.0,Excellent,3.0,2.0,1.0,2.0,No
501,35.0,Travel_Frequently,662.0,Sales,18.0,Master,Marketing,1.0,Very High,Female,67.0,High,2.0,Sales Executive,High,Married,4614.0,23288.0,0.0,Y,Yes,18.0,Excellent,High,80.0,1.0,5.0,0.0,Good,4.0,2.0,3.0,2.0,Yes
502,30.0,Travel_Rarely,633.9999999999999,Research & Development,17.0,Master,Medical,1.0,Good,Female,95.0,High,3.0,Manager,Low,Married,11916.0,25927.000000000004,1.0,Y,Yes,23.0,Outstanding,Very High,80.0,2.0,9.0,2.0,Excellent,9.0,1.0,0.0,8.0,No
503,31.0,Travel_Rarely,525.0,Sales,6.0,Master,Medical,1.0,Low,Male,66.0,Very High,2.0,Sales Executive,Very High,Divorced,5460.0,6219.0,4.0,Y,No,22.0,Outstanding,Very High,80.0,2.0,13.0,4.0,Outstanding,7.0,7.0,5.0,7.0,No
504,52.0,Non-Travel,771.0,Sales,2.0,Master,Life Sciences,1.0,Low,Male,79.0,Good,5.0,Manager,High,Single,19068.0,21030.0,1.0,Y,Yes,18.0,Excellent,Very High,80.0,0.0,33.0,2.0,Outstanding,33.0,7.0,15.0,12.0,No
505,33.0,Travel_Rarely,1069.0,Research & Development,1.0,Bachelor,Life Sciences,1.0,Good,Female,42.0,Good,2.0,Healthcare Representative,Very High,Single,6949.0,12291.0,0.0,Y,No,14.0,Excellent,Low,80.0,0.0,6.0,3.0,Excellent,5.0,0.0,1.0,4.0,No
506,33.0,Non-Travel,750.0,Sales,22.0,College,Marketing,1.0,High,Male,95.0,High,2.0,Sales Executive,Good,Married,6146.0,15479.999999999998,0.0,Y,No,13.0,Excellent,Low,80.0,1.0,8.0,2.0,Outstanding,7.0,7.0,0.0,7.0,No
507,34.0,Travel_Rarely,285.0000000000001,Research & Development,29.0,Bachelor,Medical,1.0,Good,Male,86.0,High,2.0,Laboratory Technician,High,Married,5429.000000000001,17491.0,4.0,Y,No,13.0,Excellent,Low,80.0,2.0,10.0,1.0,Excellent,8.0,7.0,7.0,7.0,No
508,51.0,Travel_Rarely,432.0,Research & Development,9.0,Master,Life Sciences,1.0,Very High,Male,96.0,High,1.0,Laboratory Technician,Very High,Married,2075.0,18725.0,3.0,Y,No,23.0,Outstanding,Good,80.0,2.0,10.0,4.0,Excellent,4.0,2.0,0.0,3.0,No
509,50.0,Travel_Rarely,797.0,Research & Development,4.0,Below College,Life Sciences,1.0,Low,Male,96.0,High,5.0,Research Director,Good,Divorced,19144.0,15815.0,3.0,Y,No,14.0,Excellent,Low,80.0,2.0,28.0,4.0,Good,10.0,4.0,1.0,6.0,No
510,46.0,Travel_Rarely,168.0,Sales,4.0,College,Marketing,1.0,Very High,Female,33.0,Good,5.0,Manager,Good,Married,18789.0,9946.0,2.0,Y,No,14.0,Excellent,High,80.0,1.0,26.0,2.0,Excellent,11.0,4.0,0.0,8.0,No
511,22.0,Travel_Rarely,217.0,Research & Development,8.0,Below College,Life Sciences,1.0,Good,Male,94.0,Low,1.0,Laboratory Technician,Low,Married,2451.0,6881.0,1.0,Y,No,15.0,Excellent,Low,80.0,1.0,4.0,3.0,Good,4.0,3.0,1.0,1.0,No
512,29.0,Travel_Frequently,1413.0,Sales,1.0,Below College,Medical,1.0,Good,Female,42.0,High,3.0,Sales Executive,Very High,Married,7918.0,6599.000000000001,1.0,Y,No,14.0,Excellent,Very High,80.0,1.0,11.0,5.0,Excellent,11.0,10.0,4.0,1.0,No
513,22.0,Travel_Rarely,1136.0,Research & Development,5.0,Bachelor,Life Sciences,1.0,Very High,Male,60.0,Very High,1.0,Research Scientist,Good,Divorced,2328.0,12392.0,1.0,Y,Yes,16.0,Excellent,Low,80.0,1.0,4.0,2.0,Good,4.0,2.0,2.0,2.0,No
514,46.0,Travel_Rarely,1401.9999999999998,Sales,2.0,Bachelor,Marketing,1.0,High,Female,69.0,High,4.0,Manager,Low,Married,17048.0,24097.0,8.0,Y,No,23.0,Outstanding,Low,80.0,0.0,28.0,2.0,Excellent,26.0,15.0,15.0,9.0,No
515,29.0,Travel_Rarely,331.99999999999994,Human Resources,17.0,Bachelor,Other,1.0,Good,Male,51.0,Good,3.0,Human Resources,Low,Single,7988.0,9769.0,1.0,Y,No,13.0,Excellent,Low,80.0,0.0,10.0,3.0,Good,10.0,9.0,0.0,9.0,No
516,38.0,Travel_Frequently,653.0,Research & Development,29.0,Doctor,Life Sciences,1.0,Very High,Female,50.0,High,2.0,Laboratory Technician,Very High,Single,2405.999999999999,5455.999999999998,1.0,Y,No,11.0,Excellent,Very High,80.0,0.0,10.0,2.0,Excellent,10.0,3.0,9.0,9.0,No
517,41.0,Travel_Rarely,465.0,Research & Development,14.0,Bachelor,Life Sciences,1.0,Low,Male,56.0,High,1.0,Research Scientist,High,Divorced,2451.0,4609.0,4.0,Y,No,12.0,Excellent,Low,80.0,1.0,13.0,2.0,Excellent,9.0,8.0,1.0,8.0,No
518,40.0,Non-Travel,663.0,Research & Development,9.0,Master,Other,1.0,High,Male,81.0,High,2.0,Laboratory Technician,High,Divorced,3975.0,23098.999999999993,3.0,Y,No,11.0,Excellent,High,80.0,2.0,11.0,2.0,Outstanding,8.0,7.0,0.0,7.0,No
519,31.0,Non-Travel,587.0,Sales,2.0,Master,Life Sciences,1.0,Very High,Female,57.0,High,3.0,Sales Executive,High,Divorced,9852.0,8935.0,1.0,Y,Yes,19.0,Excellent,Low,80.0,1.0,10.0,5.0,Good,10.0,8.0,9.0,6.0,No
520,50.0,Travel_Frequently,809.0,Sales,12.0,Bachelor,Marketing,1.0,High,Female,77.0,High,3.0,Sales Executive,Very High,Single,9208.0,6645.000000000002,4.0,Y,No,11.0,Excellent,Very High,80.0,0.0,16.0,3.0,Excellent,2.0,2.0,2.0,1.0,No
521,51.0,Travel_Rarely,770.0,Human Resources,5.0,Bachelor,Life Sciences,1.0,High,Male,84.0,High,4.0,Manager,Good,Divorced,14025.999999999998,17588.0,1.0,Y,Yes,11.0,Excellent,Good,80.0,1.0,33.0,2.0,Excellent,33.0,9.0,0.0,10.0,No
522,31.0,Travel_Frequently,798.0,Research & Development,7.0,College,Life Sciences,1.0,High,Female,48.0,Good,3.0,Manufacturing Director,High,Married,8942.999999999998,14034.0,1.0,Y,No,24.0,Outstanding,Low,80.0,1.0,10.0,2.0,Excellent,10.0,9.0,8.0,9.0,No
523,45.0,Travel_Rarely,194.0,Research & Development,9.0,Bachelor,Life Sciences,1.0,Good,Male,60.0,High,2.0,Laboratory Technician,Good,Divorced,2348.0000000000005,10901.0,8.0,Y,No,18.0,Excellent,High,80.0,1.0,20.0,2.0,Low,17.0,9.0,0.0,15.0,No
524,52.0,Non-Travel,715.0,Research & Development,19.0,Master,Medical,1.0,Very High,Male,41.0,High,1.0,Research Scientist,Very High,Married,4258.0,26589.000000000004,0.0,Y,No,18.0,Excellent,Low,80.0,1.0,5.0,3.0,Excellent,4.0,3.0,1.0,2.0,No
525,58.0,Travel_Rarely,147.0,Research & Development,23.0,Master,Medical,1.0,Very High,Female,94.0,High,3.0,Healthcare Representative,Very High,Married,10312.0,3465.0,1.0,Y,No,12.0,Excellent,Very High,80.0,1.0,40.0,3.0,Good,40.0,10.0,15.0,6.0,Yes
526,30.0,Travel_Rarely,1005.0,Research & Development,3.0,Bachelor,Technical Degree,1.0,Very High,Female,88.0,High,1.0,Research Scientist,Low,Single,2657.0,8556.0,5.0,Y,Yes,11.0,Excellent,High,80.0,0.0,8.0,5.0,Excellent,5.0,2.0,0.0,4.0,Yes
527,29.0,Travel_Rarely,1210.0,Sales,2.0,Bachelor,Medical,1.0,Low,Male,78.0,Good,2.0,Sales Executive,Good,Married,6644.0,3687.0,2.0,Y,No,19.0,Excellent,Good,80.0,2.0,10.0,2.0,Excellent,0.0,0.0,0.0,0.0,No
528,44.0,Travel_Rarely,477.0,Research & Development,7.0,Master,Medical,1.0,Low,Female,42.0,Good,3.0,Healthcare Representative,Very High,Married,10248.0,2093.999999999998,3.0,Y,No,14.0,Excellent,Very High,80.0,1.0,24.0,4.0,Excellent,22.0,6.0,5.0,17.0,No
529,36.0,Travel_Frequently,1195.0,Research & Development,11.0,Bachelor,Life Sciences,1.0,Good,Male,95.0,Good,2.0,Manufacturing Director,Good,Single,6499.0,22656.0,1.0,Y,No,13.0,Excellent,High,80.0,0.0,6.0,3.0,Excellent,6.0,5.0,0.0,3.0,No
530,31.0,Travel_Rarely,408.0,Research & Development,9.0,Master,Life Sciences,1.0,High,Male,42.0,Good,1.0,Research Scientist,Good,Single,2657.0,7550.999999999999,0.0,Y,Yes,16.0,Excellent,Very High,80.0,0.0,3.0,5.0,Excellent,2.0,2.0,2.0,2.0,No
531,21.0,Travel_Rarely,984.0,Research & Development,1.0,Below College,Technical Degree,1.0,Very High,Female,70.0,Good,1.0,Research Scientist,Good,Single,2070.0,25326.0,1.0,Y,Yes,11.0,Excellent,High,80.0,0.0,2.0,6.0,Outstanding,2.0,2.0,2.0,2.0,No
532,36.0,Travel_Frequently,1467.0,Sales,11.0,College,Technical Degree,1.0,Good,Female,92.0,High,3.0,Sales Executive,Very High,Married,9737.999999999998,22952.0,0.0,Y,No,14.0,Excellent,High,80.0,1.0,10.0,6.0,Excellent,9.0,7.0,2.0,8.0,No
533,25.0,Travel_Rarely,685.0,Research & Development,1.0,Bachelor,Life Sciences,1.0,Low,Female,62.0,High,2.0,Manufacturing Director,High,Married,4898.0,7505.0,0.0,Y,No,12.0,Excellent,Very High,80.0,2.0,5.0,3.0,Excellent,4.0,2.0,1.0,2.0,No
534,46.0,Non-Travel,1144.0,Research & Development,7.0,Master,Medical,1.0,High,Female,30.0,High,2.0,Manufacturing Director,High,Married,5258.0,16044.0,2.0,Y,No,14.0,Excellent,High,80.0,0.0,7.0,2.0,Outstanding,1.0,0.0,0.0,0.0,No
535,29.0,Travel_Rarely,737.9999999999999,Research & Development,9.0,Doctor,Other,1.0,Good,Male,30.0,Good,1.0,Laboratory Technician,Very High,Single,3983.0,7620.999999999999,0.0,Y,No,17.0,Excellent,High,80.0,0.0,4.0,2.0,Excellent,3.0,2.0,2.0,2.0,No
536,44.0,Travel_Frequently,920.0,Research & Development,24.0,Bachelor,Life Sciences,1.0,Very High,Male,43.0,High,1.0,Laboratory Technician,High,Divorced,3161.0,19920.0,3.0,Y,Yes,22.0,Outstanding,Very High,80.0,1.0,19.0,0.0,Low,1.0,0.0,0.0,0.0,Yes
537,26.0,Travel_Rarely,933.0,Sales,1.0,Bachelor,Life Sciences,1.0,High,Male,57.0,High,2.0,Sales Executive,High,Married,5296.0,20156.0,1.0,Y,No,17.0,Excellent,Good,80.0,1.0,8.0,3.0,Excellent,8.0,7.0,7.0,7.0,No
538,55.0,Non-Travel,444.00000000000006,Research & Development,2.0,Below College,Medical,1.0,High,Male,40.0,Good,4.0,Manager,Low,Single,16756.0,17323.0,7.0,Y,No,15.0,Excellent,Good,80.0,0.0,31.0,3.0,Outstanding,9.0,7.0,6.0,2.0,No
539,35.0,Travel_Rarely,464.0,Research & Development,4.0,College,Other,1.0,High,Male,75.0,High,1.0,Laboratory Technician,Very High,Divorced,1951.0000000000005,10910.0,1.0,Y,No,12.0,Excellent,High,80.0,1.0,1.0,3.0,Excellent,1.0,0.0,0.0,0.0,No
540,29.0,Travel_Frequently,337.0000000000003,Research & Development,14.0,Below College,Other,1.0,High,Female,84.0,High,3.0,Healthcare Representative,Very High,Single,7553.0,22929.999999999996,0.0,Y,Yes,12.0,Excellent,Low,80.0,0.0,9.0,1.0,Excellent,8.0,7.0,7.0,7.0,Yes
541,32.0,Travel_Rarely,498.0,Research & Development,3.0,Master,Medical,1.0,High,Female,93.0,High,2.0,Manufacturing Director,Low,Married,6724.999999999999,13554.0,1.0,Y,No,12.0,Excellent,High,80.0,1.0,8.0,2.0,Outstanding,8.0,7.0,6.0,3.0,No
542,41.0,Travel_Rarely,1356.0,Sales,20.0,College,Marketing,1.0,Good,Female,70.0,High,1.0,Sales Representative,Good,Single,3140.0,21727.999999999993,1.0,Y,Yes,22.0,Outstanding,Very High,80.0,0.0,4.0,5.0,Good,4.0,3.0,0.0,2.0,Yes
543,28.0,Travel_Rarely,890.0,Research & Development,2.0,Master,Medical,1.0,High,Male,46.0,High,1.0,Research Scientist,High,Single,4382.0,16374.0,6.0,Y,No,17.0,Excellent,Very High,80.0,0.0,5.0,3.0,Good,2.0,2.0,2.0,1.0,Yes
544,35.0,Travel_Frequently,482.0,Research & Development,4.0,Master,Life Sciences,1.0,High,Male,87.0,High,2.0,Research Scientist,High,Single,4249.0,2690.0,1.0,Y,Yes,11.0,Excellent,Good,80.0,0.0,9.0,3.0,Excellent,9.0,6.0,1.0,1.0,No
545,28.0,Travel_Frequently,791.0,Research & Development,1.0,Master,Medical,1.0,Very High,Male,44.0,High,1.0,Laboratory Technician,High,Single,2154.0,6842.0,0.0,Y,Yes,11.0,Excellent,High,80.0,0.0,5.0,2.0,Good,4.0,2.0,0.0,2.0,No
546,45.0,Travel_Frequently,1199.0,Research & Development,7.0,Master,Life Sciences,1.0,Low,Male,77.0,Very High,2.0,Manufacturing Director,High,Married,6434.0,5118.0,4.0,Y,No,17.0,Excellent,Very High,80.0,1.0,9.0,1.0,Excellent,3.0,2.0,0.0,2.0,No
547,42.0,Travel_Rarely,933.0,Research & Development,29.0,Bachelor,Life Sciences,1.0,Good,Male,98.0,High,2.0,Manufacturing Director,Good,Married,4434.0,11806.0,1.0,Y,No,13.0,Excellent,Very High,80.0,1.0,10.0,3.0,Good,9.0,8.0,7.0,8.0,No
548,29.0,Non-Travel,746.0,Sales,2.0,Bachelor,Life Sciences,1.0,Very High,Male,61.0,High,2.0,Sales Executive,High,Married,4649.0,16928.0,1.0,Y,No,14.0,Excellent,Low,80.0,1.0,4.0,3.0,Good,4.0,3.0,0.0,2.0,No
549,26.0,Travel_Rarely,583.0,Research & Development,4.0,College,Life Sciences,1.0,High,Male,53.0,High,1.0,Research Scientist,Very High,Single,2875.0,9973.0,1.0,Y,Yes,20.0,Outstanding,Good,80.0,0.0,8.0,2.0,Good,8.0,5.0,2.0,2.0,No
550,59.0,Travel_Rarely,1435.0,Sales,25.0,Bachelor,Life Sciences,1.0,Low,Female,99.0,High,3.0,Sales Executive,Low,Single,7637.0,2354.0,7.0,Y,No,11.0,Excellent,Very High,80.0,0.0,28.0,3.0,Good,21.0,16.0,7.0,9.0,No
551,31.0,Travel_Rarely,670.0,Research & Development,26.0,Below College,Life Sciences,1.0,Low,Male,31.0,High,1.0,Research Scientist,High,Divorced,2911.0,15170.0,1.0,Y,No,17.0,Excellent,Very High,80.0,1.0,5.0,1.0,Good,5.0,2.0,4.0,3.0,No
552,52.0,Travel_Rarely,319.0,Research & Development,3.0,Bachelor,Medical,1.0,Very High,Male,39.0,Good,3.0,Manufacturing Director,High,Married,7969.000000000002,19609.0,2.0,Y,Yes,14.0,Excellent,High,80.0,0.0,28.0,4.0,Excellent,5.0,4.0,0.0,4.0,No
553,38.0,Travel_Rarely,330.0,Research & Development,17.0,Below College,Life Sciences,1.0,High,Female,65.0,Good,3.0,Healthcare Representative,High,Married,8823.0,24608.0,0.0,Y,No,18.0,Excellent,Low,80.0,1.0,20.0,4.0,Good,19.0,9.0,1.0,9.0,No
554,30.0,Travel_Rarely,1427.0,Research & Development,2.0,Below College,Medical,1.0,Good,Male,35.0,Good,1.0,Laboratory Technician,Very High,Single,2720.0,11162.0,0.0,Y,No,13.0,Excellent,Very High,80.0,0.0,6.0,3.0,Excellent,5.0,3.0,1.0,2.0,No
555,39.0,Travel_Frequently,203.0,Research & Development,2.0,Bachelor,Life Sciences,1.0,Low,Male,84.0,High,4.0,Healthcare Representative,Very High,Divorced,12169.0,13547.0,7.0,Y,No,11.0,Excellent,Very High,80.0,3.0,21.0,4.0,Excellent,18.0,7.0,11.0,5.0,Yes
556,34.0,Non-Travel,697.0,Research & Development,3.0,Master,Life Sciences,1.0,High,Male,40.0,Good,1.0,Research Scientist,Very High,Married,2979.0,22478.0,3.0,Y,No,17.0,Excellent,Very High,80.0,3.0,6.0,2.0,Excellent,0.0,0.0,0.0,0.0,No
557,41.0,Travel_Rarely,1411.0,Research & Development,19.0,College,Life Sciences,1.0,High,Male,36.0,High,2.0,Research Scientist,Low,Divorced,3071.9999999999995,19877.0,2.0,Y,No,16.0,Excellent,Low,80.0,2.0,17.0,2.0,Good,1.0,0.0,0.0,0.0,No
558,26.0,Travel_Rarely,471.0,Research & Development,24.0,Bachelor,Technical Degree,1.0,High,Male,66.0,Low,1.0,Laboratory Technician,Very High,Single,2340.0,23213.0,1.0,Y,Yes,18.0,Excellent,Good,80.0,0.0,1.0,3.0,Low,1.0,0.0,0.0,0.0,Yes
559,42.0,Travel_Frequently,1271.0,Research & Development,2.0,Below College,Medical,1.0,Good,Male,35.0,High,1.0,Research Scientist,Very High,Single,2515.0,9068.0,5.0,Y,Yes,14.0,Excellent,Very High,80.0,0.0,8.0,2.0,Excellent,2.0,1.0,2.0,2.0,No
560,41.0,Travel_Rarely,314.0000000000001,Human Resources,1.0,Bachelor,Human Resources,1.0,Very High,Male,59.0,Good,5.0,Manager,High,Married,19189.0,19562.0,1.0,Y,No,12.0,Excellent,Good,80.0,1.0,22.0,3.0,Excellent,22.0,7.0,2.0,10.0,No
561,30.0,Travel_Rarely,1358.0,Sales,16.0,Below College,Life Sciences,1.0,Very High,Male,96.0,High,2.0,Sales Executive,High,Married,5301.0,2939.0,8.0,Y,No,15.0,Excellent,High,80.0,2.0,4.0,2.0,Good,2.0,1.0,2.0,2.0,No
562,30.0,Non-Travel,111.00000000000011,Research & Development,9.0,Bachelor,Medical,1.0,High,Male,66.0,High,2.0,Laboratory Technician,Low,Divorced,3071.9999999999995,11012.0,1.0,Y,No,11.0,Excellent,High,80.0,2.0,12.0,4.0,Excellent,12.0,9.0,6.0,10.0,No
563,19.0,Travel_Rarely,419.0,Sales,21.0,Bachelor,Other,1.0,Very High,Male,37.0,Good,1.0,Sales Representative,Good,Single,2121.0,9947.0,1.0,Y,Yes,13.0,Excellent,Good,80.0,0.0,1.0,3.0,Outstanding,1.0,0.0,0.0,0.0,Yes
564,27.0,Travel_Rarely,618.0,Research & Development,4.0,Bachelor,Life Sciences,1.0,Good,Female,76.0,High,1.0,Research Scientist,High,Single,2318.0,17808.0,1.0,Y,No,19.0,Excellent,High,80.0,0.0,1.0,2.0,Excellent,1.0,1.0,0.0,0.0,No
565,38.0,Travel_Rarely,119.0,Sales,3.0,Bachelor,Life Sciences,1.0,Low,Male,76.0,High,3.0,Sales Executive,High,Divorced,10609.000000000004,9646.999999999998,0.0,Y,No,12.0,Excellent,High,80.0,2.0,17.0,6.0,Good,16.0,10.0,5.0,13.0,No
566,36.0,Non-Travel,1229.0,Sales,8.0,Master,Technical Degree,1.0,Low,Male,84.0,High,2.0,Sales Executive,Very High,Divorced,5079.0,25952.0,4.0,Y,No,13.0,Excellent,Very High,80.0,2.0,12.0,3.0,Excellent,7.0,7.0,0.0,7.0,No
567,32.0,Travel_Rarely,1033.0,Research & Development,9.0,Bachelor,Medical,1.0,Low,Female,41.0,High,1.0,Laboratory Technician,Low,Single,4200.0,10224.0,7.0,Y,No,22.0,Outstanding,Low,80.0,0.0,10.0,2.0,Outstanding,5.0,4.0,0.0,4.0,Yes
568,39.0,Travel_Rarely,1329.0,Sales,4.0,Master,Life Sciences,1.0,Very High,Female,47.0,Good,2.0,Sales Executive,High,Married,5901.999999999999,14589.999999999998,4.0,Y,No,14.0,Excellent,High,80.0,1.0,17.0,1.0,Outstanding,15.0,11.0,5.0,9.0,No
569,33.0,Travel_Frequently,1076.0,Research & Development,3.0,Bachelor,Life Sciences,1.0,Low,Male,70.0,High,1.0,Research Scientist,Low,Single,3348.0,3164.0,1.0,Y,Yes,11.0,Excellent,Low,80.0,0.0,10.0,3.0,Excellent,10.0,8.0,9.0,7.0,Yes
570,46.0,Travel_Rarely,1485.0,Research & Development,18.0,Bachelor,Medical,1.0,High,Female,87.0,High,2.0,Manufacturing Director,High,Divorced,4810.0,26314.0,2.0,Y,No,14.0,Excellent,High,80.0,1.0,19.0,5.0,Good,10.0,7.0,0.0,8.0,No
571,46.0,Travel_Rarely,1125.0,Sales,10.0,Bachelor,Marketing,1.0,High,Female,94.0,Good,3.0,Sales Executive,Very High,Married,9071.0,11563.0,2.0,Y,Yes,19.0,Excellent,High,80.0,1.0,15.0,3.0,Excellent,3.0,2.0,1.0,2.0,No
572,41.0,Travel_Rarely,262.9999999999999,Research & Development,6.0,Bachelor,Medical,1.0,Very High,Male,59.0,High,1.0,Laboratory Technician,Low,Single,4721.0,3119.0,2.0,Y,Yes,13.0,Excellent,High,80.0,0.0,20.0,3.0,Excellent,18.0,13.0,2.0,17.0,No
573,39.0,Travel_Rarely,141.0,Human Resources,3.0,Bachelor,Human Resources,1.0,High,Female,44.0,Very High,2.0,Human Resources,Good,Married,6389.0,18767.0,9.0,Y,No,15.0,Excellent,High,80.0,1.0,12.0,3.0,Low,8.0,3.0,3.0,6.0,No
574,34.0,Non-Travel,1362.0,Sales,19.0,Bachelor,Marketing,1.0,Low,Male,67.0,Very High,2.0,Sales Executive,Very High,Single,5304.0,4651.999999999998,8.0,Y,Yes,13.0,Excellent,Good,80.0,0.0,9.0,3.0,Good,5.0,2.0,0.0,4.0,Yes
575,34.0,Travel_Rarely,419.0,Research & Development,7.0,Master,Life Sciences,1.0,Low,Female,53.0,High,3.0,Research Director,Good,Single,11994.0,21293.000000000004,0.0,Y,No,11.0,Excellent,High,80.0,0.0,13.0,4.0,Excellent,12.0,6.0,2.0,11.0,No
576,29.0,Travel_Rarely,144.0,Sales,10.0,Below College,Marketing,1.0,Very High,Female,39.0,Good,2.0,Sales Executive,Good,Divorced,8268.000000000004,11866.0,1.0,Y,Yes,14.0,Excellent,Low,80.0,2.0,7.0,2.0,Excellent,7.0,7.0,1.0,7.0,No
577,37.0,Travel_Rarely,290.00000000000034,Research & Development,21.0,Bachelor,Life Sciences,1.0,Good,Male,65.0,Very High,1.0,Research Scientist,Low,Married,3564.0000000000005,22977.0,1.0,Y,Yes,12.0,Excellent,Low,80.0,1.0,8.0,3.0,Good,8.0,7.0,1.0,7.0,No
578,35.0,Travel_Rarely,1229.0,Research & Development,8.0,Below College,Life Sciences,1.0,Very High,Male,36.0,Very High,1.0,Laboratory Technician,Very High,Married,2269.0,4892.000000000002,1.0,Y,No,19.0,Excellent,Very High,80.0,0.0,1.0,2.0,Excellent,1.0,0.0,0.0,1.0,No
579,46.0,Travel_Rarely,644.0,Research & Development,1.0,Master,Medical,1.0,Very High,Male,97.0,High,3.0,Healthcare Representative,Low,Divorced,9396.0,12368.0,7.0,Y,No,16.0,Excellent,High,80.0,1.0,17.0,3.0,Excellent,4.0,2.0,0.0,3.0,No
580,47.0,Travel_Frequently,719.0,Sales,27.0,College,Life Sciences,1.0,Good,Female,77.0,Very High,2.0,Sales Executive,High,Single,6397.0,10339.0,4.0,Y,Yes,12.0,Excellent,Very High,80.0,0.0,8.0,2.0,Excellent,5.0,4.0,1.0,3.0,Yes
581,30.0,Travel_Frequently,1012.0000000000001,Research & Development,5.0,Master,Life Sciences,1.0,Good,Male,75.0,Good,1.0,Research Scientist,Very High,Divorced,3761.0,2373.0,9.0,Y,No,12.0,Excellent,Good,80.0,1.0,10.0,3.0,Good,5.0,4.0,0.0,3.0,No
582,29.0,Travel_Rarely,1107.0,Research & Development,28.0,Master,Life Sciences,1.0,High,Female,93.0,High,1.0,Research Scientist,Very High,Divorced,2514.0,26968.0,4.0,Y,No,22.0,Outstanding,Low,80.0,1.0,11.0,1.0,Excellent,7.0,5.0,1.0,7.0,No
583,50.0,Travel_Rarely,1207.0,Research & Development,28.0,Below College,Medical,1.0,Very High,Male,74.0,Very High,1.0,Laboratory Technician,High,Married,3221.0000000000005,3297.0,1.0,Y,Yes,11.0,Excellent,High,80.0,3.0,20.0,3.0,Excellent,20.0,8.0,3.0,8.0,No
584,34.0,Travel_Rarely,1400.0,Sales,9.0,Below College,Life Sciences,1.0,Good,Female,70.0,High,2.0,Sales Executive,High,Married,5714.0,5829.0,1.0,Y,No,20.0,Outstanding,Low,80.0,0.0,6.0,3.0,Good,6.0,5.0,1.0,3.0,No
585,31.0,Travel_Rarely,330.0,Research & Development,22.0,Master,Medical,1.0,Very High,Male,98.0,High,2.0,Manufacturing Director,High,Married,6179.0,21057.0,1.0,Y,Yes,15.0,Excellent,Very High,80.0,2.0,10.0,3.0,Good,10.0,2.0,6.0,7.0,Yes
586,48.0,Travel_Rarely,277.0000000000001,Research & Development,6.0,Bachelor,Life Sciences,1.0,Low,Male,97.0,Good,2.0,Healthcare Representative,High,Single,4240.0,13119.0,2.0,Y,No,13.0,Excellent,Very High,80.0,0.0,19.0,0.0,Excellent,2.0,2.0,2.0,2.0,No
587,43.0,Travel_Rarely,1473.0,Research & Development,8.0,Master,Other,1.0,High,Female,74.0,High,2.0,Healthcare Representative,High,Divorced,4522.0,2227.0,4.0,Y,Yes,14.0,Excellent,Very High,80.0,0.0,8.0,3.0,Excellent,5.0,2.0,0.0,2.0,No
588,34.0,Travel_Rarely,258.0000000000002,Sales,21.0,Master,Life Sciences,1.0,Very High,Male,74.0,Very High,2.0,Sales Executive,Very High,Single,5337.0,19921.0,1.0,Y,No,12.0,Excellent,Very High,80.0,0.0,10.0,3.0,Excellent,10.0,7.0,5.0,7.0,No
589,60.0,Travel_Rarely,696.0,Sales,7.0,Master,Marketing,1.0,Good,Male,52.0,Very High,2.0,Sales Executive,Very High,Divorced,5220.0,10893.0,0.0,Y,Yes,18.0,Excellent,Good,80.0,1.0,12.0,3.0,Excellent,11.0,7.0,1.0,9.0,No
590,52.0,Travel_Rarely,258.0000000000002,Research & Development,8.0,Master,Other,1.0,High,Female,54.0,High,1.0,Laboratory Technician,Low,Married,2949.999999999999,17363.0,9.0,Y,No,13.0,Excellent,High,80.0,0.0,12.0,2.0,Low,5.0,4.0,0.0,4.0,No
591,25.0,Travel_Rarely,1279.9999999999998,Research & Development,7.0,Below College,Medical,1.0,Very High,Male,64.0,Good,1.0,Research Scientist,Very High,Married,2889.0,26897.0,1.0,Y,No,11.0,Excellent,High,80.0,2.0,2.0,2.0,Excellent,2.0,2.0,2.0,1.0,No
592,46.0,Travel_Rarely,705.0,Sales,2.0,Master,Marketing,1.0,Good,Female,83.0,High,5.0,Manager,Low,Single,18946.999999999996,22822.0,3.0,Y,No,12.0,Excellent,Very High,80.0,0.0,22.0,2.0,Good,2.0,2.0,2.0,1.0,No
593,29.0,Travel_Rarely,1010.0,Research & Development,1.0,Bachelor,Life Sciences,1.0,Low,Female,97.0,High,1.0,Research Scientist,Very High,Divorced,3760.0,5598.0,1.0,Y,No,15.0,Excellent,Low,80.0,3.0,3.0,5.0,Excellent,3.0,2.0,1.0,2.0,No
594,41.0,Travel_Frequently,143.0,Sales,4.0,Bachelor,Marketing,1.0,Low,Male,56.0,High,2.0,Sales Executive,Good,Single,9355.0,9558.0,1.0,Y,No,18.0,Excellent,High,80.0,0.0,8.0,5.0,Excellent,8.0,7.0,7.0,7.0,Yes
595,45.0,Travel_Rarely,192.0,Research & Development,10.0,College,Life Sciences,1.0,Low,Male,69.0,High,1.0,Research Scientist,Very High,Married,2653.9999999999995,9655.0,3.0,Y,No,21.0,Outstanding,Very High,80.0,2.0,8.0,3.0,Good,2.0,2.0,0.0,2.0,No
596,30.0,Travel_Rarely,855.0,Sales,7.0,Master,Marketing,1.0,Very High,Female,73.0,High,2.0,Sales Executive,Low,Divorced,4779.0,12761.0,7.0,Y,No,14.0,Excellent,Good,80.0,2.0,8.0,3.0,Excellent,3.0,2.0,0.0,2.0,No
597,33.0,Travel_Frequently,1146.0,Sales,25.0,Bachelor,Medical,1.0,Good,Female,82.0,High,2.0,Sales Executive,High,Married,4539.0,4905.0,1.0,Y,No,12.0,Excellent,Low,80.0,1.0,10.0,3.0,Good,10.0,7.0,0.0,1.0,No
598,33.0,Travel_Rarely,147.0,Human Resources,2.0,Bachelor,Human Resources,1.0,Good,Male,99.0,High,1.0,Human Resources,High,Married,3599.999999999999,8429.0,1.0,Y,No,13.0,Excellent,Very High,80.0,1.0,5.0,2.0,Excellent,5.0,4.0,1.0,4.0,No
599,42.0,Travel_Frequently,748.0,Research & Development,9.0,College,Medical,1.0,Low,Female,74.0,High,1.0,Laboratory Technician,Very High,Single,3673.0,16458.0,1.0,Y,No,13.0,Excellent,High,80.0,0.0,12.0,3.0,Excellent,12.0,9.0,5.0,8.0,No
600,43.0,Travel_Rarely,531.0,Sales,4.0,Master,Marketing,1.0,Very High,Female,56.0,Good,3.0,Sales Executive,Very High,Single,10231.0,20364.0,3.0,Y,No,14.0,Excellent,Very High,80.0,0.0,23.0,3.0,Outstanding,21.0,7.0,15.0,17.0,No
601,39.0,Travel_Rarely,465.99999999999994,Research & Development,1.0,Below College,Life Sciences,1.0,Very High,Female,65.0,Good,4.0,Manufacturing Director,Very High,Married,12741.999999999998,7060.000000000001,1.0,Y,No,16.0,Excellent,High,80.0,1.0,21.0,3.0,Excellent,21.0,6.0,11.0,8.0,No
602,39.0,Travel_Rarely,1431.0000000000002,Research & Development,1.0,Master,Medical,1.0,High,Female,96.0,High,1.0,Laboratory Technician,High,Divorced,2232.0,15417.0,7.0,Y,No,14.0,Excellent,High,80.0,3.0,7.0,1.0,Excellent,3.0,2.0,1.0,2.0,No
603,35.0,Non-Travel,1212.0,Sales,8.0,College,Marketing,1.0,High,Female,78.0,Good,3.0,Sales Executive,Very High,Married,10377.0,13755.000000000002,4.0,Y,Yes,11.0,Excellent,Good,80.0,1.0,16.0,6.0,Good,13.0,2.0,4.0,12.0,No
604,26.0,Travel_Rarely,1449.0,Research & Development,16.0,Master,Medical,1.0,Low,Male,45.0,High,1.0,Laboratory Technician,Good,Divorced,2373.0,14179.999999999998,2.0,Y,Yes,13.0,Excellent,Very High,80.0,1.0,5.0,2.0,Excellent,3.0,2.0,0.0,2.0,Yes
605,51.0,Travel_Rarely,1178.0,Sales,14.0,College,Life Sciences,1.0,High,Female,87.0,High,2.0,Sales Executive,Very High,Married,4936.0,14861.999999999995,4.0,Y,No,11.0,Excellent,High,80.0,1.0,18.0,2.0,Good,7.0,7.0,0.0,7.0,No
606,40.0,Travel_Rarely,1202.0,Research & Development,2.0,Below College,Medical,1.0,Good,Female,89.0,Very High,2.0,Healthcare Representative,High,Divorced,6376.999999999999,13888.0,5.0,Y,No,20.0,Outstanding,Good,80.0,3.0,15.0,0.0,Excellent,12.0,11.0,11.0,8.0,No
607,32.0,Travel_Rarely,604.0,Sales,8.0,Bachelor,Medical,1.0,High,Male,56.0,Very High,2.0,Sales Executive,Very High,Married,6209.0,11693.0,1.0,Y,No,15.0,Excellent,High,80.0,2.0,10.0,4.0,Outstanding,10.0,7.0,0.0,8.0,No
608,28.0,Travel_Rarely,995.0,Research & Development,9.0,Bachelor,Medical,1.0,High,Female,77.0,High,1.0,Research Scientist,High,Divorced,2377.0,9834.0,5.0,Y,No,18.0,Excellent,Good,80.0,1.0,6.0,2.0,Excellent,2.0,2.0,2.0,2.0,No
609,40.0,Travel_Rarely,1398.0,Sales,2.0,Master,Life Sciences,1.0,High,Female,79.0,High,5.0,Manager,High,Married,18041.0,13022.0,0.0,Y,No,14.0,Excellent,Very High,80.0,0.0,21.0,2.0,Excellent,20.0,15.0,1.0,12.0,No
610,45.0,Travel_Frequently,1249.0,Research & Development,7.0,Bachelor,Life Sciences,1.0,Low,Male,97.0,High,3.0,Laboratory Technician,Low,Divorced,5210.0,20308.0,1.0,Y,No,18.0,Excellent,Low,80.0,1.0,24.0,2.0,Excellent,24.0,9.0,9.0,11.0,No
611,44.0,Travel_Rarely,1315.0,Research & Development,3.0,Master,Other,1.0,Very High,Male,35.0,High,5.0,Manager,Very High,Married,19513.0,9357.999999999998,4.0,Y,Yes,12.0,Excellent,Low,80.0,1.0,26.0,2.0,Outstanding,2.0,2.0,0.0,1.0,No
612,50.0,Travel_Rarely,1321.9999999999998,Research & Development,28.0,Bachelor,Life Sciences,1.0,Very High,Female,43.0,High,4.0,Research Director,Low,Married,16880.0,22422.0,4.0,Y,Yes,11.0,Excellent,Good,80.0,0.0,25.0,2.0,Excellent,3.0,2.0,1.0,2.0,No
613,45.0,Non-Travel,248.0,Research & Development,23.0,College,Life Sciences,1.0,Very High,Male,42.0,High,2.0,Laboratory Technician,Low,Married,3633.0,14039.0,1.0,Y,Yes,15.0,Excellent,High,80.0,1.0,9.0,2.0,Excellent,9.0,8.0,0.0,8.0,No
614,35.0,Travel_Frequently,853.0,Sales,18.0,Doctor,Life Sciences,1.0,Good,Male,71.0,High,3.0,Sales Executive,Low,Married,9068.999999999998,11031.0,1.0,Y,No,22.0,Outstanding,Very High,80.0,1.0,9.0,3.0,Good,9.0,8.0,1.0,8.0,No
615,48.0,Travel_Rarely,855.0,Research & Development,4.0,Bachelor,Life Sciences,1.0,Very High,Male,54.0,High,3.0,Manufacturing Director,Very High,Single,7898.0,18706.0,1.0,Y,No,11.0,Excellent,High,80.0,0.0,11.0,2.0,Excellent,10.0,9.0,0.0,8.0,No
616,40.0,Travel_Rarely,1300.0,Research & Development,24.0,College,Technical Degree,1.0,Low,Male,62.0,High,2.0,Research Scientist,Very High,Divorced,3318.9999999999995,24447.000000000004,1.0,Y,No,17.0,Excellent,Low,80.0,2.0,9.0,3.0,Excellent,9.0,8.0,4.0,7.0,No
617,42.0,Travel_Rarely,544.0,Human Resources,2.0,Below College,Technical Degree,1.0,High,Male,52.0,High,1.0,Human Resources,High,Divorced,2696.0,24016.999999999993,0.0,Y,Yes,11.0,Excellent,High,80.0,1.0,4.0,5.0,Excellent,3.0,2.0,1.0,0.0,No
618,21.0,Travel_Rarely,995.9999999999998,Research & Development,3.0,College,Medical,1.0,Very High,Male,100.0,Good,1.0,Research Scientist,High,Single,3230.0,10531.0,1.0,Y,No,17.0,Excellent,Low,80.0,0.0,3.0,4.0,Outstanding,3.0,2.0,1.0,0.0,No
619,38.0,Travel_Rarely,268.0,Research & Development,2.0,Doctor,Medical,1.0,Very High,Male,92.0,High,1.0,Research Scientist,High,Married,3057.0000000000005,20471.0,6.0,Y,Yes,13.0,Excellent,Good,80.0,1.0,6.0,0.0,Low,1.0,0.0,0.0,1.0,No
620,35.0,Travel_Rarely,1142.0,Research & Development,23.0,Master,Medical,1.0,High,Female,30.0,High,1.0,Laboratory Technician,Low,Married,4014.0,16002.0,3.0,Y,Yes,15.0,Excellent,High,80.0,1.0,4.0,3.0,Excellent,2.0,2.0,2.0,2.0,No
621,28.0,Travel_Rarely,1157.0,Research & Development,2.0,Master,Medical,1.0,Low,Male,84.0,Low,1.0,Research Scientist,Very High,Married,3463.9999999999995,24736.999999999993,5.0,Y,Yes,13.0,Excellent,Very High,80.0,0.0,5.0,4.0,Good,3.0,2.0,2.0,2.0,Yes
622,53.0,Travel_Rarely,1376.0,Sales,2.0,College,Medical,1.0,High,Male,45.0,High,4.0,Manager,High,Divorced,14851.999999999975,13938.0,6.0,Y,No,13.0,Excellent,High,80.0,1.0,22.0,3.0,Outstanding,17.0,13.0,15.0,2.0,No
623,35.0,Travel_Frequently,200.0,Research & Development,18.0,College,Life Sciences,1.0,High,Male,60.0,High,3.0,Manufacturing Director,Very High,Single,9362.0,19944.0,2.0,Y,No,11.0,Excellent,High,80.0,0.0,10.0,2.0,Excellent,2.0,2.0,2.0,2.0,No
624,36.0,Travel_Frequently,1480.0,Research & Development,3.0,College,Medical,1.0,Very High,Male,30.0,High,1.0,Laboratory Technician,Good,Single,2088.0,15062.0,4.0,Y,No,12.0,Excellent,High,80.0,0.0,13.0,3.0,Good,8.0,7.0,7.0,2.0,No
625,36.0,Travel_Rarely,1223.0,Research & Development,8.0,Bachelor,Technical Degree,1.0,High,Female,59.0,High,3.0,Healthcare Representative,High,Divorced,10096.0,8201.999999999995,1.0,Y,No,13.0,Excellent,Good,80.0,3.0,17.0,2.0,Excellent,17.0,14.0,12.0,8.0,No
626,59.0,Travel_Rarely,715.0,Research & Development,2.0,Bachelor,Life Sciences,1.0,High,Female,69.0,Good,4.0,Manufacturing Director,Very High,Single,13725.999999999998,21829.0,3.0,Y,Yes,13.0,Excellent,Low,80.0,0.0,30.0,4.0,Excellent,5.0,3.0,4.0,3.0,No
627,49.0,Travel_Rarely,174.0,Sales,8.0,Master,Technical Degree,1.0,Very High,Male,56.0,Good,4.0,Sales Executive,Good,Married,13119.999999999993,11879.0,6.0,Y,No,17.0,Excellent,Good,80.0,1.0,22.0,3.0,Excellent,9.0,8.0,2.0,3.0,No
628,36.0,Travel_Rarely,132.0,Research & Development,6.0,Bachelor,Life Sciences,1.0,Good,Female,55.0,Very High,1.0,Laboratory Technician,Very High,Married,3038.0,22002.0,3.0,Y,No,12.0,Excellent,Good,80.0,0.0,5.0,3.0,Excellent,1.0,0.0,0.0,0.0,No
629,53.0,Travel_Rarely,970.0,Research & Development,7.0,Bachelor,Life Sciences,1.0,High,Male,59.0,Very High,4.0,Research Director,High,Married,14814.000000000007,13514.0,3.0,Y,No,19.0,Excellent,High,80.0,0.0,32.0,3.0,Excellent,5.0,1.0,1.0,3.0,No
630,53.0,Travel_Rarely,868.0,Sales,8.0,Bachelor,Marketing,1.0,Low,Male,73.0,High,4.0,Sales Executive,Very High,Married,11836.0,22789.0,5.0,Y,No,14.0,Excellent,High,80.0,1.0,28.0,3.0,Excellent,2.0,0.0,2.0,2.0,No
631,31.0,Travel_Frequently,1445.0000000000002,Research & Development,1.0,Doctor,Life Sciences,1.0,High,Female,100.0,Very High,3.0,Manufacturing Director,Good,Single,7446.0,8931.0,1.0,Y,No,11.0,Excellent,Low,80.0,0.0,10.0,2.0,Excellent,10.0,8.0,4.0,7.0,Yes
632,29.0,Travel_Rarely,1389.0,Research & Development,21.0,Master,Life Sciences,1.0,Good,Female,51.0,Very High,3.0,Manufacturing Director,Low,Divorced,9980.0,10194.999999999998,1.0,Y,No,11.0,Excellent,High,80.0,1.0,10.0,1.0,Excellent,10.0,9.0,8.0,8.0,No
633,26.0,Travel_Frequently,342.0,Research & Development,2.0,Bachelor,Life Sciences,1.0,Low,Male,57.0,High,1.0,Research Scientist,Low,Married,2042.0,15346.0,6.0,Y,Yes,14.0,Excellent,Good,80.0,1.0,6.0,2.0,Excellent,3.0,2.0,1.0,2.0,Yes
634,20.0,Travel_Rarely,500.0,Sales,2.0,Bachelor,Medical,1.0,High,Female,49.0,Good,1.0,Sales Representative,High,Single,2044.0,22052.000000000004,1.0,Y,No,13.0,Excellent,Very High,80.0,0.0,2.0,3.0,Good,2.0,2.0,0.0,2.0,Yes
635,31.0,Travel_Rarely,828.0,Sales,2.0,Below College,Life Sciences,1.0,Good,Male,77.0,High,2.0,Sales Executive,Very High,Single,6582.0,8346.000000000004,4.0,Y,Yes,13.0,Excellent,High,80.0,0.0,10.0,2.0,Outstanding,6.0,5.0,0.0,5.0,No
636,33.0,Travel_Rarely,1075.0,Human Resources,3.0,College,Human Resources,1.0,Very High,Male,57.0,High,1.0,Human Resources,Good,Divorced,2276.9999999999995,22650.0,3.0,Y,Yes,11.0,Excellent,High,80.0,1.0,7.0,4.0,Outstanding,4.0,3.0,0.0,3.0,No
637,25.0,Travel_Rarely,949.0,Research & Development,1.0,Bachelor,Technical Degree,1.0,Low,Male,81.0,High,1.0,Laboratory Technician,Very High,Married,3229.0,4910.0,4.0,Y,No,11.0,Excellent,Good,80.0,1.0,7.0,2.0,Good,3.0,2.0,0.0,2.0,No
638,34.0,Travel_Rarely,1442.0,Research & Development,9.0,Bachelor,Medical,1.0,Very High,Female,46.0,Good,3.0,Healthcare Representative,Good,Single,8621.0,17654.0,1.0,Y,No,14.0,Excellent,Good,80.0,0.0,9.0,3.0,Outstanding,8.0,7.0,7.0,7.0,No
639,33.0,Travel_Frequently,514.9999999999998,Research & Development,1.0,College,Life Sciences,1.0,Low,Female,98.0,High,3.0,Research Director,Very High,Single,13458.0,15146.0,1.0,Y,Yes,12.0,Excellent,High,80.0,0.0,15.0,1.0,Excellent,15.0,14.0,8.0,12.0,No
640,45.0,Travel_Rarely,1448.0,Research & Development,29.0,Bachelor,Technical Degree,1.0,Good,Male,55.0,High,3.0,Manufacturing Director,Very High,Married,9380.0,14719.999999999998,4.0,Y,Yes,18.0,Excellent,Very High,80.0,2.0,10.0,4.0,Outstanding,3.0,1.0,1.0,2.0,No
641,40.0,Travel_Frequently,901.9999999999999,Research & Development,26.0,College,Medical,1.0,High,Female,92.0,Good,2.0,Research Scientist,Very High,Married,4422.0,21203.0,3.0,Y,Yes,13.0,Excellent,Very High,80.0,1.0,16.0,3.0,Low,1.0,1.0,0.0,0.0,No
642,22.0,Travel_Rarely,253.0,Research & Development,11.0,Bachelor,Medical,1.0,Low,Female,43.0,High,1.0,Research Scientist,Good,Married,2244.0000000000005,24440.0,1.0,Y,No,13.0,Excellent,Very High,80.0,1.0,2.0,1.0,Excellent,2.0,1.0,1.0,2.0,No
643,38.0,Travel_Rarely,1180.0,Research & Development,29.0,Below College,Medical,1.0,Good,Male,70.0,High,2.0,Healthcare Representative,Low,Married,6673.0,11353.999999999998,7.0,Y,Yes,19.0,Excellent,Good,80.0,0.0,17.0,2.0,Excellent,1.0,0.0,0.0,0.0,Yes
644,43.0,Travel_Rarely,782.0000000000001,Research & Development,6.0,Master,Other,1.0,Good,Male,50.0,Good,4.0,Research Director,Very High,Divorced,16627.0,2670.999999999998,4.0,Y,Yes,14.0,Excellent,High,80.0,1.0,21.0,3.0,Good,1.0,0.0,0.0,0.0,No
645,48.0,Travel_Rarely,530.0,Sales,29.0,Below College,Medical,1.0,Low,Female,91.0,High,3.0,Manager,High,Married,12504.0,23977.999999999996,3.0,Y,No,21.0,Outstanding,Good,80.0,1.0,15.0,3.0,Low,0.0,0.0,0.0,0.0,No
646,18.0,Non-Travel,287.0,Research & Development,5.0,College,Life Sciences,1.0,Good,Male,73.0,High,1.0,Research Scientist,Very High,Single,1051.0,13493.0,1.0,Y,No,15.0,Excellent,Very High,80.0,0.0,0.0,2.0,Excellent,0.0,0.0,0.0,0.0,No
647,35.0,Travel_Rarely,1296.0,Research & Development,5.0,Master,Technical Degree,1.0,High,Male,62.0,High,3.0,Manufacturing Director,Good,Single,8094.999999999998,18264.0,0.0,Y,No,13.0,Excellent,Very High,80.0,0.0,17.0,5.0,Excellent,16.0,6.0,0.0,13.0,No
648,28.0,Travel_Frequently,193.0,Research & Development,2.0,Bachelor,Life Sciences,1.0,Very High,Male,52.0,Good,1.0,Laboratory Technician,Very High,Married,3867.0,14221.999999999998,1.0,Y,Yes,12.0,Excellent,Good,80.0,1.0,2.0,2.0,Excellent,2.0,2.0,2.0,2.0,No
649,48.0,Travel_Rarely,1236.0,Research & Development,1.0,Master,Life Sciences,1.0,Very High,Female,40.0,Good,4.0,Manager,Low,Married,15402.000000000002,17997.0,7.0,Y,No,11.0,Excellent,Low,80.0,1.0,21.0,3.0,Low,3.0,2.0,0.0,2.0,No
650,40.0,Travel_Rarely,989.0,Research & Development,4.0,Below College,Medical,1.0,Very High,Female,46.0,High,5.0,Manager,High,Married,19033.000000000007,6499.0000000000055,1.0,Y,No,14.0,Excellent,Good,80.0,1.0,21.0,2.0,Excellent,20.0,8.0,9.0,9.0,No
651,25.0,Travel_Rarely,141.0,Sales,3.0,Below College,Other,1.0,High,Male,98.0,High,2.0,Sales Executive,Low,Married,4194.0,14363.0,1.0,Y,Yes,18.0,Excellent,Very High,80.0,0.0,5.0,3.0,Excellent,5.0,3.0,0.0,3.0,No
652,29.0,Travel_Rarely,806.0,Research & Development,7.0,Bachelor,Technical Degree,1.0,Good,Female,39.0,High,1.0,Laboratory Technician,High,Divorced,3339.0,17285.0,3.0,Y,Yes,13.0,Excellent,Low,80.0,2.0,10.0,2.0,Excellent,7.0,7.0,7.0,7.0,Yes
653,55.0,Travel_Frequently,1091.0,Research & Development,2.0,Below College,Life Sciences,1.0,Very High,Male,65.0,High,3.0,Manufacturing Director,Good,Married,10976.0,15813.000000000002,3.0,Y,No,18.0,Excellent,Good,80.0,1.0,23.0,4.0,Excellent,3.0,2.0,1.0,2.0,No
654,31.0,Travel_Rarely,1274.0,Research & Development,9.0,Below College,Life Sciences,1.0,High,Male,33.0,High,3.0,Manufacturing Director,Good,Divorced,10648.0,14394.0,1.0,Y,No,25.0,Outstanding,Very High,80.0,1.0,13.0,6.0,Outstanding,13.0,8.0,0.0,8.0,No
655,36.0,Travel_Rarely,216.0,Research & Development,6.0,College,Medical,1.0,Good,Male,84.0,High,2.0,Manufacturing Director,Good,Divorced,4941.0,2819.0,6.0,Y,No,20.0,Outstanding,Very High,80.0,2.0,7.0,0.0,Excellent,3.0,2.0,0.0,1.0,No
656,38.0,Travel_Rarely,1009.0,Sales,2.0,College,Life Sciences,1.0,Good,Female,31.0,High,2.0,Sales Executive,Low,Divorced,6892.999999999999,19461.0,3.0,Y,No,15.0,Excellent,Very High,80.0,1.0,11.0,3.0,Excellent,7.0,7.0,1.0,7.0,No
657,56.0,Travel_Rarely,713.0000000000001,Research & Development,8.0,Bachelor,Life Sciences,1.0,High,Female,67.0,High,1.0,Research Scientist,Low,Divorced,4257.0,13939.0,4.0,Y,Yes,18.0,Excellent,High,80.0,1.0,19.0,3.0,Excellent,2.0,2.0,2.0,2.0,No
658,59.0,Travel_Frequently,1225.0,Sales,1.0,Below College,Life Sciences,1.0,Low,Female,57.0,Good,2.0,Sales Executive,High,Single,5473.0,24668.0,7.0,Y,No,11.0,Excellent,Very High,80.0,0.0,20.0,2.0,Good,4.0,3.0,1.0,3.0,No
659,27.0,Travel_Rarely,1220.0,Research & Development,5.0,Bachelor,Life Sciences,1.0,High,Female,85.0,High,1.0,Research Scientist,Good,Single,2478.0,20938.0,1.0,Y,Yes,12.0,Excellent,Good,80.0,0.0,4.0,2.0,Good,4.0,3.0,1.0,2.0,No
660,35.0,Travel_Rarely,882.0,Sales,3.0,Master,Life Sciences,1.0,Very High,Male,92.0,High,3.0,Sales Executive,Very High,Divorced,7822.999999999998,6812.0,6.0,Y,No,13.0,Excellent,Good,80.0,1.0,12.0,2.0,Excellent,10.0,9.0,0.0,8.0,No
661,34.0,Travel_Rarely,546.0,Research & Development,10.0,Bachelor,Life Sciences,1.0,Good,Male,83.0,High,1.0,Laboratory Technician,Good,Divorced,2008.0,6896.0,1.0,Y,No,14.0,Excellent,Good,80.0,2.0,1.0,3.0,Excellent,1.0,0.0,1.0,0.0,No
662,42.0,Travel_Rarely,916.0,Research & Development,17.0,College,Life Sciences,1.0,Very High,Female,82.0,Very High,2.0,Research Scientist,Low,Single,6545.0,23016.0,3.0,Y,Yes,13.0,Excellent,High,80.0,0.0,10.0,1.0,Excellent,3.0,2.0,0.0,2.0,No
663,34.0,Travel_Rarely,1031.0,Research & Development,6.0,Master,Life Sciences,1.0,High,Female,45.0,Good,2.0,Research Scientist,Good,Divorced,4505.0,15000.0,6.0,Y,No,15.0,Excellent,High,80.0,1.0,12.0,3.0,Excellent,1.0,0.0,0.0,0.0,No
664,41.0,Travel_Rarely,645.0,Sales,1.0,Bachelor,Marketing,1.0,Good,Male,49.0,Very High,3.0,Sales Executive,Low,Married,8392.0,19566.0,1.0,Y,No,16.0,Excellent,High,80.0,1.0,10.0,2.0,Excellent,10.0,7.0,0.0,7.0,No
665,26.0,Travel_Frequently,426.0,Human Resources,17.0,Master,Life Sciences,1.0,Good,Female,58.0,High,1.0,Human Resources,High,Divorced,2741.0,22808.0,0.0,Y,Yes,11.0,Excellent,Good,80.0,1.0,8.0,2.0,Good,7.0,7.0,1.0,0.0,Yes
666,31.0,Travel_Frequently,874.0,Research & Development,15.0,Bachelor,Medical,1.0,High,Male,72.0,High,1.0,Laboratory Technician,High,Married,2610.0,6233.000000000001,1.0,Y,No,12.0,Excellent,High,80.0,1.0,2.0,5.0,Good,2.0,2.0,2.0,2.0,Yes
667,19.0,Travel_Rarely,489.0,Human Resources,2.0,College,Technical Degree,1.0,Low,Male,52.0,Good,1.0,Human Resources,Very High,Single,2564.0,18437.0,1.0,Y,No,12.0,Excellent,High,80.0,0.0,1.0,3.0,Outstanding,1.0,0.0,0.0,0.0,Yes
668,32.0,Travel_Rarely,638.0,Research & Development,8.0,College,Medical,1.0,High,Female,91.0,Very High,2.0,Research Scientist,High,Married,5174.999999999999,22162.0,5.0,Y,No,12.0,Excellent,High,80.0,1.0,9.0,3.0,Good,5.0,3.0,1.0,3.0,No
669,50.0,Non-Travel,145.0,Sales,1.0,Bachelor,Life Sciences,1.0,Very High,Female,95.0,High,2.0,Sales Executive,High,Married,6347.0,24920.000000000004,0.0,Y,No,12.0,Excellent,Low,80.0,1.0,19.0,3.0,Excellent,18.0,7.0,0.0,13.0,No
670,36.0,Non-Travel,217.0,Research & Development,18.0,Master,Life Sciences,1.0,Low,Male,78.0,High,2.0,Manufacturing Director,Very High,Single,7779.0,23238.000000000004,2.0,Y,No,20.0,Outstanding,Low,80.0,0.0,18.0,0.0,Excellent,11.0,9.0,0.0,9.0,No
671,44.0,Travel_Rarely,1099.0,Sales,5.0,Bachelor,Marketing,1.0,Good,Male,88.0,High,5.0,Manager,Good,Married,18213.0,8751.0,7.0,Y,No,11.0,Excellent,High,80.0,1.0,26.0,5.0,Excellent,22.0,9.0,3.0,10.0,No
672,25.0,Travel_Rarely,810.0,Sales,8.0,Bachelor,Life Sciences,1.0,Very High,Male,57.0,Very High,2.0,Sales Executive,Good,Married,4851.0,15678.0,0.0,Y,No,22.0,Outstanding,High,80.0,1.0,4.0,4.0,Excellent,3.0,2.0,1.0,2.0,No
673,33.0,Travel_Rarely,460.99999999999994,Research & Development,13.0,Below College,Life Sciences,1.0,Good,Female,53.0,High,1.0,Research Scientist,Very High,Single,3452.0,17241.0,3.0,Y,No,18.0,Excellent,Low,80.0,0.0,5.0,4.0,Excellent,3.0,2.0,0.0,2.0,No
674,27.0,Travel_Rarely,1103.0,Research & Development,14.0,Bachelor,Life Sciences,1.0,Low,Male,42.0,High,1.0,Research Scientist,Low,Married,2234.9999999999995,14377.0,1.0,Y,Yes,14.0,Excellent,Very High,80.0,2.0,9.0,3.0,Good,9.0,7.0,6.0,8.0,No
675,29.0,Travel_Rarely,718.0,Research & Development,8.0,Below College,Medical,1.0,Good,Male,79.0,Good,2.0,Manufacturing Director,Very High,Married,5056.0,17689.0,1.0,Y,Yes,15.0,Excellent,High,80.0,1.0,10.0,2.0,Good,10.0,7.0,1.0,2.0,No
676,50.0,Travel_Rarely,328.00000000000006,Research & Development,1.0,Bachelor,Medical,1.0,High,Male,86.0,Good,1.0,Laboratory Technician,High,Married,3690.0,3425.0,2.0,Y,No,15.0,Excellent,Very High,80.0,1.0,5.0,2.0,Good,3.0,2.0,0.0,2.0,No
677,25.0,Travel_Rarely,266.0,Research & Development,1.0,Bachelor,Medical,1.0,Very High,Female,40.0,High,1.0,Research Scientist,Good,Single,2096.0,18830.0,1.0,Y,No,18.0,Excellent,Very High,80.0,0.0,2.0,3.0,Good,2.0,2.0,2.0,1.0,No
678,35.0,Travel_Rarely,528.0,Human Resources,8.0,Master,Technical Degree,1.0,High,Male,100.0,High,1.0,Human Resources,High,Single,4323.0,7108.0,1.0,Y,No,17.0,Excellent,Good,80.0,0.0,6.0,2.0,Low,5.0,4.0,1.0,4.0,No
679,33.0,Travel_Rarely,349.9999999999998,Sales,5.0,Bachelor,Marketing,1.0,Very High,Female,34.0,High,1.0,Sales Representative,High,Single,2851.0000000000005,9150.0,1.0,Y,Yes,13.0,Excellent,Good,80.0,0.0,1.0,2.0,Excellent,1.0,0.0,0.0,0.0,Yes
680,57.0,Travel_Rarely,210.0,Sales,29.0,Bachelor,Marketing,1.0,Low,Male,56.0,Good,4.0,Manager,Very High,Divorced,14118.000000000004,22102.0,3.0,Y,No,12.0,Excellent,High,80.0,1.0,32.0,3.0,Good,1.0,0.0,0.0,0.0,No
681,39.0,Travel_Rarely,895.0,Sales,5.0,Bachelor,Technical Degree,1.0,Very High,Male,56.0,High,2.0,Sales Representative,Very High,Married,2086.0,3335.0,3.0,Y,No,14.0,Excellent,High,80.0,1.0,19.0,6.0,Outstanding,1.0,0.0,0.0,0.0,Yes
682,20.0,Travel_Frequently,769.0,Sales,9.0,Bachelor,Marketing,1.0,Very High,Female,54.0,High,1.0,Sales Representative,Very High,Single,2323.0,17205.0,1.0,Y,Yes,14.0,Excellent,Good,80.0,0.0,2.0,3.0,Excellent,2.0,2.0,0.0,2.0,Yes
683,58.0,Non-Travel,389.9999999999999,Research & Development,1.0,Master,Life Sciences,1.0,Very High,Male,32.0,Low,2.0,Healthcare Representative,High,Divorced,5660.0,17056.0,2.0,Y,Yes,13.0,Excellent,Very High,80.0,1.0,12.0,2.0,Excellent,5.0,3.0,1.0,2.0,No
684,51.0,Travel_Rarely,1302.0,Research & Development,2.0,Bachelor,Medical,1.0,Very High,Male,84.0,Low,2.0,Manufacturing Director,Good,Divorced,5482.0,16321.0,5.0,Y,No,18.0,Excellent,Very High,80.0,1.0,13.0,3.0,Excellent,4.0,1.0,1.0,2.0,No
685,33.0,Travel_Rarely,922.0,Research & Development,1.0,Doctor,Medical,1.0,Low,Female,95.0,Very High,4.0,Research Director,High,Divorced,16184.00000000001,22578.0,4.0,Y,No,19.0,Excellent,High,80.0,1.0,10.0,2.0,Excellent,6.0,1.0,0.0,5.0,No
686,38.0,Travel_Rarely,130.0,Sales,2.0,College,Marketing,1.0,Very High,Male,32.0,High,3.0,Sales Executive,Good,Single,7351.0,20619.0,7.0,Y,No,16.0,Excellent,High,80.0,0.0,10.0,2.0,Excellent,1.0,0.0,0.0,0.0,No
687,37.0,Non-Travel,728.0,Research & Development,1.0,Master,Medical,1.0,Low,Female,80.0,High,3.0,Research Director,Very High,Divorced,13603.0,11677.0,2.0,Y,Yes,18.0,Excellent,Low,80.0,2.0,15.0,2.0,Excellent,5.0,2.0,0.0,2.0,No
688,37.0,Travel_Rarely,408.0,Research & Development,19.0,College,Life Sciences,1.0,Good,Male,73.0,High,1.0,Research Scientist,Good,Married,3022.0,10227.0,4.0,Y,No,21.0,Outstanding,Low,80.0,0.0,8.0,1.0,Excellent,1.0,0.0,0.0,0.0,No
689,33.0,Travel_Rarely,465.0,Research & Development,2.0,College,Life Sciences,1.0,Low,Female,39.0,High,1.0,Laboratory Technician,Low,Married,2707.0,21509.0,7.0,Y,No,20.0,Outstanding,Low,80.0,0.0,13.0,3.0,Outstanding,9.0,7.0,1.0,7.0,Yes
690,39.0,Travel_Rarely,524.0,Research & Development,18.0,College,Life Sciences,1.0,Low,Male,32.0,High,2.0,Manufacturing Director,High,Single,4534.0,13352.0,0.0,Y,No,11.0,Excellent,Low,80.0,0.0,9.0,6.0,Excellent,8.0,7.0,1.0,7.0,No
691,22.0,Travel_Frequently,1367.9999999999998,Research & Development,4.0,Below College,Technical Degree,1.0,High,Male,99.0,Good,1.0,Laboratory Technician,High,Single,3893.9999999999995,9129.0,5.0,Y,No,16.0,Excellent,High,80.0,0.0,4.0,3.0,Excellent,2.0,2.0,1.0,2.0,Yes
692,52.0,Travel_Rarely,1325.0,Research & Development,11.0,Master,Life Sciences,1.0,Very High,Female,82.0,High,2.0,Laboratory Technician,High,Married,3149.0,21821.0,8.0,Y,No,20.0,Outstanding,Good,80.0,1.0,9.0,3.0,Excellent,5.0,2.0,1.0,4.0,No
693,40.0,Travel_Rarely,1492.0000000000002,Research & Development,20.0,Master,Technical Degree,1.0,Low,Male,61.0,High,3.0,Healthcare Representative,Very High,Married,10322.0,26542.0,4.0,Y,No,20.0,Outstanding,Very High,80.0,1.0,14.0,6.0,Excellent,11.0,10.0,11.0,1.0,No
694,35.0,Travel_Rarely,1219.0,Sales,18.0,Bachelor,Medical,1.0,High,Female,86.0,High,2.0,Sales Executive,High,Married,4601.0,6179.0,1.0,Y,No,16.0,Excellent,Good,80.0,0.0,5.0,3.0,Excellent,5.0,2.0,1.0,0.0,No
695,47.0,Travel_Rarely,1454.0,Sales,2.0,Master,Life Sciences,1.0,Very High,Female,65.0,Good,1.0,Sales Representative,Very High,Single,3294.0,13137.0,1.0,Y,Yes,18.0,Excellent,Low,80.0,0.0,3.0,3.0,Good,3.0,2.0,1.0,2.0,No
696,54.0,Non-Travel,142.0,Human Resources,26.0,Bachelor,Human Resources,1.0,Very High,Female,30.0,Very High,4.0,Manager,Very High,Single,17328.0,13871.0,2.0,Y,Yes,12.0,Excellent,High,80.0,0.0,23.0,3.0,Excellent,5.0,3.0,4.0,4.0,No
697,32.0,Travel_Rarely,374.0000000000001,Research & Development,25.0,Master,Life Sciences,1.0,Low,Male,87.0,High,1.0,Laboratory Technician,Very High,Single,2795.0,18016.0,1.0,Y,Yes,24.0,Outstanding,High,80.0,0.0,1.0,2.0,Low,1.0,0.0,0.0,1.0,Yes
698,29.0,Non-Travel,1496.0,Research & Development,1.0,Below College,Technical Degree,1.0,Very High,Male,41.0,High,2.0,Manufacturing Director,High,Married,4319.0,26283.0,1.0,Y,No,13.0,Excellent,Low,80.0,1.0,10.0,1.0,Excellent,10.0,7.0,0.0,9.0,No
699,28.0,Travel_Rarely,640.0,Research & Development,1.0,Bachelor,Technical Degree,1.0,Very High,Male,84.0,High,1.0,Research Scientist,Low,Single,2079.9999999999995,4732.000000000004,2.0,Y,No,11.0,Excellent,Good,80.0,0.0,5.0,2.0,Good,3.0,2.0,1.0,2.0,No
700,36.0,Travel_Rarely,938.0,Research & Development,2.0,Master,Medical,1.0,High,Male,79.0,High,1.0,Laboratory Technician,High,Single,2519.0,12287.0,4.0,Y,No,21.0,Outstanding,High,80.0,0.0,16.0,6.0,Excellent,11.0,8.0,3.0,9.0,No
701,34.0,Travel_Frequently,648.0,Human Resources,11.0,Bachelor,Life Sciences,1.0,High,Male,56.0,Good,2.0,Human Resources,Good,Married,4490.0,21833.0,4.0,Y,No,11.0,Excellent,Very High,80.0,2.0,14.0,5.0,Outstanding,10.0,9.0,1.0,8.0,No
702,39.0,Travel_Frequently,672.0,Research & Development,7.0,College,Medical,1.0,High,Male,54.0,Good,5.0,Manager,Very High,Married,19272.0,21141.0,1.0,Y,No,15.0,Excellent,Low,80.0,1.0,21.0,2.0,Excellent,21.0,9.0,13.0,3.0,No
703,56.0,Travel_Rarely,441.0000000000001,Research & Development,14.0,Master,Life Sciences,1.0,Good,Female,72.0,High,1.0,Research Scientist,Good,Married,4963.0,4509.999999999998,9.0,Y,Yes,18.0,Excellent,Low,80.0,3.0,7.0,2.0,Excellent,5.0,4.0,4.0,3.0,Yes
704,44.0,Travel_Rarely,1117.0,Research & Development,2.0,Below College,Life Sciences,1.0,Low,Female,72.0,Very High,1.0,Research Scientist,Very High,Married,2011.0,19982.0,1.0,Y,No,13.0,Excellent,Very High,80.0,1.0,10.0,5.0,Excellent,10.0,5.0,7.0,7.0,No
705,49.0,Travel_Rarely,527.0,Research & Development,8.0,College,Other,1.0,Low,Female,51.0,High,3.0,Laboratory Technician,Good,Married,7403.0,22477.0,4.0,Y,No,11.0,Excellent,High,80.0,1.0,29.0,3.0,Good,26.0,9.0,1.0,7.0,No
706,42.0,Travel_Frequently,933.0,Research & Development,19.0,Bachelor,Medical,1.0,High,Male,57.0,Very High,1.0,Research Scientist,High,Divorced,2759.0,20366.0,6.0,Y,Yes,12.0,Excellent,Very High,80.0,0.0,7.0,2.0,Excellent,2.0,2.0,2.0,2.0,Yes
707,30.0,Travel_Rarely,1329.0,Sales,29.0,Master,Life Sciences,1.0,High,Male,61.0,High,2.0,Sales Executive,Low,Divorced,4115.0,13192.000000000002,8.0,Y,No,19.0,Excellent,High,80.0,3.0,8.0,3.0,Excellent,4.0,3.0,0.0,3.0,No
708,40.0,Non-Travel,218.0,Research & Development,8.0,Below College,Medical,1.0,Very High,Male,55.0,Good,3.0,Research Director,Good,Divorced,13757.000000000002,25178.0,2.0,Y,No,11.0,Excellent,High,80.0,1.0,16.0,5.0,Excellent,9.0,8.0,4.0,8.0,No
709,44.0,Non-Travel,381.00000000000006,Research & Development,24.0,Bachelor,Medical,1.0,Low,Male,49.0,Low,1.0,Laboratory Technician,High,Single,3708.0,2103.999999999998,2.0,Y,No,14.0,Excellent,High,80.0,0.0,9.0,5.0,Excellent,5.0,2.0,1.0,4.0,No
710,52.0,Travel_Frequently,890.0,Research & Development,25.0,Master,Medical,1.0,High,Female,81.0,Good,4.0,Manufacturing Director,Very High,Married,13826.000000000004,19028.0,3.0,Y,No,22.0,Outstanding,High,80.0,0.0,31.0,3.0,Excellent,9.0,8.0,0.0,0.0,No
711,54.0,Travel_Rarely,970.9999999999999,Research & Development,1.0,Bachelor,Medical,1.0,Very High,Female,54.0,High,4.0,Research Director,Very High,Single,17328.0,5652.000000000004,6.0,Y,No,19.0,Excellent,Very High,80.0,0.0,29.0,3.0,Good,20.0,7.0,12.0,7.0,No
712,25.0,Travel_Rarely,1219.0,Research & Development,4.0,Below College,Technical Degree,1.0,Very High,Male,32.0,High,1.0,Laboratory Technician,Very High,Married,3691.0,4605.000000000002,1.0,Y,Yes,15.0,Excellent,Good,80.0,1.0,7.0,3.0,Outstanding,7.0,7.0,5.0,6.0,Yes
713,35.0,Non-Travel,1225.0,Research & Development,2.0,Master,Life Sciences,1.0,Very High,Female,61.0,High,2.0,Healthcare Representative,Low,Divorced,5092.999999999999,4761.0,2.0,Y,No,11.0,Excellent,Low,80.0,1.0,16.0,2.0,Outstanding,1.0,0.0,0.0,0.0,No
714,29.0,Travel_Rarely,657.0,Research & Development,27.0,Bachelor,Medical,1.0,Good,Female,66.0,High,2.0,Healthcare Representative,High,Married,4335.0,25549.0,4.0,Y,No,12.0,Excellent,Low,80.0,1.0,11.0,3.0,Good,8.0,7.0,1.0,1.0,No
715,22.0,Travel_Rarely,533.9999999999999,Research & Development,15.0,Bachelor,Medical,1.0,Good,Female,59.0,High,1.0,Laboratory Technician,Very High,Single,2871.0000000000005,23785.0,1.0,Y,No,15.0,Excellent,High,80.0,0.0,1.0,5.0,Excellent,0.0,0.0,0.0,0.0,No
716,38.0,Travel_Rarely,1495.0,Research & Development,10.0,Bachelor,Medical,1.0,High,Female,76.0,High,2.0,Healthcare Representative,High,Married,9824.0,22173.999999999996,3.0,Y,No,19.0,Excellent,High,80.0,1.0,18.0,4.0,Excellent,1.0,0.0,0.0,0.0,No
717,33.0,Travel_Rarely,586.0,Sales,1.0,Bachelor,Medical,1.0,Low,Male,48.0,Very High,2.0,Sales Executive,Low,Divorced,4037.0,21816.0,1.0,Y,No,22.0,Outstanding,Low,80.0,1.0,9.0,5.0,Excellent,9.0,8.0,0.0,8.0,No
718,25.0,Travel_Frequently,598.9999999999999,Sales,24.0,Below College,Life Sciences,1.0,High,Male,73.0,Low,1.0,Sales Representative,Very High,Single,1118.0,8040.0,1.0,Y,Yes,14.0,Excellent,Very High,80.0,0.0,1.0,4.0,Excellent,1.0,0.0,1.0,0.0,Yes
719,31.0,Travel_Rarely,479.99999999999983,Research & Development,7.0,College,Medical,1.0,Good,Female,31.0,High,2.0,Manufacturing Director,Low,Married,4306.0,4156.000000000002,1.0,Y,No,12.0,Excellent,Good,80.0,1.0,13.0,5.0,Low,13.0,10.0,3.0,12.0,No
720,29.0,Travel_Rarely,1176.0,Sales,3.0,College,Medical,1.0,Good,Female,62.0,High,2.0,Sales Executive,High,Married,5561.000000000002,3486.999999999998,1.0,Y,No,14.0,Excellent,Low,80.0,1.0,6.0,5.0,Good,6.0,0.0,1.0,2.0,No
721,29.0,Travel_Frequently,1404.0,Sales,20.0,Bachelor,Technical Degree,1.0,High,Female,84.0,High,1.0,Sales Representative,Very High,Married,2157.0000000000005,18203.0,1.0,Y,No,15.0,Excellent,Good,80.0,1.0,3.0,5.0,Excellent,3.0,1.0,0.0,2.0,No
722,54.0,Travel_Frequently,928.0,Research & Development,20.0,Master,Life Sciences,1.0,Very High,Female,31.0,High,2.0,Research Scientist,High,Single,4869.0,16885.0,3.0,Y,No,12.0,Excellent,Very High,80.0,0.0,20.0,4.0,Good,4.0,3.0,0.0,3.0,No
723,54.0,Travel_Rarely,375.99999999999994,Research & Development,19.0,Master,Medical,1.0,Very High,Female,95.0,High,2.0,Manufacturing Director,Low,Divorced,5485.0,22670.0,9.0,Y,Yes,11.0,Excellent,Good,80.0,2.0,9.0,4.0,Excellent,5.0,3.0,1.0,4.0,No
724,31.0,Non-Travel,335.0,Research & Development,9.0,College,Medical,1.0,High,Male,46.0,Good,1.0,Research Scientist,Low,Single,2321.0,10322.0,0.0,Y,Yes,22.0,Outstanding,Low,80.0,0.0,4.0,0.0,Excellent,3.0,2.0,1.0,2.0,Yes
725,47.0,Travel_Rarely,465.0,Research & Development,1.0,Bachelor,Technical Degree,1.0,Low,Male,74.0,High,1.0,Research Scientist,Very High,Married,3420.0,10205.0,7.0,Y,No,12.0,Excellent,High,80.0,1.0,17.0,2.0,Good,6.0,5.0,1.0,2.0,No
726,36.0,Travel_Rarely,1298.9999999999998,Research & Development,27.0,Bachelor,Medical,1.0,High,Male,94.0,High,2.0,Healthcare Representative,High,Married,5237.0,16577.0,6.0,Y,No,13.0,Excellent,Good,80.0,2.0,17.0,3.0,Good,7.0,7.0,7.0,7.0,No
727,41.0,Travel_Rarely,1283.0,Research & Development,5.0,Doctor,Medical,1.0,Good,Male,90.0,Very High,1.0,Research Scientist,High,Married,2127.0,5561.0,2.0,Y,Yes,12.0,Excellent,Low,80.0,0.0,7.0,5.0,Good,4.0,2.0,0.0,3.0,No
728,29.0,Travel_Frequently,115.0,Sales,13.0,Bachelor,Technical Degree,1.0,Low,Female,51.0,High,2.0,Sales Executive,Good,Single,5765.0,17485.0,5.0,Y,No,11.0,Excellent,Low,80.0,0.0,7.0,4.0,Low,5.0,3.0,0.0,0.0,Yes
729,18.0,Travel_Frequently,1306.0,Sales,5.0,Bachelor,Marketing,1.0,Good,Male,69.0,High,1.0,Sales Representative,Good,Single,1877.9999999999995,8058.999999999996,1.0,Y,Yes,14.0,Excellent,Very High,80.0,0.0,0.0,3.0,Excellent,0.0,0.0,0.0,0.0,Yes
730,32.0,Travel_Rarely,1018.0,Research & Development,2.0,Master,Medical,1.0,Low,Female,74.0,Very High,2.0,Research Scientist,Very High,Single,5055.0,10557.0,7.0,Y,No,16.0,Excellent,High,80.0,0.0,10.0,0.0,Good,7.0,7.0,0.0,7.0,No
731,42.0,Travel_Rarely,532.0,Research & Development,4.0,College,Technical Degree,1.0,High,Male,58.0,High,5.0,Manager,Very High,Married,19232.0,4933.000000000004,1.0,Y,No,11.0,Excellent,Very High,80.0,0.0,22.0,3.0,Excellent,22.0,17.0,11.0,15.0,No
732,58.0,Travel_Rarely,682.0,Sales,10.0,Master,Medical,1.0,Very High,Male,37.0,High,4.0,Sales Executive,High,Single,13871.999999999996,24409.0,0.0,Y,No,13.0,Excellent,High,80.0,0.0,37.99999999999998,1.0,Good,36.99999999999999,10.0,1.0,8.0,No
733,37.0,Travel_Rarely,1192.0,Research & Development,5.0,College,Medical,1.0,Very High,Male,61.0,High,2.0,Manufacturing Director,Very High,Divorced,6347.0,23177.0,7.0,Y,No,16.0,Excellent,High,80.0,2.0,8.0,2.0,Good,6.0,2.0,0.0,4.0,No
734,39.0,Travel_Frequently,945.0,Research & Development,22.0,Bachelor,Medical,1.0,Very High,Female,82.0,High,3.0,Manufacturing Director,Low,Single,10879.999999999998,5083.000000000002,1.0,Y,Yes,13.0,Excellent,High,80.0,0.0,21.0,2.0,Excellent,21.0,6.0,2.0,8.0,No
735,31.0,Travel_Rarely,691.0,Sales,7.0,Bachelor,Marketing,1.0,Very High,Male,73.0,High,2.0,Sales Executive,Very High,Divorced,7547.0,7143.000000000001,4.0,Y,No,12.0,Excellent,Very High,80.0,3.0,13.0,3.0,Excellent,7.0,7.0,1.0,7.0,No
736,45.0,Travel_Rarely,1268.0,Sales,4.0,College,Life Sciences,1.0,High,Female,30.0,High,2.0,Sales Executive,Low,Divorced,5006.0,6319.0,4.0,Y,Yes,11.0,Excellent,Low,80.0,1.0,9.0,3.0,Outstanding,5.0,4.0,0.0,3.0,No
737,26.0,Travel_Rarely,1355.0,Human Resources,25.0,Below College,Life Sciences,1.0,High,Female,61.0,High,1.0,Human Resources,High,Married,2942.0,8916.0,1.0,Y,No,23.0,Outstanding,Very High,80.0,1.0,8.0,3.0,Excellent,8.0,7.0,5.0,7.0,No
738,28.0,Travel_Rarely,1434.0,Research & Development,5.0,Master,Technical Degree,1.0,High,Male,50.0,High,1.0,Laboratory Technician,High,Single,3441.0,11179.0,1.0,Y,Yes,13.0,Excellent,High,80.0,0.0,2.0,3.0,Good,2.0,2.0,2.0,2.0,Yes
739,35.0,Travel_Rarely,195.0,Sales,1.0,Bachelor,Medical,1.0,Low,Female,80.0,High,2.0,Sales Executive,High,Single,4859.0,6697.999999999999,1.0,Y,No,16.0,Excellent,Very High,80.0,0.0,5.0,3.0,Excellent,5.0,4.0,0.0,3.0,No
740,30.0,Non-Travel,1400.0,Research & Development,3.0,Bachelor,Life Sciences,1.0,High,Male,53.0,High,1.0,Laboratory Technician,Very High,Married,2097.0,16733.999999999996,4.0,Y,No,15.0,Excellent,High,80.0,1.0,9.0,3.0,Low,5.0,3.0,1.0,4.0,No
741,34.0,Travel_Frequently,1003.0,Research & Development,2.0,College,Life Sciences,1.0,Very High,Male,95.0,High,2.0,Manufacturing Director,High,Single,4033.0,15834.0,2.0,Y,No,11.0,Excellent,Very High,80.0,0.0,5.0,3.0,Good,3.0,2.0,0.0,2.0,No
742,43.0,Travel_Rarely,414.9999999999999,Sales,25.0,Bachelor,Medical,1.0,High,Male,79.0,Good,3.0,Sales Executive,Very High,Divorced,10798.0,5268.000000000002,5.0,Y,No,13.0,Excellent,High,80.0,1.0,18.0,5.0,Excellent,1.0,0.0,0.0,0.0,No
743,35.0,Travel_Rarely,755.0,Research & Development,9.0,Master,Life Sciences,1.0,High,Male,97.0,Good,2.0,Healthcare Representative,Good,Single,6540.0,19394.0,9.0,Y,No,19.0,Excellent,High,80.0,0.0,10.0,5.0,Excellent,1.0,1.0,0.0,0.0,No
744,35.0,Travel_Rarely,1361.0,Sales,17.0,Master,Life Sciences,1.0,High,Male,94.0,High,2.0,Sales Executive,Low,Married,8966.000000000002,21026.0,3.0,Y,Yes,15.0,Excellent,Very High,80.0,3.0,15.0,2.0,Excellent,7.0,7.0,1.0,7.0,No
745,54.0,Travel_Rarely,548.0,Research & Development,8.0,Master,Life Sciences,1.0,High,Female,42.0,High,2.0,Laboratory Technician,High,Single,3780.000000000001,23428.0,7.0,Y,No,11.0,Excellent,High,80.0,0.0,19.0,3.0,Excellent,1.0,0.0,0.0,0.0,No
746,20.0,Travel_Rarely,654.0,Sales,21.0,Bachelor,Marketing,1.0,High,Male,43.0,Very High,1.0,Sales Representative,Very High,Single,2677.9999999999995,5050.000000000002,1.0,Y,No,17.0,Excellent,Very High,80.0,0.0,2.0,2.0,Excellent,2.0,1.0,2.0,2.0,No
747,33.0,Travel_Rarely,527.0,Research & Development,1.0,Master,Other,1.0,Very High,Male,63.0,High,1.0,Research Scientist,Very High,Single,2686.0,5207.0,1.0,Y,Yes,13.0,Excellent,High,80.0,0.0,10.0,2.0,Good,10.0,9.0,7.0,8.0,Yes
748,41.0,Travel_Frequently,839.9999999999999,Research & Development,9.0,Bachelor,Medical,1.0,Low,Male,64.0,High,5.0,Research Director,High,Divorced,19419.0,3735.0,2.0,Y,No,17.0,Excellent,Good,80.0,1.0,21.0,2.0,Outstanding,18.0,16.0,0.0,11.0,No
749,56.0,Travel_Rarely,206.0,Human Resources,8.0,Master,Life Sciences,1.0,Very High,Male,99.0,High,5.0,Manager,Good,Single,19717.0,4022.0,6.0,Y,No,14.0,Excellent,Low,80.0,0.0,36.0,4.0,Excellent,7.0,3.0,7.0,7.0,No
750,27.0,Travel_Rarely,1377.0,Sales,2.0,Bachelor,Life Sciences,1.0,Very High,Male,74.0,High,2.0,Sales Executive,High,Single,4478.0,5241.999999999998,1.0,Y,Yes,11.0,Excellent,Low,80.0,0.0,5.0,3.0,Excellent,5.0,4.0,0.0,4.0,No
751,44.0,Travel_Rarely,200.0,Research & Development,29.0,Master,Other,1.0,Very High,Male,32.0,High,2.0,Research Scientist,Very High,Single,4541.0,7744.0,1.0,Y,No,25.0,Outstanding,Good,80.0,0.0,20.0,3.0,Excellent,20.0,11.0,13.0,17.0,No
752,34.0,Travel_Rarely,1320.0,Research & Development,20.0,Bachelor,Technical Degree,1.0,High,Female,89.0,Very High,1.0,Research Scientist,High,Married,2584.9999999999995,21643.0,0.0,Y,No,17.0,Excellent,Very High,80.0,0.0,2.0,5.0,Good,1.0,0.0,0.0,0.0,No
753,34.0,Travel_Rarely,829.0,Human Resources,3.0,College,Human Resources,1.0,High,Male,88.0,High,1.0,Human Resources,Very High,Married,3737.0,2243.0,0.0,Y,No,19.0,Excellent,High,80.0,1.0,4.0,1.0,Low,3.0,2.0,0.0,2.0,No
754,34.0,Non-Travel,1381.0,Sales,4.0,Master,Marketing,1.0,High,Female,72.0,High,2.0,Sales Executive,High,Married,6538.0,12740.0,9.0,Y,No,15.0,Excellent,Low,80.0,1.0,6.0,3.0,Excellent,3.0,2.0,1.0,2.0,No
755,18.0,Non-Travel,1124.0,Research & Development,1.0,Bachelor,Life Sciences,1.0,Very High,Female,97.0,High,1.0,Laboratory Technician,Very High,Single,1610.9999999999986,19305.0,1.0,Y,No,15.0,Excellent,High,80.0,0.0,0.0,5.0,Outstanding,0.0,0.0,0.0,0.0,No
756,33.0,Travel_Rarely,832.0,Research & Development,5.0,Master,Life Sciences,1.0,High,Female,63.0,Good,1.0,Research Scientist,Very High,Married,2911.0,14775.999999999996,1.0,Y,No,13.0,Excellent,High,80.0,1.0,2.0,2.0,Good,2.0,2.0,0.0,2.0,No
757,36.0,Travel_Rarely,885.0,Research & Development,16.0,Master,Life Sciences,1.0,High,Female,43.0,Very High,1.0,Laboratory Technician,Low,Single,2743.0,8268.999999999996,1.0,Y,No,16.0,Excellent,High,80.0,0.0,18.0,1.0,Excellent,17.0,13.0,15.0,14.0,Yes
758,34.0,Travel_Rarely,182.0,Research & Development,1.0,Master,Life Sciences,1.0,Good,Female,72.0,Very High,1.0,Research Scientist,Very High,Single,3280.0,13551.0,2.0,Y,No,16.0,Excellent,High,80.0,0.0,10.0,2.0,Excellent,4.0,2.0,1.0,3.0,No
759,55.0,Travel_Rarely,1311.0,Research & Development,2.0,Bachelor,Life Sciences,1.0,High,Female,97.0,High,4.0,Manager,Very High,Single,16658.999999999996,23258.000000000004,2.0,Y,Yes,13.0,Excellent,High,80.0,0.0,30.0,2.0,Excellent,5.0,4.0,1.0,2.0,No
760,25.0,Travel_Rarely,882.0,Research & Development,19.0,Below College,Medical,1.0,Very High,Male,67.0,High,1.0,Laboratory Technician,Very High,Married,3669.0,9075.0,3.0,Y,No,11.0,Excellent,High,80.0,3.0,7.0,6.0,Good,3.0,2.0,1.0,2.0,No
761,30.0,Non-Travel,1398.0,Sales,22.0,Master,Other,1.0,High,Female,69.0,High,3.0,Sales Executive,Low,Married,8412.000000000002,2890.0,0.0,Y,No,11.0,Excellent,High,80.0,0.0,10.0,3.0,Excellent,9.0,8.0,7.0,8.0,No
762,28.0,Travel_Rarely,1300.0,Research & Development,17.0,College,Medical,1.0,High,Male,79.0,High,2.0,Laboratory Technician,Low,Divorced,4558.0,13535.0,1.0,Y,No,12.0,Excellent,Very High,80.0,1.0,10.0,2.0,Excellent,10.0,0.0,1.0,8.0,No
763,42.0,Travel_Rarely,265.0,Sales,5.0,College,Marketing,1.0,Very High,Male,90.0,High,5.0,Manager,High,Married,18303.0,7769.999999999998,6.0,Y,No,13.0,Excellent,Good,80.0,0.0,21.0,3.0,Outstanding,1.0,0.0,0.0,0.0,No
764,48.0,Travel_Rarely,626.0,Research & Development,1.0,College,Life Sciences,1.0,Low,Male,98.0,Good,3.0,Laboratory Technician,High,Single,5380.999999999999,19294.0,9.0,Y,Yes,13.0,Excellent,Very High,80.0,0.0,23.0,2.0,Excellent,1.0,0.0,0.0,0.0,Yes
765,41.0,Travel_Rarely,166.9999999999999,Research & Development,12.0,Master,Life Sciences,1.0,Good,Male,46.0,High,1.0,Laboratory Technician,Very High,Married,4766.0,9051.0,3.0,Y,Yes,11.0,Excellent,Low,80.0,1.0,6.0,4.0,Excellent,1.0,0.0,0.0,0.0,No
766,28.0,Travel_Rarely,821.0,Sales,5.0,Master,Medical,1.0,Low,Male,98.0,High,2.0,Sales Executive,Very High,Single,4908.0,24252.0,1.0,Y,No,14.0,Excellent,Good,80.0,0.0,4.0,3.0,Excellent,4.0,2.0,0.0,2.0,No
767,35.0,Travel_Rarely,802.0,Research & Development,10.0,Bachelor,Other,1.0,Good,Male,45.0,High,1.0,Laboratory Technician,Very High,Divorced,3917.0,9541.0,1.0,Y,No,20.0,Outstanding,Low,80.0,1.0,3.0,4.0,Good,3.0,2.0,1.0,2.0,No
768,37.0,Travel_Rarely,1372.0,Research & Development,1.0,Bachelor,Life Sciences,1.0,Very High,Female,42.0,High,1.0,Research Scientist,Very High,Single,2115.0000000000005,15881.0,1.0,Y,No,12.0,Excellent,Good,80.0,0.0,17.0,3.0,Excellent,17.0,12.0,5.0,7.0,No
769,40.0,Travel_Rarely,555.0,Research & Development,2.0,Bachelor,Medical,1.0,Good,Female,78.0,Good,2.0,Laboratory Technician,High,Married,3448.0,13436.0,6.0,Y,No,22.0,Outstanding,Good,80.0,1.0,20.0,3.0,Excellent,1.0,0.0,0.0,0.0,No
770,41.0,Non-Travel,247.0,Research & Development,7.0,Below College,Life Sciences,1.0,Good,Female,55.0,Low,5.0,Research Director,High,Divorced,19973.0,20284.0,1.0,Y,No,22.0,Outstanding,Good,80.0,2.0,21.0,3.0,Excellent,21.0,16.0,5.0,10.0,No
771,24.0,Travel_Rarely,1370.9999999999995,Sales,10.0,Master,Marketing,1.0,Very High,Female,77.0,High,2.0,Sales Executive,High,Divorced,4260.0,5915.000000000002,1.0,Y,Yes,12.0,Excellent,Very High,80.0,1.0,5.0,2.0,Outstanding,5.0,2.0,0.0,3.0,No
772,30.0,Travel_Frequently,721.0,Research & Development,1.0,College,Medical,1.0,High,Female,58.0,High,2.0,Laboratory Technician,Very High,Single,4011.0,10781.0,1.0,Y,No,23.0,Outstanding,Very High,80.0,0.0,12.0,2.0,Excellent,12.0,8.0,3.0,7.0,No
773,36.0,Travel_Rarely,164.0,Sales,2.0,College,Medical,1.0,Good,Male,61.0,Good,3.0,Sales Executive,High,Married,7595.999999999999,3809.0,1.0,Y,No,13.0,Excellent,Good,80.0,2.0,10.0,2.0,Excellent,10.0,9.0,9.0,0.0,No
774,53.0,Travel_Rarely,1223.0,Research & Development,7.0,College,Medical,1.0,Very High,Female,50.0,High,5.0,Manager,High,Divorced,18606.0,18640.0,3.0,Y,No,18.0,Excellent,Good,80.0,1.0,26.0,6.0,Excellent,7.0,7.0,4.0,7.0,No
775,26.0,Travel_Rarely,683.0,Research & Development,2.0,Below College,Medical,1.0,Low,Male,36.0,Good,1.0,Research Scientist,Very High,Single,3904.0,4050.0,0.0,Y,No,12.0,Excellent,Very High,80.0,0.0,5.0,2.0,Excellent,4.0,3.0,1.0,1.0,No
776,27.0,Travel_Rarely,591.0,Research & Development,2.0,Below College,Medical,1.0,Low,Male,40.0,High,1.0,Laboratory Technician,Good,Married,3468.0,16632.0,9.0,Y,No,12.0,Excellent,Very High,80.0,1.0,6.0,3.0,Excellent,2.0,2.0,2.0,2.0,No
777,53.0,Travel_Rarely,661.0,Sales,7.0,College,Marketing,1.0,Low,Female,78.0,Good,3.0,Sales Executive,Very High,Married,10934.0,20715.0,7.0,Y,Yes,18.0,Excellent,Very High,80.0,1.0,35.0,3.0,Excellent,5.0,2.0,0.0,4.0,No
778,52.0,Travel_Rarely,994.0,Research & Development,7.0,Master,Life Sciences,1.0,Good,Male,87.0,High,3.0,Healthcare Representative,Good,Single,10445.0,15322.0,7.0,Y,No,19.0,Excellent,Very High,80.0,0.0,18.0,4.0,Excellent,8.0,6.0,4.0,0.0,No
779,29.0,Travel_Rarely,1246.9999999999998,Sales,20.0,College,Marketing,1.0,Very High,Male,45.0,High,2.0,Sales Executive,Very High,Divorced,6931.0,10732.0,2.0,Y,No,14.0,Excellent,Very High,80.0,1.0,10.0,2.0,Excellent,3.0,2.0,0.0,2.0,No
780,42.0,Travel_Rarely,201.0,Research & Development,1.0,Master,Life Sciences,1.0,Good,Female,95.0,High,1.0,Laboratory Technician,Low,Divorced,2576.0,20490.0,3.0,Y,No,16.0,Excellent,Good,80.0,1.0,8.0,5.0,Excellent,5.0,2.0,1.0,2.0,No
781,30.0,Travel_Rarely,413.0000000000001,Sales,7.0,Below College,Marketing,1.0,Very High,Male,57.0,High,1.0,Sales Representative,Good,Single,2982.9999999999995,18398.0,0.0,Y,No,14.0,Excellent,Low,80.0,0.0,4.0,3.0,Excellent,3.0,2.0,1.0,2.0,No
782,35.0,Travel_Rarely,1232.0,Sales,16.0,Bachelor,Marketing,1.0,High,Male,96.0,High,3.0,Sales Executive,Good,Married,8020.0,5100.0,0.0,Y,No,15.0,Excellent,High,80.0,2.0,12.0,3.0,Good,11.0,9.0,6.0,9.0,No
783,35.0,Travel_Rarely,556.0,Research & Development,23.0,College,Life Sciences,1.0,Good,Male,50.0,Good,2.0,Manufacturing Director,High,Married,5916.0,15496.999999999996,3.0,Y,Yes,13.0,Excellent,Low,80.0,0.0,8.0,1.0,Excellent,1.0,0.0,0.0,1.0,Yes
784,49.0,Non-Travel,1002.0,Research & Development,18.0,Master,Life Sciences,1.0,Very High,Male,92.0,High,2.0,Manufacturing Director,Very High,Divorced,6804.0,23793.0,1.0,Y,Yes,15.0,Excellent,Low,80.0,2.0,7.0,0.0,Excellent,7.0,7.0,1.0,7.0,No
785,26.0,Travel_Rarely,1146.0,Sales,8.0,Bachelor,Technical Degree,1.0,Very High,Male,38.0,Good,2.0,Sales Executive,Low,Single,5326.0,3063.999999999998,6.0,Y,No,17.0,Excellent,High,80.0,0.0,6.0,2.0,Good,4.0,3.0,1.0,2.0,Yes
786,32.0,Travel_Frequently,1005.0,Research & Development,2.0,College,Life Sciences,1.0,Very High,Male,79.0,High,1.0,Laboratory Technician,Very High,Single,3068.0,11864.0,0.0,Y,No,13.0,Excellent,High,80.0,0.0,8.0,2.0,Good,7.0,7.0,3.0,6.0,No
787,30.0,Travel_Frequently,1311.9999999999995,Research & Development,23.0,Bachelor,Life Sciences,1.0,Low,Male,96.0,Low,1.0,Research Scientist,High,Divorced,2612.9999999999995,22309.999999999993,1.0,Y,No,25.0,Outstanding,High,80.0,3.0,10.0,2.0,Good,10.0,7.0,0.0,9.0,No
788,53.0,Travel_Rarely,1070.0,Research & Development,3.0,Master,Medical,1.0,High,Male,45.0,High,4.0,Research Director,High,Married,17584.000000000007,21016.0,3.0,Y,Yes,16.0,Excellent,Very High,80.0,3.0,21.0,5.0,Good,5.0,3.0,1.0,3.0,No
789,31.0,Travel_Rarely,1463.0,Research & Development,23.0,Bachelor,Medical,1.0,Good,Male,64.0,Good,2.0,Healthcare Representative,Very High,Married,5582.0,14408.0,0.0,Y,No,21.0,Outstanding,Good,80.0,1.0,10.0,2.0,Excellent,9.0,0.0,7.0,8.0,No
790,27.0,Travel_Frequently,472.0,Research & Development,1.0,Below College,Technical Degree,1.0,High,Male,60.0,Good,2.0,Manufacturing Director,Low,Married,4298.0,9679.0,5.0,Y,No,19.0,Excellent,High,80.0,1.0,6.0,1.0,Excellent,2.0,2.0,2.0,0.0,No
791,46.0,Travel_Rarely,669.0,Sales,9.0,College,Medical,1.0,High,Male,64.0,Good,3.0,Sales Executive,Very High,Single,9619.0,13596.0,1.0,Y,No,16.0,Excellent,Very High,80.0,0.0,9.0,3.0,Excellent,9.0,8.0,4.0,7.0,Yes
792,46.0,Travel_Rarely,1009.0,Research & Development,2.0,Bachelor,Life Sciences,1.0,Low,Male,51.0,High,4.0,Research Director,High,Married,17861.0,2288.0,6.0,Y,No,13.0,Excellent,High,80.0,0.0,26.0,2.0,Low,3.0,2.0,0.0,1.0,No
793,18.0,Travel_Rarely,229.99999999999977,Research & Development,3.0,Bachelor,Life Sciences,1.0,High,Male,54.0,High,1.0,Laboratory Technician,High,Single,1419.999999999999,25233.0,1.0,Y,No,13.0,Excellent,High,80.0,0.0,0.0,2.0,Excellent,0.0,0.0,0.0,0.0,Yes
794,26.0,Travel_Frequently,887.0,Research & Development,5.0,College,Medical,1.0,High,Female,88.0,Good,1.0,Research Scientist,High,Married,2366.0000000000005,20897.999999999996,1.0,Y,Yes,14.0,Excellent,Low,80.0,1.0,8.0,2.0,Excellent,8.0,7.0,1.0,7.0,Yes
795,25.0,Travel_Rarely,383.0,Sales,9.0,College,Life Sciences,1.0,Low,Male,68.0,Good,1.0,Sales Representative,Low,Married,4400.0,15181.999999999998,3.0,Y,No,12.0,Excellent,Low,80.0,0.0,6.0,2.0,Excellent,3.0,2.0,2.0,2.0,Yes
796,48.0,Travel_Rarely,1221.0,Sales,7.0,Bachelor,Marketing,1.0,High,Male,96.0,High,2.0,Sales Executive,Low,Divorced,5486.0,24795.0,4.0,Y,No,11.0,Excellent,Low,80.0,3.0,15.0,3.0,Excellent,2.0,2.0,2.0,2.0,No
797,44.0,Travel_Rarely,986.0,Research & Development,8.0,Master,Life Sciences,1.0,Low,Male,62.0,Very High,1.0,Laboratory Technician,Very High,Married,2818.0,5044.0,2.0,Y,Yes,24.0,Outstanding,High,80.0,1.0,10.0,2.0,Good,3.0,2.0,0.0,2.0,No
798,31.0,Travel_Rarely,182.0,Research & Development,8.0,Doctor,Life Sciences,1.0,Low,Female,93.0,High,4.0,Research Director,Good,Single,16422.000000000007,8847.0,3.0,Y,No,11.0,Excellent,High,80.0,0.0,9.0,3.0,Outstanding,3.0,2.0,1.0,0.0,No
799,33.0,Travel_Frequently,1111.0,Sales,5.0,Below College,Life Sciences,1.0,Good,Male,61.0,High,2.0,Sales Executive,Very High,Married,9998.0,19293.0,6.0,Y,No,13.0,Excellent,Low,80.0,0.0,8.0,2.0,Outstanding,5.0,4.0,1.0,2.0,No
800,30.0,Non-Travel,641.0,Sales,25.0,College,Technical Degree,1.0,Very High,Female,85.0,High,2.0,Sales Executive,High,Married,4736.0,6069.000000000003,7.0,Y,Yes,12.0,Excellent,Good,80.0,1.0,4.0,2.0,Outstanding,2.0,2.0,2.0,2.0,No
801,37.0,Travel_Rarely,446.0,Research & Development,1.0,Master,Life Sciences,1.0,Good,Female,65.0,High,2.0,Manufacturing Director,Good,Married,6447.0,15701.0,6.0,Y,No,12.0,Excellent,Good,80.0,1.0,8.0,2.0,Good,6.0,5.0,4.0,3.0,No
802,29.0,Travel_Rarely,665.0,Research & Development,15.0,Bachelor,Life Sciences,1.0,High,Male,60.0,High,1.0,Research Scientist,Very High,Single,2340.0,22673.0,1.0,Y,No,19.0,Excellent,Low,80.0,0.0,6.0,1.0,Excellent,6.0,5.0,1.0,5.0,No
803,24.0,Travel_Frequently,1287.0,Research & Development,7.0,Bachelor,Life Sciences,1.0,Low,Female,55.0,High,1.0,Laboratory Technician,High,Married,2886.0,14168.0,1.0,Y,Yes,16.0,Excellent,Very High,80.0,1.0,6.0,4.0,Excellent,6.0,3.0,1.0,2.0,Yes
804,51.0,Travel_Rarely,632.0,Sales,21.0,Master,Marketing,1.0,High,Male,71.0,High,2.0,Sales Executive,Very High,Single,5441.0,8423.0,0.0,Y,Yes,22.0,Outstanding,Very High,80.0,0.0,11.0,2.0,Low,10.0,7.0,1.0,0.0,No
805,45.0,Travel_Rarely,1457.0,Research & Development,7.0,Bachelor,Medical,1.0,Low,Female,83.0,High,1.0,Research Scientist,High,Married,4477.0,20099.999999999996,4.0,Y,Yes,19.0,Excellent,High,80.0,1.0,7.0,2.0,Good,3.0,2.0,0.0,2.0,No
806,44.0,Travel_Rarely,621.0,Research & Development,15.0,Bachelor,Medical,1.0,Low,Female,73.0,High,3.0,Healthcare Representative,Very High,Married,7978.0,14075.0,1.0,Y,No,11.0,Excellent,Very High,80.0,1.0,10.0,2.0,Excellent,10.0,7.0,0.0,5.0,Yes
807,40.0,Travel_Frequently,791.0,Research & Development,2.0,College,Medical,1.0,High,Female,38.0,Very High,2.0,Healthcare Representative,Good,Married,4244.0,9931.0,1.0,Y,No,24.0,Outstanding,Very High,80.0,1.0,8.0,2.0,Excellent,8.0,7.0,3.0,7.0,No
808,34.0,Travel_Rarely,1397.0,Research & Development,1.0,Doctor,Life Sciences,1.0,Good,Male,42.0,High,1.0,Research Scientist,Very High,Married,2691.0,7659.999999999997,1.0,Y,No,12.0,Excellent,Very High,80.0,1.0,10.0,4.0,Good,10.0,9.0,8.0,8.0,No
809,56.0,Travel_Rarely,1255.0,Research & Development,1.0,College,Life Sciences,1.0,Low,Female,90.0,High,1.0,Research Scientist,Low,Married,2066.0,10494.0,2.0,Y,No,22.0,Outstanding,Very High,80.0,1.0,5.0,3.0,Outstanding,3.0,2.0,1.0,0.0,No
810,33.0,Travel_Rarely,924.0,Research & Development,2.0,Bachelor,Medical,1.0,High,Male,78.0,High,1.0,Laboratory Technician,Very High,Single,2496.0,6670.000000000002,4.0,Y,No,11.0,Excellent,Very High,80.0,0.0,7.0,3.0,Excellent,1.0,1.0,0.0,0.0,No
811,55.0,Non-Travel,177.0,Research & Development,8.0,Below College,Medical,1.0,Very High,Male,37.0,Good,4.0,Healthcare Representative,Good,Divorced,13577.000000000002,25592.0,1.0,Y,Yes,15.0,Excellent,Very High,80.0,1.0,34.0,3.0,Excellent,33.0,9.0,15.0,0.0,No
812,46.0,Travel_Rarely,406.0,Sales,3.0,Below College,Marketing,1.0,Low,Male,52.0,High,4.0,Manager,High,Married,17465.0,15595.999999999996,3.0,Y,No,12.0,Excellent,Very High,80.0,1.0,23.0,3.0,Excellent,12.0,9.0,4.0,9.0,No
813,27.0,Non-Travel,210.0,Sales,1.0,Below College,Marketing,1.0,High,Male,73.0,High,2.0,Sales Executive,Good,Married,6349.0,22107.0,0.0,Y,Yes,13.0,Excellent,Very High,80.0,1.0,6.0,0.0,Excellent,5.0,4.0,1.0,4.0,No
814,45.0,Travel_Frequently,364.0000000000003,Research & Development,25.0,Bachelor,Medical,1.0,Good,Female,83.0,High,5.0,Manager,Good,Single,18061.0,13035.0,3.0,Y,No,22.0,Outstanding,High,80.0,0.0,22.0,4.0,Excellent,0.0,0.0,0.0,0.0,No
815,55.0,Travel_Rarely,1136.0,Research & Development,1.0,Master,Medical,1.0,Good,Male,81.0,Very High,4.0,Research Director,Very High,Divorced,14731.999999999969,12414.0,2.0,Y,No,13.0,Excellent,Very High,80.0,2.0,31.0,4.0,Outstanding,7.0,7.0,0.0,0.0,No
816,27.0,Travel_Rarely,1291.0000000000002,Sales,11.0,Bachelor,Medical,1.0,High,Female,98.0,Very High,1.0,Sales Representative,Very High,Married,2534.0000000000005,6527.000000000001,8.0,Y,No,14.0,Excellent,Good,80.0,1.0,5.0,4.0,Excellent,1.0,0.0,0.0,0.0,No
817,28.0,Travel_Rarely,759.9999999999999,Sales,2.0,Master,Marketing,1.0,Good,Female,81.0,High,2.0,Sales Executive,Good,Married,4779.0,3698.0,1.0,Y,Yes,20.0,Outstanding,Low,80.0,0.0,8.0,2.0,Excellent,8.0,7.0,7.0,5.0,No
818,42.0,Travel_Rarely,461.99999999999994,Sales,14.0,College,Medical,1.0,High,Female,68.0,Good,2.0,Sales Executive,High,Single,6244.0,7824.000000000002,7.0,Y,No,17.0,Excellent,Low,80.0,0.0,10.0,6.0,Excellent,5.0,4.0,0.0,3.0,No
819,29.0,Travel_Rarely,992.0,Research & Development,1.0,Bachelor,Technical Degree,1.0,High,Male,85.0,High,1.0,Research Scientist,High,Single,2058.0,19757.0,0.0,Y,No,14.0,Excellent,Very High,80.0,0.0,7.0,1.0,Good,6.0,2.0,1.0,5.0,Yes
820,29.0,Travel_Rarely,942.0000000000001,Research & Development,15.0,Below College,Life Sciences,1.0,Good,Female,69.0,Low,1.0,Research Scientist,Very High,Married,2167.9999999999995,26933.0,0.0,Y,Yes,18.0,Excellent,Low,80.0,1.0,6.0,2.0,Good,5.0,4.0,1.0,3.0,No
821,47.0,Travel_Rarely,703.0,Sales,14.0,Master,Marketing,1.0,Very High,Male,42.0,High,2.0,Sales Executive,Low,Single,4960.0,11825.0,2.0,Y,No,12.0,Excellent,Very High,80.0,0.0,20.0,2.0,Excellent,7.0,7.0,1.0,7.0,No
822,32.0,Travel_Frequently,116.0,Research & Development,13.0,Bachelor,Other,1.0,High,Female,77.0,Good,1.0,Laboratory Technician,Good,Married,2743.0,7331.000000000001,1.0,Y,No,20.0,Outstanding,High,80.0,1.0,2.0,2.0,Excellent,2.0,2.0,2.0,2.0,No
823,24.0,Travel_Rarely,1448.0,Sales,1.0,Below College,Technical Degree,1.0,Low,Female,62.0,High,1.0,Sales Representative,Good,Single,3202.0,21971.999999999993,1.0,Y,Yes,16.0,Excellent,Good,80.0,0.0,6.0,4.0,Excellent,5.0,3.0,1.0,4.0,Yes
824,34.0,Travel_Rarely,403.9999999999999,Research & Development,2.0,Master,Technical Degree,1.0,High,Female,98.0,High,2.0,Healthcare Representative,Very High,Single,6687.0,6163.000000000001,1.0,Y,No,11.0,Excellent,Very High,80.0,0.0,14.0,2.0,Outstanding,14.0,11.0,4.0,11.0,No
825,37.0,Travel_Rarely,799.0,Research & Development,1.0,Bachelor,Technical Degree,1.0,Good,Female,59.0,High,3.0,Manufacturing Director,Very High,Single,7491.0,23848.0,4.0,Y,No,17.0,Excellent,Very High,80.0,0.0,12.0,3.0,Outstanding,6.0,5.0,1.0,2.0,No
826,32.0,Non-Travel,976.0,Sales,26.0,Master,Marketing,1.0,High,Male,100.0,High,2.0,Sales Executive,Very High,Married,4465.0,12069.0,0.0,Y,No,18.0,Excellent,Low,80.0,0.0,4.0,2.0,Excellent,3.0,2.0,2.0,2.0,No
827,27.0,Travel_Rarely,1129.9999999999998,Sales,8.0,Master,Marketing,1.0,Good,Female,56.0,High,2.0,Sales Executive,Good,Married,6214.0,3415.0,1.0,Y,No,18.0,Excellent,Low,80.0,1.0,8.0,3.0,Excellent,8.0,7.0,0.0,7.0,No
828,42.0,Travel_Rarely,269.0000000000001,Research & Development,2.0,Bachelor,Medical,1.0,Very High,Female,56.0,Good,1.0,Laboratory Technician,Low,Divorced,2592.9999999999995,8007.000000000001,0.0,Y,Yes,11.0,Excellent,High,80.0,1.0,10.0,4.0,Excellent,9.0,6.0,7.0,8.0,No
829,38.0,Travel_Rarely,243.0000000000001,Sales,7.0,Master,Marketing,1.0,Very High,Female,46.0,Good,2.0,Sales Executive,Very High,Single,4028.0,7790.999999999999,0.0,Y,No,20.0,Outstanding,Low,80.0,0.0,8.0,2.0,Excellent,7.0,7.0,0.0,5.0,No
830,49.0,Travel_Rarely,1091.0,Research & Development,1.0,College,Technical Degree,1.0,High,Female,90.0,Good,4.0,Healthcare Representative,High,Single,13964.0,17810.0,7.0,Y,Yes,12.0,Excellent,Very High,80.0,0.0,25.0,2.0,Excellent,7.0,1.0,0.0,7.0,No
831,34.0,Travel_Rarely,216.0,Sales,1.0,Master,Marketing,1.0,Good,Male,75.0,Very High,2.0,Sales Executive,Very High,Divorced,9725.0,12278.0,0.0,Y,No,11.0,Excellent,Very High,80.0,1.0,16.0,2.0,Good,15.0,1.0,0.0,9.0,No
832,40.0,Travel_Frequently,579.9999999999999,Sales,5.0,Master,Life Sciences,1.0,Very High,Male,48.0,Good,3.0,Sales Executive,Low,Married,10475.0,23772.0,5.0,Y,Yes,21.0,Outstanding,High,80.0,1.0,20.0,2.0,Excellent,18.0,13.0,1.0,12.0,No
833,38.0,Travel_Frequently,1490.0,Research & Development,2.0,College,Life Sciences,1.0,Very High,Male,42.0,High,1.0,Laboratory Technician,Very High,Married,1701.9999999999995,12106.0,1.0,Y,Yes,23.0,Outstanding,High,80.0,1.0,1.0,3.0,Excellent,1.0,0.0,0.0,0.0,No
834,27.0,Non-Travel,443.0,Research & Development,3.0,Bachelor,Medical,1.0,Very High,Male,50.0,High,1.0,Research Scientist,Very High,Married,1705.9999999999995,16571.0,1.0,Y,No,11.0,Excellent,High,80.0,3.0,0.0,6.0,Good,0.0,0.0,0.0,0.0,No
835,38.0,Non-Travel,1327.0,Sales,2.0,College,Life Sciences,1.0,Very High,Male,39.0,Good,2.0,Sales Executive,Very High,Married,5249.0,19682.0,3.0,Y,No,18.0,Excellent,Very High,80.0,1.0,13.0,0.0,Excellent,8.0,7.0,7.0,5.0,No
836,47.0,Travel_Rarely,1482.0,Research & Development,5.0,Doctor,Life Sciences,1.0,Very High,Male,42.0,High,5.0,Research Director,High,Married,18300.000000000004,16375.0,4.0,Y,No,11.0,Excellent,Good,80.0,1.0,21.0,2.0,Excellent,3.0,2.0,1.0,1.0,No
837,38.0,Travel_Rarely,1084.0,Research & Development,29.0,Bachelor,Technical Degree,1.0,Very High,Male,54.0,High,2.0,Manufacturing Director,Very High,Married,6261.0,4185.0,3.0,Y,No,18.0,Excellent,Low,80.0,1.0,9.0,3.0,Low,7.0,7.0,1.0,7.0,No
838,30.0,Travel_Rarely,438.0000000000001,Research & Development,18.0,Bachelor,Life Sciences,1.0,Low,Female,75.0,High,1.0,Research Scientist,High,Single,2632.0,23910.0,1.0,Y,No,14.0,Excellent,High,80.0,0.0,5.0,4.0,Good,5.0,4.0,0.0,4.0,No
839,28.0,Travel_Frequently,773.0,Research & Development,6.0,Bachelor,Life Sciences,1.0,High,Male,39.0,Good,1.0,Research Scientist,High,Divorced,2703.0,22088.0,1.0,Y,Yes,14.0,Excellent,Very High,80.0,1.0,3.0,2.0,Excellent,3.0,1.0,0.0,2.0,No
840,27.0,Travel_Rarely,798.0,Research & Development,6.0,Master,Medical,1.0,Low,Female,66.0,Good,1.0,Research Scientist,High,Divorced,2186.9999999999995,5012.999999999998,0.0,Y,No,12.0,Excellent,High,80.0,2.0,6.0,5.0,Good,5.0,3.0,0.0,3.0,No
841,46.0,Travel_Rarely,991.0,Human Resources,1.0,College,Life Sciences,1.0,Very High,Female,44.0,High,1.0,Human Resources,Low,Single,3423.0,22957.0,6.0,Y,No,12.0,Excellent,High,80.0,0.0,10.0,3.0,Outstanding,7.0,6.0,5.0,7.0,No
842,40.0,Non-Travel,1479.0,Sales,24.0,Bachelor,Life Sciences,1.0,Good,Female,100.0,Very High,4.0,Sales Executive,Good,Single,13194.0,17071.0,4.0,Y,Yes,16.0,Excellent,Very High,80.0,0.0,22.0,2.0,Good,1.0,0.0,0.0,0.0,Yes
843,55.0,Travel_Rarely,282.00000000000034,Research & Development,2.0,College,Medical,1.0,Very High,Female,58.0,Low,5.0,Manager,High,Married,19187.0,6991.999999999997,4.0,Y,No,14.0,Excellent,Very High,80.0,1.0,23.0,5.0,Excellent,19.0,9.0,9.0,11.0,No
844,26.0,Travel_Rarely,1349.0000000000002,Research & Development,23.0,Bachelor,Life Sciences,1.0,Low,Female,90.0,High,1.0,Research Scientist,Very High,Divorced,2886.0,3032.0,1.0,Y,No,22.0,Outstanding,Good,80.0,2.0,3.0,3.0,Low,3.0,2.0,0.0,2.0,No
845,35.0,Travel_Frequently,636.0,Research & Development,4.0,Master,Other,1.0,Very High,Male,47.0,Good,1.0,Laboratory Technician,Very High,Married,2376.0,26537.0,1.0,Y,No,13.0,Excellent,Good,80.0,1.0,2.0,2.0,Outstanding,2.0,2.0,2.0,2.0,No
846,42.0,Travel_Rarely,622.0,Research & Development,2.0,Master,Life Sciences,1.0,High,Female,81.0,High,2.0,Healthcare Representative,Very High,Married,4089.0,5718.0,1.0,Y,No,13.0,Excellent,Good,80.0,2.0,10.0,4.0,Excellent,10.0,2.0,2.0,2.0,No
847,40.0,Travel_Rarely,107.0,Sales,10.0,Bachelor,Technical Degree,1.0,Good,Female,84.0,Good,2.0,Sales Executive,Good,Divorced,6851.999999999999,11590.999999999996,7.0,Y,No,12.0,Excellent,Good,80.0,1.0,7.0,2.0,Outstanding,5.0,1.0,1.0,3.0,No
848,19.0,Travel_Rarely,1181.0,Research & Development,3.0,Below College,Medical,1.0,Good,Female,79.0,High,1.0,Laboratory Technician,Good,Single,1482.9999999999995,16102.0,1.0,Y,No,14.0,Excellent,Very High,80.0,0.0,1.0,3.0,Excellent,1.0,0.0,0.0,0.0,No
849,39.0,Non-Travel,592.0,Research & Development,2.0,Bachelor,Life Sciences,1.0,Low,Female,54.0,Good,1.0,Laboratory Technician,Low,Single,3645.999999999999,17181.0,2.0,Y,Yes,23.0,Outstanding,Good,80.0,0.0,11.0,2.0,Outstanding,1.0,0.0,0.0,0.0,Yes
850,49.0,Travel_Rarely,1490.0,Research & Development,7.0,Master,Life Sciences,1.0,High,Male,35.0,High,3.0,Healthcare Representative,Good,Divorced,10466.0,20948.0,3.0,Y,No,14.0,Excellent,Good,80.0,2.0,29.0,3.0,Excellent,8.0,7.0,0.0,7.0,No
851,20.0,Travel_Rarely,959.0,Research & Development,1.0,Bachelor,Life Sciences,1.0,Very High,Female,83.0,Good,1.0,Research Scientist,Good,Single,2836.0,11757.0,1.0,Y,No,13.0,Excellent,Very High,80.0,0.0,1.0,0.0,Outstanding,1.0,0.0,0.0,0.0,No
852,32.0,Travel_Rarely,906.0,Sales,7.0,Bachelor,Life Sciences,1.0,Very High,Male,91.0,Good,2.0,Sales Executive,High,Married,5484.0,16985.0,1.0,Y,No,14.0,Excellent,High,80.0,1.0,13.0,3.0,Good,13.0,8.0,4.0,8.0,No
853,36.0,Non-Travel,635.0,Sales,10.0,Master,Medical,1.0,Good,Male,32.0,High,3.0,Sales Executive,Very High,Single,9980.0,15318.000000000002,1.0,Y,No,14.0,Excellent,Very High,80.0,0.0,10.0,3.0,Good,10.0,3.0,9.0,7.0,No
854,43.0,Travel_Frequently,394.0,Sales,26.0,College,Life Sciences,1.0,High,Male,92.0,High,4.0,Manager,Very High,Married,16958.999999999996,19494.0,1.0,Y,Yes,12.0,Excellent,Very High,80.0,2.0,25.0,3.0,Outstanding,25.0,12.0,4.0,12.0,No
855,26.0,Travel_Frequently,575.0,Research & Development,1.0,College,Life Sciences,1.0,Low,Female,71.0,Low,1.0,Laboratory Technician,Very High,Divorced,4364.0,5287.999999999996,3.0,Y,No,14.0,Excellent,Low,80.0,1.0,5.0,2.0,Excellent,2.0,2.0,2.0,0.0,No
856,27.0,Travel_Rarely,1420.0,Sales,2.0,Below College,Marketing,1.0,High,Male,85.0,High,1.0,Sales Representative,Low,Divorced,3041.0,16346.0,0.0,Y,No,11.0,Excellent,Good,80.0,1.0,5.0,3.0,Excellent,4.0,3.0,0.0,2.0,Yes
857,42.0,Travel_Frequently,1474.0,Research & Development,5.0,College,Other,1.0,Good,Male,97.0,High,1.0,Laboratory Technician,High,Married,2093.0,9260.0,4.0,Y,No,17.0,Excellent,Very High,80.0,1.0,8.0,4.0,Excellent,2.0,2.0,2.0,0.0,No
858,34.0,Travel_Rarely,1326.0,Sales,3.0,Bachelor,Other,1.0,Very High,Male,81.0,Low,2.0,Sales Executive,Low,Single,4759.0,15891.0,3.0,Y,No,18.0,Excellent,Very High,80.0,0.0,15.0,2.0,Excellent,13.0,9.0,3.0,12.0,No
859,55.0,Travel_Rarely,267.0,Sales,13.0,Master,Marketing,1.0,Low,Male,85.0,Very High,4.0,Sales Executive,High,Single,13695.0,9277.0,6.0,Y,Yes,17.0,Excellent,High,80.0,0.0,24.0,2.0,Good,19.0,7.0,3.0,8.0,Yes
860,42.0,Travel_Rarely,1265.0,Research & Development,3.0,Bachelor,Life Sciences,1.0,High,Female,95.0,Very High,2.0,Laboratory Technician,Very High,Married,5231.0,23726.000000000007,2.0,Y,Yes,13.0,Excellent,Good,80.0,1.0,17.0,1.0,Good,5.0,3.0,1.0,3.0,No
861,33.0,Travel_Frequently,970.0,Sales,7.0,Bachelor,Life Sciences,1.0,Very High,Female,30.0,High,2.0,Sales Executive,Good,Married,4302.0,13401.0,0.0,Y,No,17.0,Excellent,High,80.0,1.0,4.0,3.0,Excellent,3.0,2.0,0.0,2.0,No
862,30.0,Travel_Rarely,1358.0,Research & Development,24.0,Below College,Life Sciences,1.0,Very High,Male,67.0,High,1.0,Laboratory Technician,High,Divorced,2693.0,13335.0,1.0,Y,No,22.0,Outstanding,Good,80.0,1.0,1.0,2.0,Excellent,1.0,0.0,0.0,0.0,No
863,35.0,Travel_Rarely,982.0,Research & Development,1.0,Master,Medical,1.0,Very High,Male,58.0,Good,1.0,Laboratory Technician,High,Married,2258.0,16340.0,6.0,Y,No,12.0,Excellent,Good,80.0,1.0,10.0,2.0,Excellent,8.0,0.0,1.0,7.0,No
864,42.0,Travel_Rarely,647.0,Sales,4.0,Master,Marketing,1.0,Good,Male,45.0,High,2.0,Sales Executive,Low,Single,5155.0,2253.0,7.0,Y,No,13.0,Excellent,Very High,80.0,0.0,9.0,3.0,Outstanding,6.0,4.0,1.0,5.0,No
865,40.0,Travel_Frequently,1469.0,Research & Development,9.0,Master,Medical,1.0,Very High,Male,35.0,High,1.0,Research Scientist,Good,Divorced,3617.0,25063.000000000004,8.0,Y,Yes,14.0,Excellent,Very High,80.0,1.0,3.0,2.0,Excellent,1.0,1.0,0.0,0.0,No
866,34.0,Travel_Rarely,303.9999999999999,Sales,2.0,Bachelor,Other,1.0,Very High,Male,60.0,High,2.0,Sales Executive,Very High,Single,6274.0,18686.0,1.0,Y,No,22.0,Outstanding,High,80.0,0.0,6.0,5.0,Excellent,6.0,5.0,1.0,4.0,No
867,50.0,Travel_Rarely,1099.0,Research & Development,29.0,Master,Life Sciences,1.0,Good,Male,88.0,Good,4.0,Manager,High,Married,17046.0,9313.999999999996,0.0,Y,No,15.0,Excellent,Good,80.0,1.0,28.0,2.0,Excellent,27.0,10.0,15.0,7.0,No
868,45.0,Travel_Rarely,1316.0000000000002,Research & Development,29.0,Bachelor,Medical,1.0,High,Male,83.0,High,1.0,Research Scientist,Very High,Single,3452.0,9752.0,5.0,Y,No,13.0,Excellent,Good,80.0,0.0,9.0,2.0,Good,6.0,5.0,0.0,3.0,No
869,21.0,Travel_Rarely,155.9999999999999,Sales,12.0,Bachelor,Life Sciences,1.0,High,Female,90.0,Very High,1.0,Sales Representative,Good,Single,2716.0,25421.999999999996,1.0,Y,No,15.0,Excellent,Very High,80.0,0.0,1.0,0.0,Excellent,1.0,0.0,0.0,0.0,Yes
870,37.0,Travel_Rarely,1017.0,Research & Development,1.0,College,Medical,1.0,High,Female,83.0,Good,1.0,Research Scientist,Low,Married,3920.0,18697.0,2.0,Y,No,14.0,Excellent,Low,80.0,1.0,17.0,2.0,Good,3.0,1.0,0.0,2.0,No
871,33.0,Travel_Frequently,508.00000000000006,Sales,10.0,Bachelor,Marketing,1.0,Good,Male,46.0,Good,2.0,Sales Executive,Very High,Single,4682.0,4317.0,3.0,Y,No,14.0,Excellent,High,80.0,0.0,9.0,6.0,Good,7.0,7.0,0.0,1.0,No
872,47.0,Travel_Rarely,202.0,Research & Development,2.0,College,Other,1.0,High,Female,33.0,High,4.0,Manager,Very High,Married,16752.0,12982.0,1.0,Y,Yes,11.0,Excellent,High,80.0,1.0,26.0,3.0,Good,26.0,14.0,3.0,0.0,No
873,30.0,Travel_Frequently,447.99999999999994,Sales,12.0,Master,Life Sciences,1.0,Good,Male,74.0,Good,1.0,Sales Representative,Low,Married,2033.0,14469.999999999998,1.0,Y,No,18.0,Excellent,High,80.0,1.0,1.0,2.0,Outstanding,1.0,0.0,0.0,0.0,Yes
874,27.0,Travel_Rarely,607.9999999999998,Research & Development,1.0,College,Life Sciences,1.0,High,Female,68.0,High,3.0,Manufacturing Director,Low,Married,7412.0,6009.0,1.0,Y,No,11.0,Excellent,Very High,80.0,0.0,9.0,3.0,Excellent,9.0,7.0,0.0,7.0,No
875,50.0,Non-Travel,881.0,Research & Development,2.0,Master,Life Sciences,1.0,Low,Male,98.0,High,4.0,Manager,Low,Divorced,17923.999999999996,4544.0,1.0,Y,No,11.0,Excellent,Very High,80.0,1.0,31.0,3.0,Excellent,31.0,6.0,14.0,7.0,No
876,29.0,Travel_Rarely,805.0,Research & Development,1.0,College,Life Sciences,1.0,Good,Female,36.0,Good,1.0,Laboratory Technician,Low,Married,2319.0,6689.000000000001,1.0,Y,Yes,11.0,Excellent,Very High,80.0,1.0,1.0,1.0,Excellent,1.0,0.0,0.0,0.0,Yes
877,36.0,Travel_Rarely,329.0,Sales,16.0,Master,Marketing,1.0,High,Female,98.0,Good,2.0,Sales Executive,Low,Married,5646.999999999999,13494.0,4.0,Y,No,13.0,Excellent,Low,80.0,2.0,11.0,3.0,Good,3.0,2.0,0.0,2.0,No
878,45.0,Travel_Rarely,1339.0,Research & Development,7.0,Bachelor,Life Sciences,1.0,Good,Male,59.0,High,3.0,Research Scientist,Low,Divorced,9724.0,18787.0,2.0,Y,No,17.0,Excellent,High,80.0,1.0,25.0,2.0,Excellent,1.0,0.0,0.0,0.0,No
879,50.0,Travel_Frequently,561.9999999999998,Sales,8.0,College,Technical Degree,1.0,Good,Male,50.0,High,2.0,Sales Executive,High,Married,6796.000000000002,23452.0,3.0,Y,Yes,14.0,Excellent,Low,80.0,1.0,18.0,4.0,Excellent,4.0,3.0,1.0,3.0,Yes
880,33.0,Travel_Frequently,827.0,Research & Development,1.0,Master,Other,1.0,High,Female,84.0,Very High,2.0,Healthcare Representative,Good,Married,5488.0,20161.0,1.0,Y,Yes,13.0,Excellent,Low,80.0,1.0,6.0,2.0,Excellent,6.0,5.0,1.0,2.0,No
881,46.0,Travel_Rarely,150.0,Research & Development,2.0,Master,Technical Degree,1.0,Very High,Male,60.0,High,2.0,Manufacturing Director,Very High,Divorced,7379.0,17433.0,2.0,Y,No,11.0,Excellent,High,80.0,1.0,12.0,3.0,Good,6.0,3.0,1.0,4.0,No
882,54.0,Travel_Rarely,396.99999999999994,Human Resources,19.0,Master,Medical,1.0,High,Male,88.0,High,3.0,Human Resources,Good,Married,10725.0,6729.000000000004,2.0,Y,No,15.0,Excellent,High,80.0,1.0,16.0,1.0,Outstanding,9.0,7.0,7.0,1.0,No
883,47.0,Travel_Rarely,248.9999999999999,Sales,2.0,College,Marketing,1.0,High,Female,35.0,High,2.0,Sales Executive,Very High,Married,4537.0,17783.0,0.0,Y,Yes,22.0,Outstanding,Low,80.0,1.0,8.0,2.0,Excellent,7.0,6.0,7.0,7.0,No
884,33.0,Travel_Rarely,1216.0000000000002,Sales,8.0,Master,Marketing,1.0,High,Male,39.0,High,2.0,Sales Executive,High,Divorced,7104.0,20431.0,0.0,Y,No,12.0,Excellent,Very High,80.0,0.0,6.0,3.0,Excellent,5.0,0.0,1.0,2.0,No
885,35.0,Travel_Rarely,606.9999999999999,Research & Development,9.0,Bachelor,Life Sciences,1.0,Very High,Female,66.0,Good,3.0,Manufacturing Director,High,Married,10685.0,23457.0,1.0,Y,Yes,20.0,Outstanding,Good,80.0,1.0,17.0,2.0,Excellent,17.0,14.0,5.0,15.0,No
886,39.0,Non-Travel,438.99999999999994,Research & Development,9.0,Bachelor,Life Sciences,1.0,High,Male,70.0,High,2.0,Laboratory Technician,Good,Single,6782.000000000001,8770.0,9.0,Y,No,15.0,Excellent,High,80.0,0.0,9.0,2.0,Good,5.0,4.0,0.0,3.0,No
887,38.0,Travel_Rarely,688.0,Research & Development,23.0,Master,Life Sciences,1.0,Very High,Male,82.0,High,2.0,Healthcare Representative,Very High,Divorced,5745.0,18899.0,9.0,Y,No,14.0,Excellent,Good,80.0,1.0,10.0,2.0,Excellent,2.0,2.0,1.0,2.0,No
888,54.0,Travel_Rarely,1082.0,Sales,2.0,Master,Life Sciences,1.0,High,Female,41.0,Good,3.0,Sales Executive,High,Married,10686.0,8392.0,6.0,Y,No,11.0,Excellent,Good,80.0,1.0,13.0,4.0,Excellent,9.0,4.0,7.0,0.0,No
889,37.0,Travel_Rarely,1305.0000000000002,Research & Development,10.0,Master,Life Sciences,1.0,High,Male,49.0,High,2.0,Manufacturing Director,Good,Single,4197.0,21123.0,2.0,Y,Yes,12.0,Excellent,Very High,80.0,0.0,18.0,2.0,Good,1.0,0.0,0.0,1.0,No
890,20.0,Travel_Rarely,805.0,Research & Development,3.0,Bachelor,Life Sciences,1.0,Low,Male,87.0,Good,1.0,Laboratory Technician,High,Single,3033.0,12828.0,1.0,Y,No,12.0,Excellent,Low,80.0,0.0,2.0,2.0,Good,2.0,2.0,1.0,2.0,No
891,40.0,Travel_Frequently,720.0,Research & Development,16.0,Master,Medical,1.0,Low,Male,51.0,Good,2.0,Laboratory Technician,High,Single,5094.0,11983.0,6.0,Y,No,14.0,Excellent,Very High,80.0,0.0,10.0,6.0,Excellent,1.0,0.0,0.0,0.0,No
892,51.0,Travel_Frequently,237.0,Sales,9.0,Bachelor,Life Sciences,1.0,Very High,Male,83.0,High,5.0,Manager,Good,Divorced,19847.0,19196.0,4.0,Y,Yes,24.0,Outstanding,Low,80.0,1.0,31.0,5.0,Good,29.0,10.0,11.0,10.0,No
893,34.0,Travel_Frequently,658.0,Research & Development,7.0,Bachelor,Life Sciences,1.0,Low,Male,66.0,Low,2.0,Laboratory Technician,High,Single,6074.0,22887.0,1.0,Y,Yes,24.0,Outstanding,Very High,80.0,0.0,9.0,3.0,Excellent,9.0,7.0,0.0,6.0,Yes
894,34.0,Travel_Rarely,400.9999999999999,Research & Development,1.0,Bachelor,Life Sciences,1.0,Very High,Female,86.0,Good,1.0,Laboratory Technician,Good,Married,3294.0,3708.0,5.0,Y,No,17.0,Excellent,Low,80.0,1.0,7.0,2.0,Good,5.0,4.0,0.0,2.0,No
895,42.0,Travel_Rarely,319.0,Research & Development,24.0,Bachelor,Medical,1.0,Very High,Male,56.0,High,3.0,Manufacturing Director,Low,Married,7406.0,6950.000000000001,1.0,Y,Yes,21.0,Outstanding,Very High,80.0,1.0,10.0,5.0,Good,10.0,9.0,5.0,8.0,No
896,30.0,Non-Travel,990.0,Research & Development,7.0,Bachelor,Technical Degree,1.0,High,Male,64.0,High,1.0,Research Scientist,High,Divorced,1273.9999999999995,7152.0,1.0,Y,No,13.0,Excellent,Good,80.0,2.0,1.0,2.0,Good,1.0,0.0,0.0,0.0,No
897,50.0,Travel_Rarely,1452.0,Research & Development,11.0,Bachelor,Life Sciences,1.0,High,Female,53.0,High,5.0,Manager,Good,Single,19926.0,17053.0,3.0,Y,No,15.0,Excellent,Good,80.0,0.0,21.0,5.0,Excellent,5.0,4.0,4.0,4.0,No
898,31.0,Travel_Rarely,1082.0,Research & Development,1.0,Master,Medical,1.0,High,Male,87.0,High,1.0,Research Scientist,Good,Single,2501.0,18775.0,1.0,Y,No,17.0,Excellent,Good,80.0,0.0,1.0,4.0,Excellent,1.0,1.0,1.0,0.0,No
899,41.0,Travel_Frequently,1200.0,Research & Development,22.0,Bachelor,Life Sciences,1.0,Very High,Female,75.0,High,2.0,Research Scientist,Very High,Divorced,5467.0,13953.0,3.0,Y,Yes,14.0,Excellent,Low,80.0,2.0,12.0,4.0,Good,6.0,2.0,3.0,3.0,No
900,41.0,Travel_Frequently,857.0,Research & Development,10.0,Bachelor,Life Sciences,1.0,Very High,Male,91.0,Good,4.0,Manager,Low,Divorced,17180.999999999996,12888.0,4.0,Y,No,13.0,Excellent,Good,80.0,1.0,21.0,2.0,Good,7.0,6.0,7.0,7.0,No
901,52.0,Travel_Rarely,1053.0,Research & Development,1.0,College,Life Sciences,1.0,Very High,Male,70.0,High,4.0,Manager,Very High,Married,17098.999999999996,13829.0,2.0,Y,No,15.0,Excellent,Good,80.0,1.0,26.0,2.0,Good,9.0,8.0,7.0,8.0,No
902,40.0,Travel_Rarely,522.9999999999998,Research & Development,2.0,Bachelor,Life Sciences,1.0,High,Male,98.0,High,2.0,Research Scientist,Very High,Single,4661.0,22455.000000000004,1.0,Y,No,13.0,Excellent,High,80.0,0.0,9.0,4.0,Excellent,9.0,8.0,8.0,8.0,No
903,49.0,Travel_Frequently,636.0,Research & Development,10.0,Master,Life Sciences,1.0,High,Female,35.0,High,5.0,Research Director,Low,Single,18665.0,25594.0,9.0,Y,Yes,11.0,Excellent,Very High,80.0,0.0,22.0,4.0,Excellent,3.0,2.0,1.0,2.0,No
904,27.0,Travel_Rarely,205.0,Sales,10.0,Bachelor,Marketing,1.0,Very High,Female,98.0,Good,2.0,Sales Executive,Very High,Married,5769.0,7100.000000000001,1.0,Y,Yes,11.0,Excellent,Very High,80.0,0.0,6.0,3.0,Excellent,6.0,2.0,4.0,4.0,No
905,38.0,Travel_Rarely,371.00000000000017,Research & Development,2.0,Bachelor,Life Sciences,1.0,Very High,Male,45.0,High,1.0,Research Scientist,Very High,Single,3943.9999999999995,4306.0,5.0,Y,Yes,11.0,Excellent,High,80.0,0.0,6.0,3.0,Excellent,3.0,2.0,1.0,2.0,No
906,51.0,Travel_Frequently,541.0,Sales,2.0,Bachelor,Marketing,1.0,Good,Male,52.0,High,3.0,Sales Executive,Good,Married,10595.999999999996,15395.0,2.0,Y,No,11.0,Excellent,Good,80.0,0.0,14.0,5.0,Excellent,4.0,2.0,3.0,2.0,No
907,40.0,Travel_Rarely,896.0,Research & Development,2.0,Bachelor,Medical,1.0,High,Male,68.0,High,1.0,Research Scientist,High,Divorced,2345.0,8045.0,2.0,Y,No,14.0,Excellent,High,80.0,1.0,8.0,3.0,Outstanding,3.0,1.0,1.0,2.0,No
908,29.0,Travel_Rarely,1401.0,Research & Development,6.0,Below College,Medical,1.0,Good,Female,54.0,High,1.0,Laboratory Technician,Very High,Married,3131.0,26342.0,1.0,Y,No,13.0,Excellent,Low,80.0,1.0,10.0,5.0,Excellent,10.0,8.0,0.0,8.0,No
909,40.0,Travel_Rarely,658.0,Sales,10.0,Master,Marketing,1.0,Low,Male,67.0,Good,3.0,Sales Executive,Good,Divorced,9705.0,20652.0,2.0,Y,No,12.0,Excellent,Good,80.0,1.0,11.0,2.0,Good,1.0,0.0,0.0,0.0,No
910,30.0,Travel_Rarely,316.99999999999994,Research & Development,2.0,Bachelor,Life Sciences,1.0,High,Female,43.0,Low,2.0,Manufacturing Director,Very High,Single,6091.0,24793.0,2.0,Y,No,20.0,Outstanding,High,80.0,0.0,11.0,2.0,Excellent,5.0,4.0,0.0,2.0,No
911,29.0,Travel_Rarely,232.0,Research & Development,19.0,Bachelor,Technical Degree,1.0,Very High,Male,34.0,High,2.0,Manufacturing Director,Very High,Divorced,4261.999999999999,22645.0,4.0,Y,No,12.0,Excellent,Good,80.0,2.0,8.0,2.0,Outstanding,3.0,2.0,1.0,2.0,No
912,35.0,Travel_Rarely,662.0,Sales,1.0,Doctor,Marketing,1.0,High,Male,94.0,High,3.0,Sales Executive,Good,Married,7294.999999999998,11439.0,1.0,Y,No,13.0,Excellent,Low,80.0,2.0,10.0,3.0,Excellent,10.0,8.0,0.0,6.0,No
913,45.0,Travel_Rarely,1234.0,Sales,11.0,College,Life Sciences,1.0,Very High,Female,90.0,High,4.0,Manager,Very High,Married,17650.0,5403.999999999998,3.0,Y,No,13.0,Excellent,Good,80.0,1.0,26.0,4.0,Outstanding,9.0,3.0,1.0,1.0,No
914,43.0,Travel_Frequently,1082.0,Research & Development,27.0,Bachelor,Life Sciences,1.0,High,Female,83.0,High,3.0,Manufacturing Director,Low,Married,10819.999999999996,11535.0,8.0,Y,No,11.0,Excellent,High,80.0,1.0,18.0,1.0,Excellent,8.0,7.0,0.0,1.0,No
915,47.0,Travel_Rarely,359.0,Research & Development,2.0,Master,Medical,1.0,Low,Female,82.0,High,4.0,Research Director,High,Married,17169.0,26703.0,3.0,Y,No,19.0,Excellent,Good,80.0,2.0,26.0,2.0,Outstanding,20.0,17.0,5.0,6.0,No
916,51.0,Travel_Rarely,1405.0,Research & Development,11.0,College,Technical Degree,1.0,Very High,Female,82.0,Good,4.0,Manufacturing Director,Good,Single,13141.999999999998,24439.0,3.0,Y,No,16.0,Excellent,Good,80.0,0.0,29.0,1.0,Good,5.0,2.0,0.0,3.0,No
917,46.0,Travel_Rarely,565.9999999999999,Research & Development,7.0,College,Medical,1.0,Very High,Male,75.0,High,3.0,Manufacturing Director,High,Divorced,10845.0,24208.0,6.0,Y,No,13.0,Excellent,Good,80.0,1.0,13.0,3.0,Excellent,8.0,7.0,0.0,7.0,No
918,44.0,Travel_Rarely,1376.0,Human Resources,1.0,College,Medical,1.0,Good,Male,91.0,Good,3.0,Human Resources,Low,Married,10482.0,2326.0,9.0,Y,No,14.0,Excellent,Very High,80.0,1.0,24.0,1.0,Excellent,20.0,6.0,3.0,6.0,Yes
919,29.0,Travel_Rarely,694.0,Research & Development,1.0,Bachelor,Life Sciences,1.0,Very High,Female,87.0,Good,4.0,Research Director,Very High,Divorced,16124.0,3423.0,3.0,Y,No,14.0,Excellent,Good,80.0,2.0,9.0,2.0,Good,7.0,7.0,1.0,7.0,No
920,46.0,Travel_Rarely,526.0,Sales,1.0,College,Marketing,1.0,Good,Female,92.0,High,3.0,Sales Executive,Low,Divorced,10453.0,2137.0,1.0,Y,No,25.0,Outstanding,High,80.0,3.0,24.0,2.0,Excellent,24.0,13.0,15.0,7.0,No
921,29.0,Travel_Rarely,340.99999999999994,Sales,1.0,Bachelor,Medical,1.0,Good,Female,48.0,Good,1.0,Sales Representative,High,Divorced,2800.000000000001,23522.0,6.0,Y,Yes,19.0,Excellent,High,80.0,3.0,5.0,3.0,Excellent,3.0,2.0,0.0,2.0,Yes
922,40.0,Travel_Rarely,759.0,Sales,2.0,College,Marketing,1.0,Very High,Female,46.0,High,2.0,Sales Executive,Good,Divorced,5715.0,22553.0,7.0,Y,No,12.0,Excellent,High,80.0,2.0,8.0,5.0,Excellent,5.0,4.0,1.0,3.0,No
923,30.0,Travel_Frequently,333.99999999999994,Sales,26.0,Master,Marketing,1.0,High,Female,52.0,Good,2.0,Sales Executive,Low,Single,6696.0,22967.0,5.0,Y,No,15.0,Excellent,High,80.0,0.0,9.0,5.0,Good,6.0,3.0,0.0,1.0,Yes
924,42.0,Travel_Rarely,932.0,Research & Development,1.0,College,Life Sciences,1.0,Very High,Female,43.0,Good,2.0,Manufacturing Director,Very High,Married,6061.999999999999,4051.0000000000036,9.0,Y,Yes,13.0,Excellent,Very High,80.0,1.0,8.0,4.0,Excellent,4.0,3.0,0.0,2.0,No
925,41.0,Non-Travel,509.0,Research & Development,2.0,Master,Other,1.0,Low,Female,62.0,Good,2.0,Healthcare Representative,High,Single,6811.0,2112.0,2.0,Y,Yes,17.0,Excellent,Low,80.0,0.0,10.0,3.0,Excellent,8.0,7.0,0.0,7.0,No
926,42.0,Non-Travel,494.9999999999999,Research & Development,2.0,Below College,Life Sciences,1.0,High,Male,37.0,High,4.0,Manager,High,Married,17861.0,26582.0,0.0,Y,Yes,13.0,Excellent,Very High,80.0,0.0,21.0,3.0,Good,20.0,8.0,2.0,10.0,No
927,25.0,Travel_Rarely,622.0,Sales,13.0,Below College,Medical,1.0,Good,Male,40.0,High,1.0,Sales Representative,High,Married,2096.0,26376.0,1.0,Y,No,11.0,Excellent,High,80.0,0.0,7.0,1.0,Excellent,7.0,4.0,0.0,6.0,No
928,31.0,Travel_Rarely,1365.0,Sales,13.0,Master,Medical,1.0,Good,Male,46.0,High,2.0,Sales Executive,Low,Divorced,4233.0,11512.0,2.0,Y,No,17.0,Excellent,High,80.0,0.0,9.0,2.0,Low,3.0,1.0,1.0,2.0,Yes
929,41.0,Travel_Rarely,482.9999999999999,Research & Development,6.0,Bachelor,Medical,1.0,Very High,Male,95.0,Good,2.0,Manufacturing Director,Good,Single,6032.000000000001,10110.0,6.0,Y,Yes,15.0,Excellent,Very High,80.0,0.0,8.0,3.0,Excellent,5.0,4.0,1.0,2.0,No
930,36.0,Travel_Rarely,428.9999999999999,Research & Development,2.0,Master,Life Sciences,1.0,High,Female,53.0,High,2.0,Manufacturing Director,Good,Single,5410.0,2323.0,9.0,Y,Yes,11.0,Excellent,Very High,80.0,0.0,18.0,2.0,Excellent,16.0,14.0,5.0,12.0,No
931,38.0,Travel_Frequently,471.0,Research & Development,12.0,Bachelor,Life Sciences,1.0,Low,Male,45.0,Good,2.0,Healthcare Representative,Low,Divorced,6287.999999999999,4284.0,2.0,Y,No,15.0,Excellent,High,80.0,1.0,13.0,3.0,Good,4.0,3.0,1.0,2.0,No
932,35.0,Travel_Rarely,1258.0000000000005,Research & Development,1.0,Master,Life Sciences,1.0,Very High,Female,40.0,Very High,1.0,Research Scientist,High,Single,2506.0000000000005,13301.0,3.0,Y,No,13.0,Excellent,High,80.0,0.0,7.0,0.0,Excellent,2.0,2.0,2.0,2.0,No
933,45.0,Non-Travel,1050.0,Sales,9.0,Master,Life Sciences,1.0,Good,Female,65.0,Good,2.0,Sales Executive,High,Married,5592.999999999999,17970.0,1.0,Y,No,13.0,Excellent,Very High,80.0,1.0,15.0,2.0,Excellent,15.0,10.0,4.0,12.0,No
934,47.0,Travel_Frequently,217.0,Sales,3.0,Bachelor,Medical,1.0,Very High,Female,49.0,High,4.0,Sales Executive,High,Divorced,13769.999999999998,10225.0,9.0,Y,Yes,12.0,Excellent,Very High,80.0,2.0,28.0,2.0,Good,22.0,2.0,11.0,13.0,No
935,56.0,Travel_Rarely,718.0,Research & Development,4.0,Master,Technical Degree,1.0,Very High,Female,92.0,High,5.0,Manager,Low,Divorced,19943.0,18575.0,4.0,Y,No,13.0,Excellent,Very High,80.0,1.0,28.0,2.0,Excellent,5.0,2.0,4.0,2.0,No
936,59.0,Non-Travel,1420.0,Human Resources,2.0,Master,Human Resources,1.0,High,Female,32.0,Good,5.0,Manager,Very High,Married,18844.000000000007,21922.000000000004,9.0,Y,No,21.0,Outstanding,Very High,80.0,1.0,30.0,3.0,Excellent,3.0,2.0,2.0,2.0,No
937,28.0,Travel_Rarely,654.0,Research & Development,1.0,College,Life Sciences,1.0,Low,Female,67.0,Low,1.0,Research Scientist,Good,Single,2216.0,3872.0,7.0,Y,Yes,13.0,Excellent,Very High,80.0,0.0,10.0,4.0,Excellent,7.0,7.0,3.0,7.0,Yes
938,50.0,Travel_Frequently,959.0,Sales,1.0,Master,Other,1.0,Very High,Male,81.0,High,2.0,Sales Executive,High,Single,4728.0,17251.0,3.0,Y,Yes,14.0,Excellent,Very High,80.0,0.0,5.0,4.0,Excellent,0.0,0.0,0.0,0.0,Yes
939,30.0,Travel_Rarely,946.0,Research & Development,2.0,Bachelor,Medical,1.0,High,Female,52.0,Good,2.0,Manufacturing Director,Very High,Single,6877.0,20234.0,5.0,Y,Yes,24.0,Outstanding,Good,80.0,0.0,12.0,4.0,Good,0.0,0.0,0.0,0.0,No
940,30.0,Travel_Rarely,125.0,Research & Development,9.0,College,Medical,1.0,Very High,Male,83.0,Good,1.0,Laboratory Technician,High,Single,2205.9999999999995,16117.0,1.0,Y,No,13.0,Excellent,Low,80.0,0.0,10.0,5.0,Excellent,10.0,0.0,1.0,8.0,No
941,21.0,Non-Travel,895.0,Sales,9.0,College,Medical,1.0,Low,Male,39.0,High,1.0,Sales Representative,Very High,Single,2610.0,2851.0,1.0,Y,No,24.0,Outstanding,High,80.0,0.0,3.0,3.0,Good,3.0,2.0,2.0,2.0,No
942,35.0,Travel_Rarely,622.0,Research & Development,14.0,Master,Other,1.0,High,Male,39.0,Good,1.0,Laboratory Technician,Good,Divorced,3742.9999999999995,10074.0,1.0,Y,Yes,24.0,Outstanding,Very High,80.0,1.0,5.0,2.0,Low,4.0,2.0,0.0,2.0,Yes
943,40.0,Travel_Rarely,1171.0,Research & Development,10.0,Master,Life Sciences,1.0,Very High,Female,46.0,Very High,1.0,Laboratory Technician,High,Married,2213.0,22494.999999999996,3.0,Y,Yes,13.0,Excellent,High,80.0,1.0,10.0,3.0,Excellent,7.0,7.0,1.0,7.0,No
944,56.0,Travel_Rarely,832.0,Research & Development,9.0,Bachelor,Medical,1.0,High,Male,81.0,High,4.0,Healthcare Representative,Very High,Married,11103.0,20420.0,7.0,Y,No,11.0,Excellent,High,80.0,0.0,30.0,1.0,Good,10.0,7.0,1.0,1.0,No
945,46.0,Travel_Rarely,1450.0,Research & Development,15.0,College,Life Sciences,1.0,Very High,Male,52.0,High,5.0,Research Director,Good,Married,19081.0,10849.0,5.0,Y,No,11.0,Excellent,Low,80.0,1.0,25.0,2.0,Excellent,4.0,2.0,0.0,3.0,No
946,40.0,Travel_Rarely,905.0,Research & Development,19.0,College,Medical,1.0,High,Male,99.0,High,2.0,Laboratory Technician,Very High,Married,2741.0,16523.0,8.0,Y,Yes,15.0,Excellent,High,80.0,1.0,15.0,2.0,Outstanding,7.0,2.0,3.0,7.0,No
947,46.0,Travel_Rarely,945.0,Human Resources,5.0,College,Medical,1.0,Good,Male,80.0,High,2.0,Human Resources,Good,Divorced,5021.000000000001,10425.0,8.0,Y,Yes,22.0,Outstanding,Very High,80.0,1.0,16.0,2.0,Excellent,4.0,2.0,0.0,2.0,No
948,35.0,Travel_Rarely,776.0,Sales,1.0,Master,Marketing,1.0,High,Male,32.0,Good,2.0,Sales Executive,Low,Single,4312.0,23016.0,0.0,Y,No,14.0,Excellent,Good,80.0,0.0,16.0,2.0,Excellent,15.0,13.0,2.0,8.0,No
949,40.0,Travel_Frequently,593.0,Research & Development,9.0,Master,Medical,1.0,Good,Female,88.0,High,3.0,Research Director,High,Single,13499.0,13782.0,9.0,Y,No,17.0,Excellent,High,80.0,0.0,20.0,3.0,Good,18.0,7.0,2.0,13.0,No
950,36.0,Non-Travel,427.00000000000006,Research & Development,8.0,Bachelor,Life Sciences,1.0,Low,Female,63.0,Very High,3.0,Research Director,Low,Married,11713.0,20335.0,9.0,Y,No,14.0,Excellent,Low,80.0,1.0,10.0,2.0,Excellent,8.0,7.0,0.0,5.0,No
951,43.0,Travel_Rarely,930.0,Research & Development,6.0,Bachelor,Medical,1.0,Low,Female,73.0,Good,2.0,Research Scientist,High,Single,4081.0,20003.0,1.0,Y,Yes,14.0,Excellent,Low,80.0,0.0,20.0,3.0,Low,20.0,7.0,1.0,8.0,No
952,31.0,Travel_Frequently,444.00000000000006,Sales,5.0,Bachelor,Marketing,1.0,Very High,Female,84.0,High,1.0,Sales Representative,Good,Divorced,2789.0,3908.999999999998,1.0,Y,No,11.0,Excellent,High,80.0,1.0,2.0,5.0,Good,2.0,2.0,2.0,2.0,No
953,36.0,Travel_Rarely,1041.0,Human Resources,13.0,Bachelor,Human Resources,1.0,High,Male,36.0,High,1.0,Human Resources,Good,Married,2143.0,25527.0,4.0,Y,No,13.0,Excellent,Good,80.0,1.0,8.0,2.0,Excellent,5.0,2.0,0.0,4.0,No
954,36.0,Travel_Rarely,363.0000000000001,Research & Development,1.0,Bachelor,Technical Degree,1.0,High,Female,77.0,Low,3.0,Manufacturing Director,Low,Divorced,10252.0,4235.000000000002,2.0,Y,Yes,21.0,Outstanding,High,80.0,1.0,17.0,2.0,Excellent,7.0,7.0,7.0,7.0,No
955,45.0,Travel_Rarely,954.0,Sales,2.0,College,Technical Degree,1.0,Good,Male,46.0,Low,2.0,Sales Representative,High,Single,6632.000000000001,12388.0,0.0,Y,No,13.0,Excellent,Low,80.0,0.0,9.0,3.0,Excellent,8.0,7.0,3.0,1.0,No
956,27.0,Non-Travel,1450.0,Research & Development,3.0,Bachelor,Medical,1.0,High,Male,79.0,Good,1.0,Research Scientist,High,Divorced,2565.9999999999995,25326.0,1.0,Y,Yes,15.0,Excellent,Very High,80.0,1.0,1.0,2.0,Good,1.0,1.0,0.0,1.0,No
957,51.0,Travel_Rarely,684.0,Research & Development,6.0,Bachelor,Life Sciences,1.0,Low,Male,51.0,High,5.0,Research Director,High,Single,19537.0,6462.000000000001,7.0,Y,No,13.0,Excellent,High,80.0,0.0,23.0,5.0,Excellent,20.0,18.0,15.0,15.0,No
958,53.0,Travel_Frequently,124.0,Sales,2.0,Bachelor,Marketing,1.0,High,Female,38.0,Good,3.0,Sales Executive,Good,Married,7525.0,23537.0,2.0,Y,No,12.0,Excellent,Low,80.0,1.0,30.0,2.0,Excellent,15.0,7.0,6.0,12.0,No
959,31.0,Travel_Frequently,533.9999999999999,Research & Development,20.0,Bachelor,Life Sciences,1.0,Low,Male,66.0,High,3.0,Healthcare Representative,High,Married,9824.0,22908.0,3.0,Y,No,12.0,Excellent,Low,80.0,0.0,12.0,2.0,Excellent,1.0,0.0,0.0,0.0,Yes
960,35.0,Travel_Rarely,1343.0,Research & Development,27.0,Below College,Medical,1.0,High,Female,53.0,Good,1.0,Research Scientist,Low,Single,2559.0,17852.0,1.0,Y,No,11.0,Excellent,Very High,80.0,0.0,6.0,3.0,Good,6.0,5.0,1.0,1.0,No
961,27.0,Travel_Rarely,1377.0,Research & Development,11.0,Below College,Life Sciences,1.0,Good,Male,91.0,High,1.0,Laboratory Technician,Low,Married,2098.9999999999995,7678.999999999998,0.0,Y,No,14.0,Excellent,Good,80.0,0.0,6.0,3.0,Outstanding,5.0,0.0,1.0,4.0,No
962,27.0,Travel_Rarely,1469.0,Research & Development,1.0,College,Medical,1.0,Very High,Male,82.0,High,1.0,Laboratory Technician,Good,Divorced,3816.0,17881.0,1.0,Y,No,11.0,Excellent,Good,80.0,1.0,5.0,2.0,Excellent,5.0,2.0,0.0,4.0,No
963,34.0,Travel_Rarely,470.0,Research & Development,2.0,Master,Life Sciences,1.0,Very High,Male,84.0,Good,2.0,Manufacturing Director,Low,Married,5956.999999999999,23687.0,6.0,Y,No,13.0,Excellent,Good,80.0,1.0,13.0,3.0,Excellent,11.0,9.0,5.0,9.0,No
964,24.0,Travel_Rarely,1353.0,Sales,3.0,College,Other,1.0,Low,Female,33.0,High,2.0,Sales Executive,High,Married,4999.0,17519.0,0.0,Y,No,21.0,Outstanding,Low,80.0,1.0,4.0,2.0,Good,3.0,2.0,0.0,2.0,No
965,38.0,Travel_Frequently,693.0,Research & Development,7.0,Bachelor,Life Sciences,1.0,Very High,Male,57.0,Very High,1.0,Research Scientist,High,Divorced,2610.0,15748.0,1.0,Y,No,11.0,Excellent,Very High,80.0,3.0,4.0,2.0,Excellent,4.0,2.0,0.0,3.0,No
966,41.0,Non-Travel,256.0,Sales,10.0,College,Medical,1.0,High,Male,40.0,Low,2.0,Sales Executive,Good,Single,6151.0,22074.0,1.0,Y,No,13.0,Excellent,Low,80.0,0.0,19.0,4.0,Excellent,19.0,2.0,11.0,9.0,No
967,46.0,Travel_Rarely,488.0,Sales,2.0,Bachelor,Technical Degree,1.0,High,Female,75.0,Low,4.0,Manager,Good,Married,16872.0,14977.0,3.0,Y,Yes,12.0,Excellent,Good,80.0,1.0,28.0,2.0,Good,7.0,7.0,7.0,7.0,No
968,30.0,Travel_Rarely,1082.0,Sales,12.0,Bachelor,Technical Degree,1.0,Good,Female,83.0,High,2.0,Sales Executive,High,Single,6577.0,19557.999999999996,0.0,Y,No,11.0,Excellent,Good,80.0,0.0,6.0,6.0,Excellent,5.0,4.0,4.0,4.0,No
969,46.0,Travel_Rarely,430.00000000000006,Research & Development,1.0,Master,Medical,1.0,Very High,Male,40.0,High,5.0,Research Director,Very High,Divorced,19627.0,21445.0,9.0,Y,No,17.0,Excellent,Very High,80.0,2.0,23.0,0.0,Excellent,2.0,2.0,2.0,2.0,No
970,27.0,Travel_Rarely,975.0,Research & Development,7.0,Bachelor,Medical,1.0,Very High,Female,55.0,Good,2.0,Healthcare Representative,Low,Single,6811.0,23398.0,8.0,Y,No,19.0,Excellent,Low,80.0,0.0,9.0,2.0,Low,7.0,6.0,0.0,7.0,No
971,32.0,Travel_Frequently,1316.0000000000002,Research & Development,2.0,College,Life Sciences,1.0,Very High,Female,38.0,High,2.0,Research Scientist,High,Single,4998.0,2338.0,4.0,Y,Yes,14.0,Excellent,Very High,80.0,0.0,10.0,2.0,Excellent,8.0,7.0,0.0,7.0,No
972,41.0,Travel_Rarely,896.0,Sales,6.0,Bachelor,Life Sciences,1.0,Very High,Female,75.0,High,3.0,Manager,Very High,Single,13591.0,14674.000000000002,3.0,Y,Yes,18.0,Excellent,High,80.0,0.0,16.0,3.0,Excellent,1.0,0.0,0.0,0.0,No
973,21.0,Travel_Frequently,756.0,Sales,1.0,Below College,Technical Degree,1.0,Low,Female,99.0,Good,1.0,Sales Representative,Good,Single,2174.0,9150.0,1.0,Y,Yes,11.0,Excellent,High,80.0,0.0,3.0,3.0,Excellent,3.0,2.0,1.0,2.0,Yes
974,34.0,Travel_Frequently,560.0,Research & Development,1.0,Master,Other,1.0,Very High,Male,91.0,High,1.0,Research Scientist,Low,Divorced,2996.0,20284.0,5.0,Y,No,14.0,Excellent,High,80.0,2.0,10.0,2.0,Excellent,4.0,3.0,1.0,3.0,No
975,36.0,Travel_Frequently,565.9999999999999,Research & Development,18.0,Master,Life Sciences,1.0,High,Male,81.0,Very High,1.0,Laboratory Technician,Very High,Married,3688.0,7122.0,4.0,Y,No,18.0,Excellent,Very High,80.0,2.0,4.0,2.0,Excellent,1.0,0.0,0.0,0.0,No
976,34.0,Travel_Frequently,303.0,Sales,2.0,Master,Marketing,1.0,High,Female,75.0,High,1.0,Sales Representative,High,Married,2230.9999999999995,11314.0,6.0,Y,No,18.0,Excellent,Very High,80.0,1.0,6.0,3.0,Excellent,4.0,3.0,1.0,2.0,No
977,26.0,Travel_Rarely,1357.0,Research & Development,25.0,Bachelor,Life Sciences,1.0,Low,Male,48.0,Low,1.0,Laboratory Technician,High,Single,2293.0,10557.999999999998,1.0,Y,No,12.0,Excellent,High,80.0,0.0,1.0,2.0,Good,1.0,0.0,0.0,1.0,Yes
978,48.0,Travel_Rarely,969.0,Research & Development,2.0,College,Technical Degree,1.0,Very High,Male,76.0,Very High,1.0,Laboratory Technician,Good,Single,2559.0,16620.0,5.0,Y,No,11.0,Excellent,High,80.0,0.0,7.0,4.0,Good,1.0,0.0,0.0,0.0,No
979,53.0,Travel_Rarely,1084.0,Research & Development,13.0,College,Medical,1.0,Very High,Female,57.0,Very High,2.0,Manufacturing Director,Low,Divorced,4450.0,26250.0,1.0,Y,No,11.0,Excellent,High,80.0,2.0,5.0,3.0,Excellent,4.0,2.0,1.0,3.0,No
980,39.0,Travel_Rarely,1498.0,Sales,21.0,Master,Life Sciences,1.0,Low,Male,44.0,Good,2.0,Sales Executive,Very High,Married,6120.0,3567.0,3.0,Y,Yes,12.0,Excellent,Very High,80.0,2.0,8.0,2.0,Outstanding,5.0,4.0,1.0,4.0,No
981,31.0,Travel_Rarely,326.0000000000001,Sales,8.0,College,Life Sciences,1.0,Low,Male,31.0,High,3.0,Sales Executive,Very High,Divorced,10793.0,8386.0,1.0,Y,No,18.0,Excellent,Low,80.0,1.0,13.0,5.0,Excellent,13.0,7.0,9.0,9.0,No
982,27.0,Travel_Frequently,793.0,Sales,2.0,Below College,Life Sciences,1.0,Very High,Male,43.0,Low,2.0,Sales Executive,Very High,Single,5071.0,20392.0,3.0,Y,No,20.0,Outstanding,Good,80.0,0.0,8.0,3.0,Excellent,6.0,2.0,0.0,0.0,No
983,45.0,Travel_Rarely,930.0,Sales,9.0,Bachelor,Marketing,1.0,Very High,Male,74.0,High,3.0,Sales Executive,Low,Divorced,10761.0,19239.0,4.0,Y,Yes,12.0,Excellent,High,80.0,1.0,18.0,2.0,Excellent,5.0,4.0,0.0,2.0,No
984,32.0,Travel_Frequently,1311.0,Research & Development,7.0,Bachelor,Life Sciences,1.0,Good,Male,100.0,Very High,1.0,Laboratory Technician,Good,Married,2794.0,26062.0,1.0,Y,No,20.0,Outstanding,High,80.0,0.0,5.0,3.0,Low,5.0,1.0,0.0,3.0,No
985,56.0,Travel_Rarely,1400.0,Research & Development,7.0,Bachelor,Life Sciences,1.0,Very High,Male,49.0,Low,3.0,Manufacturing Director,Very High,Single,7260.000000000002,21698.0,4.0,Y,No,11.0,Excellent,Low,80.0,0.0,37.0,3.0,Good,6.0,4.0,0.0,2.0,No
986,51.0,Travel_Rarely,1169.0,Research & Development,7.0,Master,Medical,1.0,Good,Male,34.0,Good,2.0,Manufacturing Director,High,Married,6132.0,13983.0,2.0,Y,No,17.0,Excellent,High,80.0,0.0,10.0,2.0,Excellent,1.0,0.0,0.0,0.0,No
987,50.0,Travel_Rarely,691.0,Research & Development,2.0,Bachelor,Medical,1.0,High,Male,64.0,High,4.0,Research Director,High,Married,17639.0,6881.0,5.0,Y,No,16.0,Excellent,Very High,80.0,0.0,30.0,3.0,Excellent,4.0,3.0,0.0,3.0,No
988,28.0,Travel_Rarely,950.0,Research & Development,3.0,Bachelor,Medical,1.0,Very High,Female,93.0,High,3.0,Manufacturing Director,Good,Divorced,7655.0,8039.0,0.0,Y,No,17.0,Excellent,Good,80.0,3.0,10.0,3.0,Good,9.0,7.0,1.0,7.0,No
989,33.0,Travel_Frequently,827.0,Research & Development,29.0,Master,Medical,1.0,Low,Female,54.0,Good,2.0,Research Scientist,High,Single,4508.0,3129.0,1.0,Y,No,22.0,Outstanding,Good,80.0,0.0,14.0,4.0,Excellent,13.0,7.0,3.0,8.0,Yes
990,29.0,Travel_Rarely,906.0,Research & Development,10.0,Bachelor,Life Sciences,1.0,Very High,Female,92.0,Good,1.0,Research Scientist,Low,Single,2404.0,11478.999999999998,6.0,Y,Yes,20.0,Outstanding,High,80.0,0.0,3.0,5.0,Excellent,0.0,0.0,0.0,0.0,Yes
991,41.0,Travel_Rarely,549.0,Research & Development,7.0,College,Medical,1.0,Very High,Female,42.0,High,2.0,Manufacturing Director,High,Single,5003.0,23371.0,6.0,Y,No,14.0,Excellent,Good,80.0,0.0,8.0,6.0,Excellent,2.0,2.0,2.0,1.0,No
992,52.0,Travel_Rarely,723.0,Research & Development,8.0,Master,Medical,1.0,High,Male,85.0,Good,2.0,Research Scientist,Good,Married,4941.0,17747.0,2.0,Y,No,15.0,Excellent,Low,80.0,0.0,11.0,3.0,Good,8.0,2.0,7.0,7.0,Yes
993,22.0,Travel_Frequently,1256.0,Research & Development,3.0,Master,Life Sciences,1.0,High,Male,48.0,Good,1.0,Research Scientist,Very High,Married,2853.0,4223.000000000002,0.0,Y,Yes,11.0,Excellent,Good,80.0,1.0,1.0,5.0,Excellent,0.0,0.0,0.0,0.0,Yes
994,28.0,Travel_Rarely,1179.0,Research & Development,19.0,Master,Medical,1.0,Very High,Male,78.0,Good,1.0,Laboratory Technician,Low,Married,3196.0,12449.0,1.0,Y,No,12.0,Excellent,High,80.0,3.0,6.0,2.0,Excellent,6.0,5.0,3.0,3.0,No
995,27.0,Travel_Rarely,1115.0,Research & Development,3.0,Master,Medical,1.0,Low,Male,54.0,Good,1.0,Research Scientist,Very High,Single,2045.0000000000005,15174.0,0.0,Y,No,13.0,Excellent,Very High,80.0,0.0,5.0,0.0,Excellent,4.0,2.0,1.0,1.0,No
996,47.0,Travel_Frequently,1309.0,Sales,4.0,Below College,Medical,1.0,Good,Male,99.0,High,2.0,Sales Representative,High,Single,2976.0,25751.0,3.0,Y,No,19.0,Excellent,Low,80.0,0.0,5.0,3.0,Excellent,0.0,0.0,0.0,0.0,No
997,44.0,Non-Travel,489.0,Research & Development,23.0,Bachelor,Medical,1.0,Good,Male,67.0,High,2.0,Laboratory Technician,Good,Married,2042.0,25043.0,4.0,Y,No,12.0,Excellent,High,80.0,1.0,17.0,3.0,Outstanding,3.0,2.0,1.0,2.0,No
998,33.0,Travel_Rarely,931.0,Research & Development,14.0,Bachelor,Medical,1.0,Very High,Female,72.0,High,1.0,Research Scientist,Good,Married,2755.9999999999995,4672.999999999998,1.0,Y,No,13.0,Excellent,Very High,80.0,1.0,8.0,5.0,Excellent,8.0,7.0,1.0,6.0,No
999,35.0,Travel_Rarely,819.0,Research & Development,2.0,Bachelor,Life Sciences,1.0,High,Male,44.0,Good,3.0,Manufacturing Director,Good,Divorced,10274.0,19588.0,2.0,Y,No,18.0,Excellent,Good,80.0,1.0,15.0,2.0,Outstanding,7.0,7.0,6.0,4.0,No
1000,45.0,Travel_Rarely,193.0,Research & Development,6.0,Master,Other,1.0,Very High,Male,52.0,High,3.0,Research Director,Low,Married,13245.0,15066.999999999998,4.0,Y,Yes,14.0,Excellent,Good,80.0,0.0,17.0,3.0,Outstanding,0.0,0.0,0.0,0.0,No
1001,35.0,Travel_Rarely,583.0,Research & Development,25.0,Master,Medical,1.0,High,Female,57.0,High,3.0,Healthcare Representative,High,Divorced,10387.999999999998,6975.000000000001,1.0,Y,Yes,11.0,Excellent,High,80.0,1.0,16.0,3.0,Good,16.0,10.0,10.0,1.0,No
1002,34.0,Travel_Rarely,1354.0,Research & Development,5.0,Bachelor,Medical,1.0,High,Female,45.0,Good,3.0,Manager,Low,Single,11630.999999999995,5615.0,2.0,Y,No,12.0,Excellent,Very High,80.0,0.0,14.0,6.0,Excellent,11.0,10.0,5.0,8.0,No
1003,24.0,Travel_Rarely,1476.0,Sales,4.0,Below College,Medical,1.0,Very High,Female,42.0,High,2.0,Sales Executive,High,Married,4162.0,15211.0,1.0,Y,Yes,12.0,Excellent,High,80.0,2.0,5.0,3.0,Excellent,5.0,4.0,0.0,3.0,No
1004,26.0,Travel_Rarely,950.0,Sales,4.0,Master,Marketing,1.0,Very High,Male,48.0,Good,2.0,Sales Executive,Very High,Single,5828.000000000001,8450.0,1.0,Y,Yes,12.0,Excellent,Good,80.0,0.0,8.0,0.0,Excellent,8.0,7.0,7.0,4.0,Yes
1005,32.0,Travel_Rarely,499.00000000000006,Sales,2.0,Below College,Marketing,1.0,High,Male,36.0,High,2.0,Sales Executive,Good,Married,4078.0,20497.0,0.0,Y,Yes,13.0,Excellent,Low,80.0,3.0,4.0,3.0,Good,3.0,2.0,1.0,2.0,No
1006,43.0,Travel_Rarely,1273.0,Research & Development,2.0,College,Medical,1.0,Very High,Female,72.0,Very High,1.0,Research Scientist,High,Divorced,2645.0,21923.0,1.0,Y,No,12.0,Excellent,Very High,80.0,2.0,6.0,3.0,Good,5.0,3.0,1.0,4.0,No
1007,34.0,Travel_Rarely,1346.0000000000002,Research & Development,19.0,College,Medical,1.0,Good,Male,93.0,High,1.0,Laboratory Technician,Very High,Divorced,2661.0000000000005,8758.0,0.0,Y,No,11.0,Excellent,High,80.0,1.0,3.0,2.0,Excellent,2.0,2.0,1.0,2.0,No
1008,37.0,Travel_Rarely,124.0,Research & Development,3.0,Bachelor,Other,1.0,Very High,Female,35.0,High,2.0,Healthcare Representative,Good,Single,4107.0,13848.0,3.0,Y,No,15.0,Excellent,Low,80.0,0.0,8.0,3.0,Good,4.0,3.0,0.0,1.0,No
1009,32.0,Travel_Rarely,858.9999999999999,Research & Development,4.0,Bachelor,Life Sciences,1.0,High,Female,98.0,Good,2.0,Manufacturing Director,High,Married,6162.0,19124.0,1.0,Y,No,12.0,Excellent,High,80.0,1.0,14.0,3.0,Excellent,14.0,13.0,6.0,8.0,No
1010,31.0,Travel_Rarely,106.0,Human Resources,2.0,Bachelor,Human Resources,1.0,Low,Male,62.0,Good,2.0,Human Resources,Low,Married,6410.0,17822.000000000004,3.0,Y,No,12.0,Excellent,Very High,80.0,0.0,9.0,1.0,Excellent,2.0,2.0,1.0,0.0,No
1011,25.0,Non-Travel,675.0,Research & Development,5.0,College,Life Sciences,1.0,Good,Male,85.0,Very High,2.0,Healthcare Representative,Low,Divorced,3999.9999999999995,18384.0,1.0,Y,No,12.0,Excellent,Very High,80.0,2.0,6.0,2.0,Excellent,6.0,3.0,1.0,5.0,No
1012,30.0,Travel_Rarely,1334.0,Sales,4.0,College,Medical,1.0,High,Female,63.0,Good,2.0,Sales Executive,Good,Divorced,5209.0,19760.0,1.0,Y,Yes,12.0,Excellent,Good,80.0,3.0,11.0,4.0,Good,11.0,8.0,2.0,7.0,No
1013,28.0,Travel_Frequently,1009.0,Research & Development,1.0,Bachelor,Medical,1.0,Low,Male,45.0,Good,1.0,Laboratory Technician,Good,Divorced,2596.0,7159.999999999999,1.0,Y,No,15.0,Excellent,Low,80.0,2.0,1.0,2.0,Excellent,1.0,0.0,0.0,0.0,Yes
1014,35.0,Travel_Rarely,672.0,Research & Development,25.0,Bachelor,Technical Degree,1.0,Very High,Male,78.0,Good,3.0,Manufacturing Director,Good,Married,10902.999999999996,9129.0,3.0,Y,No,16.0,Excellent,Low,80.0,0.0,16.0,2.0,Excellent,13.0,10.0,4.0,8.0,No
1015,33.0,Travel_Rarely,654.0,Research & Development,5.0,Bachelor,Life Sciences,1.0,Very High,Male,34.0,Good,3.0,Healthcare Representative,Very High,Divorced,7119.0,21214.0,4.0,Y,No,15.0,Excellent,High,80.0,1.0,9.0,2.0,Excellent,3.0,2.0,1.0,2.0,No
1016,30.0,Travel_Rarely,570.0,Sales,5.0,Bachelor,Marketing,1.0,Very High,Female,30.0,Good,2.0,Sales Executive,High,Divorced,6117.999999999999,5431.0,1.0,Y,No,13.0,Excellent,High,80.0,3.0,10.0,2.0,Excellent,10.0,9.0,1.0,2.0,No
1017,24.0,Non-Travel,1092.0,Research & Development,9.0,Bachelor,Life Sciences,1.0,High,Male,60.0,Good,1.0,Laboratory Technician,Good,Divorced,2694.0,26551.0,1.0,Y,No,11.0,Excellent,High,80.0,3.0,1.0,4.0,Excellent,1.0,0.0,0.0,0.0,No
1018,45.0,Non-Travel,805.0,Research & Development,4.0,College,Life Sciences,1.0,High,Male,57.0,High,2.0,Laboratory Technician,Good,Married,4447.0,23163.0,1.0,Y,No,12.0,Excellent,Good,80.0,0.0,9.0,5.0,Good,9.0,7.0,0.0,8.0,No
1019,25.0,Travel_Rarely,959.0,Sales,28.0,Bachelor,Life Sciences,1.0,Low,Male,41.0,Good,2.0,Sales Executive,High,Married,8639.0,24835.0,2.0,Y,No,18.0,Excellent,Very High,80.0,0.0,6.0,3.0,Excellent,2.0,2.0,2.0,2.0,No
1020,35.0,Travel_Rarely,1214.0,Research & Development,1.0,Bachelor,Medical,1.0,Good,Male,30.0,Good,1.0,Research Scientist,High,Single,2859.0000000000005,26278.0,1.0,Y,No,18.0,Excellent,Low,80.0,0.0,6.0,3.0,Excellent,6.0,4.0,0.0,4.0,No
1021,48.0,Travel_Rarely,1469.0,Research & Development,20.0,Master,Medical,1.0,Very High,Male,51.0,High,1.0,Research Scientist,High,Married,2259.0000000000005,5543.0,4.0,Y,No,17.0,Excellent,Low,80.0,2.0,13.0,2.0,Good,0.0,0.0,0.0,0.0,No
1022,53.0,Travel_Rarely,1282.0,Research & Development,5.0,Bachelor,Other,1.0,High,Female,58.0,High,5.0,Manager,High,Divorced,19094.0,10734.999999999998,4.0,Y,No,11.0,Excellent,Very High,80.0,1.0,26.0,3.0,Good,14.0,13.0,4.0,8.0,No
1023,31.0,Travel_Rarely,153.9999999999999,Sales,7.0,Master,Life Sciences,1.0,Good,Male,41.0,Good,1.0,Sales Representative,High,Married,2329.0,11737.0,3.0,Y,No,15.0,Excellent,Good,80.0,0.0,13.0,2.0,Outstanding,7.0,7.0,5.0,2.0,No
1024,58.0,Travel_Rarely,848.0,Research & Development,23.0,Master,Life Sciences,1.0,Low,Male,88.0,High,1.0,Research Scientist,High,Divorced,2372.0,26076.0,1.0,Y,No,12.0,Excellent,Very High,80.0,2.0,2.0,3.0,Excellent,2.0,2.0,2.0,2.0,No
1025,31.0,Travel_Frequently,703.0,Sales,2.0,Bachelor,Life Sciences,1.0,High,Female,90.0,Good,1.0,Sales Representative,Very High,Single,2784.9999999999995,11882.0,7.0,Y,No,14.0,Excellent,High,80.0,0.0,3.0,3.0,Outstanding,1.0,0.0,0.0,0.0,Yes
1026,39.0,Travel_Rarely,903.0000000000001,Sales,2.0,Doctor,Life Sciences,1.0,Low,Male,41.0,Very High,3.0,Sales Executive,High,Single,7880.0,2560.0,0.0,Y,No,18.0,Excellent,Very High,80.0,0.0,9.0,3.0,Excellent,8.0,7.0,0.0,7.0,No
1027,51.0,Travel_Rarely,1469.0,Research & Development,8.0,Master,Life Sciences,1.0,Good,Male,81.0,Good,3.0,Research Director,Good,Married,12490.000000000002,15736.0,5.0,Y,No,16.0,Excellent,Very High,80.0,2.0,16.0,5.0,Low,10.0,9.0,4.0,7.0,No
1028,41.0,Travel_Frequently,1018.0,Sales,1.0,Bachelor,Marketing,1.0,High,Female,66.0,High,2.0,Sales Executive,Low,Divorced,4103.0,4297.0,0.0,Y,No,17.0,Excellent,Very High,80.0,1.0,10.0,2.0,Excellent,9.0,3.0,1.0,7.0,No
1029,29.0,Travel_Frequently,489.99999999999983,Research & Development,10.0,Bachelor,Life Sciences,1.0,Very High,Female,61.0,High,1.0,Research Scientist,Good,Divorced,3291.0,17940.0,0.0,Y,No,14.0,Excellent,Very High,80.0,2.0,8.0,2.0,Good,7.0,5.0,1.0,1.0,No
1030,58.0,Travel_Frequently,781.0,Research & Development,2.0,Below College,Life Sciences,1.0,Very High,Male,57.0,Good,1.0,Laboratory Technician,Very High,Divorced,2380.0,13384.0,9.0,Y,Yes,14.0,Excellent,Very High,80.0,1.0,3.0,3.0,Good,1.0,0.0,0.0,0.0,Yes
1031,49.0,Travel_Frequently,279.0000000000001,Research & Development,8.0,Below College,Life Sciences,1.0,High,Male,61.0,Good,2.0,Research Scientist,Good,Married,5130.0,24907.0,1.0,Y,No,23.0,Outstanding,Very High,80.0,1.0,10.0,3.0,Excellent,10.0,7.0,1.0,7.0,No
1032,51.0,Travel_Rarely,833.0000000000001,Research & Development,1.0,Bachelor,Life Sciences,1.0,High,Male,96.0,High,1.0,Research Scientist,Very High,Married,2723.0000000000005,23231.0,1.0,Y,No,11.0,Excellent,Good,80.0,0.0,1.0,0.0,Good,1.0,0.0,0.0,0.0,No
1033,24.0,Travel_Rarely,822.9999999999999,Research & Development,17.0,College,Other,1.0,Very High,Male,94.0,Good,1.0,Laboratory Technician,Good,Married,2127.0,9100.0,1.0,Y,No,21.0,Outstanding,Very High,80.0,1.0,1.0,2.0,Excellent,1.0,0.0,0.0,0.0,No
1034,39.0,Travel_Rarely,360.0000000000001,Research & Development,23.0,Bachelor,Medical,1.0,High,Male,93.0,High,1.0,Research Scientist,Low,Single,3904.0,22154.0,0.0,Y,No,13.0,Excellent,Low,80.0,0.0,6.0,2.0,Excellent,5.0,2.0,0.0,3.0,Yes
1035,52.0,Travel_Rarely,1323.0,Research & Development,2.0,Bachelor,Life Sciences,1.0,High,Female,89.0,Good,1.0,Laboratory Technician,Very High,Single,3212.0,3300.0,7.0,Y,No,15.0,Excellent,Good,80.0,0.0,6.0,3.0,Good,2.0,2.0,2.0,2.0,No
1036,35.0,Travel_Rarely,1017.0,Research & Development,6.0,Master,Life Sciences,1.0,Good,Male,82.0,Low,2.0,Research Scientist,Very High,Single,6646.0,19368.0,1.0,Y,No,13.0,Excellent,Good,80.0,0.0,17.0,3.0,Excellent,17.0,11.0,11.0,8.0,No
1037,45.0,Travel_Rarely,1449.0,Sales,2.0,Bachelor,Marketing,1.0,Low,Female,94.0,Low,5.0,Manager,Good,Single,18824.0,2493.0,2.0,Y,Yes,16.0,Excellent,Low,80.0,0.0,26.0,2.0,Excellent,24.0,10.0,1.0,11.0,Yes
1038,30.0,Travel_Rarely,153.0,Research & Development,8.0,College,Life Sciences,1.0,Good,Female,73.0,Very High,3.0,Research Director,Low,Married,11415.999999999978,17802.0,0.0,Y,Yes,12.0,Excellent,High,80.0,3.0,9.0,4.0,Good,8.0,7.0,1.0,7.0,No
1039,26.0,Non-Travel,265.0,Sales,29.0,College,Medical,1.0,Good,Male,79.0,Low,2.0,Sales Executive,Low,Single,4968.999999999999,21813.0,8.0,Y,No,18.0,Excellent,Very High,80.0,0.0,7.0,6.0,Excellent,2.0,2.0,2.0,2.0,Yes
1040,34.0,Travel_Rarely,629.0,Research & Development,27.0,College,Medical,1.0,Very High,Female,95.0,High,1.0,Research Scientist,Good,Single,2311.0,5710.999999999998,2.0,Y,No,15.0,Excellent,Very High,80.0,0.0,9.0,3.0,Excellent,3.0,2.0,1.0,2.0,No
1041,51.0,Travel_Frequently,968.0,Research & Development,6.0,College,Medical,1.0,Good,Female,40.0,Good,1.0,Laboratory Technician,High,Single,2838.0,4257.0,0.0,Y,No,14.0,Excellent,Good,80.0,0.0,8.0,6.0,Good,7.0,0.0,7.0,7.0,No
1042,38.0,Travel_Rarely,322.0,Sales,7.0,College,Medical,1.0,Low,Female,44.0,Very High,2.0,Sales Executive,Low,Divorced,5605.0,19191.0,1.0,Y,Yes,24.0,Outstanding,High,80.0,1.0,8.0,3.0,Excellent,8.0,0.0,7.0,7.0,No
1043,44.0,Travel_Rarely,661.0,Research & Development,9.0,College,Life Sciences,1.0,Good,Male,61.0,High,1.0,Research Scientist,Low,Married,2559.0,7507.999999999997,1.0,Y,Yes,13.0,Excellent,Very High,80.0,0.0,8.0,0.0,Excellent,8.0,7.0,7.0,1.0,No
1044,42.0,Travel_Frequently,532.0,Research & Development,29.0,College,Life Sciences,1.0,Low,Female,92.0,High,2.0,Research Scientist,High,Divorced,4556.0,12932.0,2.0,Y,No,11.0,Excellent,Good,80.0,1.0,19.0,3.0,Excellent,5.0,4.0,0.0,2.0,No
1045,38.0,Travel_Rarely,827.0,Research & Development,1.0,Master,Life Sciences,1.0,Good,Female,33.0,Very High,2.0,Healthcare Representative,Very High,Single,7625.0,19383.0,0.0,Y,No,13.0,Excellent,High,80.0,0.0,10.0,4.0,Good,9.0,7.0,1.0,8.0,No
1046,40.0,Travel_Rarely,298.9999999999999,Sales,25.0,Master,Marketing,1.0,Very High,Male,57.0,Good,3.0,Sales Executive,Good,Single,9093.999999999998,17235.0,2.0,Y,Yes,12.0,Excellent,High,80.0,0.0,9.0,2.0,Excellent,5.0,4.0,1.0,0.0,Yes
1047,34.0,Travel_Rarely,1153.0,Research & Development,1.0,College,Medical,1.0,Low,Male,94.0,High,2.0,Manufacturing Director,Good,Married,4325.0,17736.0,1.0,Y,No,15.0,Excellent,High,80.0,0.0,5.0,2.0,Excellent,5.0,2.0,1.0,3.0,No
1048,29.0,Travel_Rarely,896.0,Research & Development,18.0,Below College,Medical,1.0,High,Male,86.0,Good,1.0,Research Scientist,Very High,Single,2389.0,14961.0,1.0,Y,Yes,13.0,Excellent,High,80.0,0.0,4.0,3.0,Good,4.0,3.0,0.0,1.0,Yes
1049,27.0,Travel_Rarely,1167.0,Research & Development,4.0,College,Life Sciences,1.0,Low,Male,76.0,High,1.0,Research Scientist,High,Divorced,2516.9999999999995,3207.999999999998,1.0,Y,No,11.0,Excellent,Good,80.0,3.0,5.0,2.0,Excellent,5.0,3.0,0.0,3.0,No
1050,54.0,Travel_Rarely,1217.0000000000002,Research & Development,2.0,Master,Technical Degree,1.0,Low,Female,60.0,High,3.0,Research Director,High,Married,13549.000000000002,24001.0,9.0,Y,No,12.0,Excellent,Low,80.0,1.0,16.0,5.0,Low,4.0,3.0,0.0,3.0,No
1051,48.0,Non-Travel,1262.0,Research & Development,1.0,Master,Medical,1.0,Low,Male,35.0,Very High,4.0,Manager,Very High,Single,16885.0,16154.0,2.0,Y,No,22.0,Outstanding,High,80.0,0.0,27.0,3.0,Good,5.0,4.0,2.0,1.0,No
1052,44.0,Travel_Rarely,1467.0,Research & Development,20.0,Bachelor,Life Sciences,1.0,Very High,Male,49.0,High,1.0,Research Scientist,Good,Single,3420.0,21158.0,1.0,Y,No,13.0,Excellent,High,80.0,0.0,6.0,3.0,Good,5.0,2.0,1.0,3.0,No
1053,53.0,Travel_Rarely,237.99999999999977,Sales,1.0,Below College,Medical,1.0,Very High,Female,34.0,High,2.0,Sales Executive,Low,Single,8381.0,7507.0,7.0,Y,No,20.0,Outstanding,Very High,80.0,0.0,18.0,2.0,Outstanding,14.0,7.0,8.0,10.0,No
1054,28.0,Non-Travel,1366.0,Research & Development,24.0,College,Technical Degree,1.0,Good,Male,72.0,Good,3.0,Healthcare Representative,Low,Single,8722.0,12355.0,1.0,Y,No,12.0,Excellent,Low,80.0,0.0,10.0,2.0,Good,10.0,7.0,1.0,9.0,Yes
1055,38.0,Travel_Rarely,168.0,Research & Development,1.0,Bachelor,Life Sciences,1.0,High,Female,81.0,High,3.0,Manufacturing Director,High,Single,7861.000000000002,15397.0,4.0,Y,Yes,14.0,Excellent,Very High,80.0,0.0,10.0,4.0,Outstanding,1.0,0.0,0.0,0.0,No
1056,28.0,Travel_Rarely,1485.0,Research & Development,12.0,Below College,Life Sciences,1.0,High,Female,79.0,High,1.0,Laboratory Technician,Very High,Married,2515.0,22955.0,1.0,Y,Yes,11.0,Excellent,Very High,80.0,0.0,1.0,4.0,Good,1.0,1.0,0.0,0.0,Yes
1057,40.0,Non-Travel,457.9999999999999,Research & Development,16.0,College,Life Sciences,1.0,High,Male,74.0,High,1.0,Research Scientist,High,Divorced,3544.0,8531.999999999998,9.0,Y,No,16.0,Excellent,Good,80.0,1.0,6.0,0.0,Excellent,4.0,2.0,0.0,0.0,No
1058,19.0,Travel_Frequently,602.0,Sales,1.0,Below College,Technical Degree,1.0,High,Female,100.0,Low,1.0,Sales Representative,Low,Single,2325.0,20989.0,0.0,Y,No,21.0,Outstanding,Low,80.0,0.0,1.0,5.0,Outstanding,0.0,0.0,0.0,0.0,Yes
1059,38.0,Travel_Frequently,1444.0,Human Resources,1.0,Master,Other,1.0,Very High,Male,88.0,High,1.0,Human Resources,Good,Married,2990.9999999999995,5224.0,0.0,Y,Yes,11.0,Excellent,Good,80.0,1.0,7.0,2.0,Excellent,6.0,2.0,1.0,2.0,No
1060,40.0,Travel_Rarely,1194.0,Research & Development,2.0,Master,Medical,1.0,High,Female,98.0,High,1.0,Research Scientist,High,Married,2001.0000000000005,12549.0,2.0,Y,No,14.0,Excellent,Good,80.0,3.0,20.0,2.0,Excellent,5.0,3.0,0.0,2.0,No
1061,29.0,Travel_Rarely,351.99999999999983,Human Resources,6.0,Below College,Medical,1.0,Very High,Male,87.0,Good,1.0,Human Resources,Good,Married,2803.9999999999995,15434.000000000002,1.0,Y,No,11.0,Excellent,Very High,80.0,0.0,1.0,3.0,Excellent,1.0,0.0,0.0,0.0,No
1062,47.0,Travel_Rarely,571.0,Sales,14.0,Bachelor,Medical,1.0,High,Female,78.0,High,2.0,Sales Executive,High,Married,4591.0,24200.000000000007,3.0,Y,Yes,17.0,Excellent,High,80.0,1.0,11.0,4.0,Good,5.0,4.0,1.0,2.0,No
1063,25.0,Travel_Frequently,771.9999999999999,Research & Development,2.0,Below College,Life Sciences,1.0,Very High,Male,77.0,Very High,2.0,Manufacturing Director,High,Divorced,5206.0,4973.0,1.0,Y,No,17.0,Excellent,High,80.0,2.0,7.0,6.0,Excellent,7.0,7.0,0.0,7.0,No
1064,49.0,Travel_Rarely,722.0,Research & Development,25.0,Master,Life Sciences,1.0,High,Female,84.0,High,1.0,Laboratory Technician,Low,Married,3211.0,22102.0,1.0,Y,No,14.0,Excellent,Very High,80.0,1.0,10.0,3.0,Good,9.0,6.0,1.0,4.0,No
1065,24.0,Travel_Rarely,349.9999999999998,Research & Development,21.0,College,Technical Degree,1.0,High,Male,57.0,Good,1.0,Laboratory Technician,Low,Divorced,2296.0,10036.0,0.0,Y,No,14.0,Excellent,Good,80.0,3.0,2.0,3.0,Excellent,1.0,1.0,0.0,0.0,No
1066,47.0,Travel_Rarely,1176.0,Human Resources,26.0,Master,Life Sciences,1.0,Very High,Female,98.0,High,5.0,Manager,High,Married,19658.0,5220.0,3.0,Y,No,11.0,Excellent,High,80.0,1.0,27.0,2.0,Excellent,5.0,2.0,1.0,0.0,No
1067,43.0,Travel_Rarely,990.0,Research & Development,27.0,Bachelor,Technical Degree,1.0,Very High,Male,87.0,Very High,1.0,Laboratory Technician,Good,Divorced,4876.0,5855.0,5.0,Y,No,12.0,Excellent,High,80.0,1.0,8.0,0.0,Excellent,6.0,4.0,0.0,2.0,No
1068,38.0,Travel_Rarely,345.00000000000006,Sales,10.0,College,Life Sciences,1.0,Low,Female,100.0,High,2.0,Sales Executive,Very High,Married,5343.0,5982.000000000004,1.0,Y,No,11.0,Excellent,High,80.0,1.0,10.0,1.0,Excellent,10.0,7.0,1.0,9.0,No
1069,30.0,Travel_Rarely,330.0,Human Resources,1.0,Bachelor,Life Sciences,1.0,High,Male,46.0,High,1.0,Human Resources,High,Divorced,2064.0,15428.000000000002,0.0,Y,No,21.0,Outstanding,Low,80.0,1.0,6.0,3.0,Outstanding,5.0,3.0,1.0,3.0,No
1070,50.0,Travel_Rarely,264.0,Sales,9.0,Bachelor,Marketing,1.0,High,Male,59.0,High,5.0,Manager,High,Married,19331.0,19519.0,4.0,Y,Yes,16.0,Excellent,High,80.0,1.0,27.0,2.0,Excellent,1.0,0.0,0.0,0.0,No
1071,34.0,Travel_Frequently,426.0,Research & Development,10.0,Master,Life Sciences,1.0,High,Male,42.0,Very High,2.0,Manufacturing Director,Very High,Divorced,4724.0,17000.0,1.0,Y,No,13.0,Excellent,Low,80.0,1.0,9.0,3.0,Excellent,9.0,7.0,7.0,2.0,No
1072,30.0,Travel_Rarely,241.0,Research & Development,7.0,Bachelor,Medical,1.0,Good,Male,48.0,Good,1.0,Research Scientist,Good,Married,2140.999999999999,5347.999999999998,1.0,Y,No,12.0,Excellent,Good,80.0,1.0,6.0,3.0,Good,6.0,4.0,1.0,1.0,No
1073,35.0,Travel_Rarely,660.0,Sales,7.0,Below College,Life Sciences,1.0,Very High,Male,76.0,High,1.0,Sales Representative,High,Married,2404.0,16192.0,1.0,Y,No,13.0,Excellent,Low,80.0,1.0,1.0,3.0,Excellent,1.0,0.0,0.0,0.0,No
1074,45.0,Travel_Rarely,1005.0,Research & Development,28.0,College,Technical Degree,1.0,Very High,Female,48.0,Good,4.0,Research Director,Good,Single,16704.0,17119.0,1.0,Y,No,11.0,Excellent,High,80.0,0.0,21.0,2.0,Excellent,21.0,6.0,8.0,6.0,No
1075,52.0,Non-Travel,585.0,Sales,29.0,Master,Life Sciences,1.0,Low,Male,40.0,High,1.0,Sales Representative,Very High,Divorced,3482.0,19788.0,2.0,Y,No,15.0,Excellent,Good,80.0,2.0,16.0,3.0,Good,9.0,8.0,0.0,0.0,No
1076,27.0,Travel_Rarely,728.0,Sales,23.0,Below College,Medical,1.0,Good,Female,36.0,Good,2.0,Sales Representative,High,Married,3540.0,7017.999999999997,1.0,Y,No,21.0,Outstanding,Very High,80.0,1.0,9.0,5.0,Excellent,9.0,8.0,5.0,8.0,No
1077,49.0,Travel_Rarely,271.0000000000001,Research & Development,3.0,College,Medical,1.0,High,Female,43.0,Good,2.0,Laboratory Technician,Low,Married,4789.0,23069.999999999993,4.0,Y,No,25.0,Outstanding,Low,80.0,1.0,10.0,3.0,Excellent,3.0,2.0,1.0,2.0,No
1078,58.0,Travel_Rarely,605.0000000000001,Sales,21.0,Bachelor,Life Sciences,1.0,Very High,Female,72.0,High,4.0,Manager,Very High,Married,17875.000000000004,11761.0,4.0,Y,Yes,13.0,Excellent,High,80.0,1.0,29.0,2.0,Good,1.0,0.0,0.0,0.0,No
1079,31.0,Travel_Rarely,471.0,Research & Development,4.0,Bachelor,Medical,1.0,Low,Female,62.0,Very High,1.0,Laboratory Technician,High,Divorced,3978.0000000000005,16031.000000000002,8.0,Y,No,12.0,Excellent,Good,80.0,1.0,4.0,0.0,Good,2.0,2.0,2.0,2.0,No
1080,31.0,Travel_Rarely,1079.0,Sales,10.0,College,Medical,1.0,High,Female,86.0,High,2.0,Sales Executive,Very High,Divorced,6583.0,20115.000000000004,2.0,Y,Yes,11.0,Excellent,Very High,80.0,1.0,8.0,2.0,Excellent,5.0,2.0,1.0,4.0,No
1081,34.0,Travel_Rarely,1129.9999999999998,Research & Development,3.0,Bachelor,Life Sciences,1.0,Very High,Female,66.0,High,2.0,Research Scientist,Good,Divorced,5433.0,19331.999999999996,1.0,Y,No,12.0,Excellent,High,80.0,1.0,11.0,2.0,Excellent,11.0,8.0,7.0,9.0,No
1082,47.0,Travel_Rarely,207.00000000000023,Research & Development,9.0,Master,Life Sciences,1.0,Good,Female,64.0,High,1.0,Laboratory Technician,High,Single,2104.9999999999995,5411.000000000002,4.0,Y,No,12.0,Excellent,High,80.0,0.0,7.0,2.0,Excellent,2.0,2.0,2.0,0.0,No
1083,36.0,Travel_Rarely,1120.0,Sales,11.0,Master,Marketing,1.0,Good,Female,100.0,Good,2.0,Sales Executive,Very High,Married,6652.0,14369.0,4.0,Y,No,13.0,Excellent,Low,80.0,1.0,8.0,2.0,Good,6.0,3.0,0.0,0.0,No
1084,46.0,Travel_Rarely,1254.0000000000005,Sales,10.0,Bachelor,Life Sciences,1.0,High,Female,64.0,High,3.0,Sales Executive,Good,Married,7314.000000000002,14011.0,5.0,Y,No,21.0,Outstanding,High,80.0,3.0,14.0,2.0,Excellent,8.0,7.0,0.0,7.0,No
1085,42.0,Travel_Rarely,419.0,Sales,12.0,Master,Marketing,1.0,Good,Male,77.0,High,2.0,Sales Executive,Very High,Divorced,5087.0,2900.0,3.0,Y,Yes,12.0,Excellent,High,80.0,2.0,14.0,4.0,Excellent,0.0,0.0,0.0,0.0,No
1086,34.0,Travel_Rarely,1157.0,Research & Development,5.0,College,Medical,1.0,Good,Male,57.0,Good,2.0,Laboratory Technician,Very High,Married,3986.0000000000005,11912.0,1.0,Y,No,14.0,Excellent,High,80.0,1.0,15.0,3.0,Outstanding,15.0,10.0,4.0,13.0,No
1087,37.0,Travel_Rarely,783.0,Research & Development,7.0,Master,Medical,1.0,Very High,Male,78.0,High,2.0,Research Scientist,Low,Married,4284.0,13588.0,5.0,Y,Yes,22.0,Outstanding,High,80.0,1.0,16.0,2.0,Excellent,5.0,3.0,0.0,4.0,No
1088,22.0,Non-Travel,456.99999999999983,Research & Development,26.0,College,Other,1.0,Good,Female,85.0,Good,1.0,Research Scientist,High,Married,2813.9999999999995,10293.0,1.0,Y,Yes,14.0,Excellent,Good,80.0,0.0,4.0,2.0,Good,4.0,2.0,1.0,3.0,Yes
1089,29.0,Travel_Rarely,136.0,Research & Development,1.0,Bachelor,Life Sciences,1.0,Low,Male,89.0,High,2.0,Healthcare Representative,Low,Married,5373.0,6225.0,0.0,Y,No,12.0,Excellent,Low,80.0,1.0,6.0,5.0,Good,5.0,3.0,0.0,2.0,No
1090,53.0,Travel_Rarely,1168.0,Sales,24.0,Master,Life Sciences,1.0,Low,Male,66.0,High,3.0,Sales Executive,Low,Single,10448.0,5843.0,6.0,Y,Yes,13.0,Excellent,Good,80.0,0.0,15.0,2.0,Good,2.0,2.0,2.0,2.0,Yes
1091,55.0,Travel_Rarely,1441.0,Research & Development,22.0,Bachelor,Technical Degree,1.0,Low,Male,94.0,Good,1.0,Research Scientist,Good,Divorced,3536.999999999999,23737.000000000007,5.0,Y,No,12.0,Excellent,Very High,80.0,1.0,8.0,1.0,Excellent,4.0,2.0,1.0,2.0,No
1092,46.0,Travel_Rarely,1319.0,Sales,3.0,Bachelor,Technical Degree,1.0,Low,Female,45.0,Very High,4.0,Sales Executive,Low,Divorced,13225.0,7738.999999999999,2.0,Y,No,12.0,Excellent,Very High,80.0,1.0,25.0,5.0,Excellent,19.0,17.0,2.0,8.0,No
1093,38.0,Travel_Frequently,1189.0,Research & Development,1.0,Bachelor,Life Sciences,1.0,Very High,Male,90.0,High,2.0,Research Scientist,Very High,Married,4735.0,9867.000000000002,7.0,Y,No,15.0,Excellent,Very High,80.0,2.0,19.0,4.0,Outstanding,13.0,11.0,2.0,9.0,No
1094,39.0,Non-Travel,792.0,Research & Development,1.0,Bachelor,Life Sciences,1.0,Very High,Male,77.0,High,2.0,Laboratory Technician,Very High,Married,6471.999999999999,8989.0,1.0,Y,Yes,15.0,Excellent,Very High,80.0,1.0,9.0,2.0,Excellent,9.0,8.0,5.0,8.0,No
1095,30.0,Travel_Rarely,304.9999999999999,Research & Development,16.0,Bachelor,Life Sciences,1.0,High,Male,58.0,Very High,2.0,Healthcare Representative,High,Married,5294.0,9128.0,3.0,Y,No,16.0,Excellent,High,80.0,1.0,10.0,3.0,Excellent,7.0,0.0,1.0,7.0,No
1096,39.0,Travel_Rarely,169.9999999999999,Research & Development,3.0,College,Medical,1.0,High,Male,76.0,Good,2.0,Laboratory Technician,High,Divorced,3069.0,10302.0,0.0,Y,No,15.0,Excellent,Very High,80.0,1.0,11.0,3.0,Excellent,10.0,8.0,0.0,7.0,No
1097,28.0,Travel_Rarely,329.0,Research & Development,24.0,Bachelor,Medical,1.0,High,Male,51.0,High,1.0,Laboratory Technician,Good,Married,2408.0000000000005,7323.999999999998,1.0,Y,Yes,17.0,Excellent,High,80.0,3.0,1.0,3.0,Excellent,1.0,1.0,0.0,0.0,No
1098,26.0,Travel_Rarely,157.0,Research & Development,1.0,Bachelor,Medical,1.0,High,Male,95.0,High,1.0,Laboratory Technician,Low,Single,2867.0,20006.0,0.0,Y,No,13.0,Excellent,Very High,80.0,0.0,8.0,6.0,Good,7.0,7.0,7.0,6.0,No
1099,44.0,Travel_Rarely,921.0,Research & Development,2.0,Bachelor,Life Sciences,1.0,High,Female,96.0,Very High,3.0,Healthcare Representative,Very High,Married,7879.000000000004,14809.999999999996,1.0,Y,Yes,19.0,Excellent,Good,80.0,1.0,9.0,2.0,Excellent,8.0,7.0,6.0,7.0,No
1100,41.0,Travel_Rarely,930.0,Sales,3.0,Bachelor,Life Sciences,1.0,High,Male,57.0,Good,2.0,Sales Executive,Good,Divorced,8937.999999999998,12227.0,2.0,Y,No,11.0,Excellent,High,80.0,1.0,14.0,5.0,Excellent,5.0,4.0,0.0,4.0,No
1101,45.0,Travel_Frequently,1297.0,Research & Development,1.0,Master,Medical,1.0,Good,Male,44.0,High,2.0,Healthcare Representative,High,Single,5399.0,14511.0,4.0,Y,No,12.0,Excellent,High,80.0,0.0,12.0,3.0,Excellent,4.0,2.0,0.0,3.0,No
1102,55.0,Travel_Rarely,1229.0,Research & Development,4.0,Master,Life Sciences,1.0,Very High,Male,30.0,High,2.0,Healthcare Representative,High,Married,4035.0,16143.0,0.0,Y,Yes,16.0,Excellent,Good,80.0,0.0,4.0,2.0,Excellent,3.0,2.0,1.0,2.0,No
1103,33.0,Travel_Frequently,1303.0,Research & Development,7.0,College,Life Sciences,1.0,Very High,Male,36.0,High,2.0,Healthcare Representative,High,Divorced,5968.0,18079.000000000004,1.0,Y,No,20.0,Outstanding,High,80.0,3.0,9.0,2.0,Excellent,9.0,7.0,2.0,8.0,No
1104,32.0,Travel_Rarely,633.9999999999999,Research & Development,5.0,Master,Other,1.0,Good,Female,35.0,Very High,1.0,Research Scientist,Very High,Married,3311.999999999999,18783.0,3.0,Y,No,17.0,Excellent,Very High,80.0,2.0,6.0,3.0,Excellent,3.0,2.0,0.0,2.0,No
1105,29.0,Travel_Rarely,1246.0,Sales,19.0,Bachelor,Life Sciences,1.0,High,Male,77.0,Good,2.0,Sales Executive,High,Divorced,8620.0,23756.999999999993,1.0,Y,No,14.0,Excellent,High,80.0,2.0,10.0,3.0,Excellent,10.0,7.0,0.0,4.0,No
1106,56.0,Non-Travel,667.0,Research & Development,1.0,Master,Life Sciences,1.0,High,Male,57.0,High,2.0,Healthcare Representative,High,Divorced,6306.0,26236.0,1.0,Y,No,21.0,Outstanding,Low,80.0,1.0,13.0,2.0,Good,13.0,12.0,1.0,9.0,No
1107,27.0,Travel_Frequently,1131.0,Research & Development,15.0,Bachelor,Life Sciences,1.0,Very High,Female,77.0,Good,1.0,Research Scientist,Low,Married,4774.0,23844.000000000007,0.0,Y,No,19.0,Excellent,Very High,80.0,1.0,8.0,2.0,Good,7.0,6.0,7.0,3.0,No
1108,26.0,Travel_Rarely,920.0,Human Resources,20.0,College,Medical,1.0,Very High,Female,69.0,High,1.0,Human Resources,Good,Married,2147.9999999999995,6889.000000000001,0.0,Y,Yes,11.0,Excellent,High,80.0,0.0,6.0,3.0,Excellent,5.0,1.0,1.0,4.0,No
1109,34.0,Travel_Rarely,181.0000000000001,Research & Development,2.0,Master,Medical,1.0,Very High,Male,97.0,Very High,1.0,Research Scientist,Very High,Married,2932.0,5586.000000000002,0.0,Y,Yes,14.0,Excellent,Low,80.0,3.0,6.0,3.0,Excellent,5.0,0.0,1.0,2.0,No
1110,42.0,Non-Travel,355.00000000000006,Research & Development,10.0,Master,Technical Degree,1.0,High,Male,38.0,High,1.0,Research Scientist,High,Married,2935.9999999999995,6161.000000000001,3.0,Y,No,22.0,Outstanding,Good,80.0,2.0,10.0,1.0,Good,6.0,3.0,3.0,3.0,No
1111,27.0,Travel_Rarely,1054.0,Research & Development,8.0,Bachelor,Medical,1.0,High,Female,67.0,High,1.0,Research Scientist,Very High,Single,3445.0,6151.999999999999,1.0,Y,No,11.0,Excellent,High,80.0,0.0,6.0,5.0,Good,6.0,2.0,1.0,4.0,No
1112,34.0,Travel_Rarely,704.0,Sales,28.0,Bachelor,Marketing,1.0,Very High,Female,95.0,Good,2.0,Sales Executive,High,Married,6712.0,8977.999999999996,1.0,Y,No,21.0,Outstanding,Very High,80.0,2.0,8.0,2.0,Excellent,8.0,7.0,1.0,7.0,No
1113,36.0,Travel_Rarely,557.0,Sales,3.0,Bachelor,Medical,1.0,Low,Female,94.0,Good,3.0,Sales Executive,Very High,Married,7644.0,12694.999999999998,0.0,Y,No,19.0,Excellent,High,80.0,2.0,10.0,2.0,Excellent,9.0,7.0,3.0,4.0,No
1114,39.0,Travel_Frequently,711.0000000000001,Research & Development,4.0,Bachelor,Medical,1.0,Low,Female,81.0,High,2.0,Manufacturing Director,High,Single,5042.000000000001,3140.0,0.0,Y,No,13.0,Excellent,Very High,80.0,0.0,10.0,2.0,Low,9.0,2.0,3.0,8.0,No
1115,41.0,Travel_Rarely,337.0000000000003,Sales,8.0,Bachelor,Marketing,1.0,High,Female,54.0,High,2.0,Sales Executive,Good,Married,4393.0,26841.0,5.0,Y,No,21.0,Outstanding,High,80.0,1.0,14.0,3.0,Excellent,5.0,4.0,1.0,4.0,No
1116,45.0,Non-Travel,1238.0,Research & Development,1.0,Below College,Life Sciences,1.0,High,Male,74.0,Good,3.0,Healthcare Representative,High,Married,10748.0,3395.0,3.0,Y,No,23.0,Outstanding,Very High,80.0,1.0,25.0,3.0,Good,22.999999999999964,15.0,14.0,4.0,No
1117,40.0,Travel_Rarely,1342.0000000000005,Sales,9.0,College,Medical,1.0,Low,Male,47.0,High,2.0,Sales Executive,Low,Married,5473.0,19345.0,0.0,Y,No,12.0,Excellent,Very High,80.0,0.0,9.0,5.0,Outstanding,8.0,4.0,7.0,1.0,No
1118,44.0,Travel_Rarely,1037.0,Research & Development,1.0,Bachelor,Medical,1.0,Good,Male,42.0,High,1.0,Research Scientist,Very High,Single,2436.0000000000005,13422.0,6.0,Y,Yes,12.0,Excellent,High,80.0,0.0,6.0,2.0,Excellent,4.0,3.0,1.0,2.0,Yes
1119,50.0,Travel_Frequently,1234.0,Research & Development,20.0,Doctor,Medical,1.0,Good,Male,41.0,High,4.0,Healthcare Representative,High,Married,11244.99999999997,20689.0,2.0,Y,Yes,15.0,Excellent,High,80.0,1.0,32.0,3.0,Excellent,30.0,8.0,12.0,13.0,No
1120,26.0,Travel_Rarely,571.9999999999999,Sales,10.0,Bachelor,Medical,1.0,High,Male,46.0,High,2.0,Sales Executive,Very High,Single,4684.0,9125.0,1.0,Y,No,13.0,Excellent,Low,80.0,0.0,5.0,4.0,Excellent,5.0,3.0,1.0,2.0,No
1121,24.0,Travel_Rarely,506.0,Research & Development,29.0,Below College,Medical,1.0,Good,Male,91.0,High,1.0,Laboratory Technician,Low,Divorced,3907.0,3622.0000000000055,1.0,Y,No,13.0,Excellent,Good,80.0,3.0,6.0,2.0,Outstanding,6.0,2.0,1.0,2.0,No
1122,49.0,Travel_Rarely,301.0,Research & Development,22.0,Master,Other,1.0,Low,Female,72.0,High,4.0,Research Director,Good,Married,16413.000000000004,3498.000000000002,3.0,Y,No,16.0,Excellent,Good,80.0,2.0,27.0,2.0,Excellent,4.0,2.0,1.0,2.0,No
1123,31.0,Travel_Frequently,1125.0,Research & Development,1.0,Bachelor,Life Sciences,1.0,Very High,Male,48.0,Low,2.0,Research Scientist,Low,Married,5003.0,5771.0000000000055,1.0,Y,No,21.0,Outstanding,Good,80.0,0.0,10.0,6.0,Excellent,10.0,8.0,8.0,7.0,No
1124,40.0,Travel_Rarely,1194.0,Research & Development,1.0,Bachelor,Life Sciences,1.0,High,Female,52.0,High,2.0,Healthcare Representative,Very High,Divorced,6513.0,9060.0,4.0,Y,No,17.0,Excellent,Very High,80.0,1.0,12.0,3.0,Excellent,5.0,3.0,0.0,3.0,No
1125,32.0,Travel_Rarely,824.0,Research & Development,5.0,College,Life Sciences,1.0,Very High,Female,67.0,Good,2.0,Research Scientist,Good,Married,5877.999999999998,15623.999999999998,3.0,Y,No,12.0,Excellent,Low,80.0,1.0,12.0,2.0,Excellent,7.0,1.0,2.0,5.0,No
1126,47.0,Non-Travel,543.0,Sales,2.0,Master,Marketing,1.0,High,Male,87.0,High,2.0,Sales Executive,Good,Married,4977.999999999999,3536.0,7.0,Y,No,11.0,Excellent,Very High,80.0,1.0,4.0,3.0,Low,1.0,0.0,0.0,0.0,No
1127,34.0,Travel_Frequently,735.0000000000001,Research & Development,22.0,Master,Other,1.0,High,Male,86.0,Good,2.0,Research Scientist,Very High,Married,5747.0,26496.000000000007,1.0,Y,Yes,15.0,Excellent,Good,80.0,0.0,16.0,3.0,Excellent,15.0,10.0,6.0,11.0,No
1128,47.0,Non-Travel,1169.0,Research & Development,14.0,Master,Technical Degree,1.0,High,Male,64.0,High,2.0,Research Scientist,Good,Married,5467.0,2125.0,8.0,Y,No,18.0,Excellent,High,80.0,1.0,16.0,4.0,Outstanding,8.0,7.0,1.0,7.0,No
1129,28.0,Travel_Rarely,1475.0,Sales,13.0,College,Marketing,1.0,Very High,Female,84.0,High,2.0,Sales Executive,High,Single,9854.000000000005,23352.0,3.0,Y,Yes,11.0,Excellent,Very High,80.0,0.0,6.0,0.0,Excellent,2.0,0.0,2.0,2.0,Yes
1130,45.0,Travel_Rarely,175.9999999999999,Human Resources,4.0,Bachelor,Life Sciences,1.0,High,Female,56.0,Low,3.0,Human Resources,High,Married,9756.0,6595.0,4.0,Y,No,21.0,Outstanding,High,80.0,2.0,9.0,2.0,Outstanding,5.0,0.0,0.0,3.0,No
1131,46.0,Travel_Rarely,1277.0,Sales,2.0,Bachelor,Life Sciences,1.0,High,Male,74.0,High,3.0,Sales Executive,Very High,Divorced,10368.0,5596.0,4.0,Y,Yes,12.0,Excellent,Good,80.0,1.0,13.0,5.0,Good,10.0,6.0,0.0,3.0,No
1132,39.0,Travel_Rarely,835.0,Research & Development,19.0,Master,Other,1.0,Very High,Male,41.0,High,2.0,Research Scientist,Very High,Divorced,3901.9999999999995,5141.000000000004,8.0,Y,No,14.0,Excellent,Good,80.0,3.0,7.0,2.0,Excellent,2.0,2.0,2.0,2.0,No
1133,29.0,Travel_Rarely,469.0,Sales,10.0,Bachelor,Medical,1.0,High,Male,42.0,Good,2.0,Sales Executive,High,Single,5869.0,23413.0,9.0,Y,No,11.0,Excellent,High,80.0,0.0,8.0,2.0,Excellent,5.0,2.0,1.0,4.0,Yes
1134,23.0,Travel_Rarely,506.99999999999994,Research & Development,20.0,Below College,Life Sciences,1.0,Low,Male,97.0,High,2.0,Laboratory Technician,High,Single,2272.0,24812.0,0.0,Y,No,14.0,Excellent,Good,80.0,0.0,5.0,2.0,Excellent,4.0,3.0,1.0,2.0,No
1135,40.0,Travel_Rarely,1321.9999999999998,Research & Development,2.0,Master,Life Sciences,1.0,High,Male,52.0,Good,1.0,Research Scientist,High,Single,2809.0000000000005,2725.0,2.0,Y,No,14.0,Excellent,Very High,80.0,0.0,8.0,2.0,Excellent,2.0,2.0,2.0,2.0,No
1136,55.0,Travel_Rarely,836.0000000000002,Research & Development,2.0,Master,Technical Degree,1.0,Good,Male,98.0,Good,1.0,Research Scientist,Very High,Married,2661.9999999999995,7975.0,8.0,Y,No,20.0,Outstanding,Good,80.0,1.0,19.0,2.0,Outstanding,5.0,2.0,0.0,4.0,No
1137,32.0,Travel_Frequently,1318.0,Sales,10.0,Master,Marketing,1.0,Very High,Male,79.0,High,2.0,Sales Executive,Very High,Single,4648.0,26075.0,8.0,Y,No,13.0,Excellent,High,80.0,0.0,4.0,2.0,Outstanding,0.0,0.0,0.0,0.0,No
1138,31.0,Travel_Rarely,359.0,Human Resources,18.0,Doctor,Human Resources,1.0,Very High,Male,89.0,Very High,1.0,Human Resources,Low,Married,2955.9999999999995,21494.999999999993,0.0,Y,No,17.0,Excellent,High,80.0,0.0,2.0,4.0,Excellent,1.0,0.0,0.0,0.0,No
1139,46.0,Travel_Rarely,717.0,Research & Development,13.0,Master,Life Sciences,1.0,High,Male,34.0,High,2.0,Healthcare Representative,Good,Single,5562.0,9696.999999999998,6.0,Y,No,14.0,Excellent,Very High,80.0,0.0,19.0,3.0,Excellent,10.0,7.0,0.0,9.0,No
1140,25.0,Travel_Rarely,1382.0000000000002,Sales,8.0,College,Other,1.0,Low,Female,85.0,High,2.0,Sales Executive,High,Divorced,4907.0,13683.999999999996,0.0,Y,Yes,22.0,Outstanding,Good,80.0,1.0,6.0,3.0,Good,5.0,3.0,0.0,4.0,No
1141,28.0,Travel_Rarely,1404.0,Research & Development,17.0,Bachelor,Technical Degree,1.0,High,Male,32.0,Good,1.0,Laboratory Technician,Very High,Divorced,2366.9999999999995,18779.0,5.0,Y,No,12.0,Excellent,Low,80.0,1.0,6.0,2.0,Good,4.0,1.0,0.0,3.0,No
1142,28.0,Travel_Rarely,1217.0000000000002,Research & Development,1.0,Bachelor,Medical,1.0,High,Female,67.0,High,1.0,Research Scientist,Low,Married,3590.9999999999995,12719.0,1.0,Y,No,25.0,Outstanding,High,80.0,1.0,3.0,3.0,Excellent,3.0,2.0,1.0,2.0,No
1143,34.0,Travel_Rarely,677.9999999999999,Research & Development,19.0,Bachelor,Life Sciences,1.0,Good,Female,35.0,Good,1.0,Research Scientist,Very High,Married,2928.999999999999,20338.0,1.0,Y,No,12.0,Excellent,Good,80.0,0.0,10.0,3.0,Excellent,10.0,9.0,8.0,7.0,No
1144,37.0,Travel_Rarely,589.0,Sales,9.0,College,Marketing,1.0,Good,Male,46.0,Good,2.0,Sales Executive,Good,Married,4189.0,8799.999999999998,1.0,Y,No,14.0,Excellent,Low,80.0,2.0,5.0,2.0,Excellent,5.0,2.0,0.0,3.0,No
1145,39.0,Travel_Rarely,867.0,Research & Development,9.0,College,Medical,1.0,Low,Male,87.0,High,2.0,Manufacturing Director,Low,Married,5150.999999999999,12315.0,1.0,Y,No,25.0,Outstanding,Very High,80.0,1.0,10.0,3.0,Excellent,10.0,0.0,7.0,9.0,No
1146,36.0,Travel_Rarely,711.0000000000001,Research & Development,5.0,Master,Life Sciences,1.0,Good,Female,42.0,High,3.0,Healthcare Representative,Low,Married,8008.000000000002,22792.0,4.0,Y,No,12.0,Excellent,High,80.0,2.0,9.0,6.0,Excellent,3.0,2.0,0.0,2.0,No
1147,26.0,Travel_Rarely,1167.0,Sales,5.0,Bachelor,Other,1.0,Very High,Female,30.0,Good,1.0,Sales Representative,High,Single,2966.0,21377.999999999993,0.0,Y,No,18.0,Excellent,Very High,80.0,0.0,5.0,2.0,Excellent,4.0,2.0,0.0,0.0,Yes
1148,41.0,Travel_Rarely,447.0,Research & Development,5.0,Bachelor,Life Sciences,1.0,Good,Male,85.0,Very High,2.0,Healthcare Representative,Good,Single,6870.0,15530.000000000002,3.0,Y,No,12.0,Excellent,Low,80.0,0.0,11.0,3.0,Low,3.0,2.0,1.0,2.0,No
1149,30.0,Travel_Rarely,1092.0,Research & Development,10.0,Bachelor,Medical,1.0,Low,Female,64.0,High,3.0,Manufacturing Director,High,Single,9667.000000000007,2739.0,9.0,Y,No,14.0,Excellent,Good,80.0,0.0,9.0,3.0,Excellent,7.0,7.0,0.0,2.0,No
1150,34.0,Travel_Rarely,628.0000000000001,Research & Development,8.0,Bachelor,Medical,1.0,Good,Male,82.0,Very High,2.0,Laboratory Technician,High,Married,4404.0,10228.0,2.0,Y,No,12.0,Excellent,Low,80.0,0.0,6.0,3.0,Outstanding,4.0,3.0,1.0,2.0,No
1151,39.0,Travel_Rarely,1386.9999999999995,Research & Development,10.0,Doctor,Medical,1.0,Good,Male,76.0,High,2.0,Manufacturing Director,Low,Married,5377.0,3835.000000000002,2.0,Y,No,13.0,Excellent,Very High,80.0,3.0,10.0,3.0,Excellent,7.0,7.0,7.0,7.0,No
1152,44.0,Travel_Frequently,1193.0,Research & Development,2.0,Below College,Medical,1.0,Good,Male,86.0,High,3.0,Manufacturing Director,High,Single,10209.000000000004,19719.0,5.0,Y,Yes,18.0,Excellent,Good,80.0,0.0,16.0,2.0,Good,2.0,2.0,2.0,2.0,Yes
1153,41.0,Non-Travel,552.0,Human Resources,4.0,Bachelor,Human Resources,1.0,High,Male,60.0,Low,2.0,Human Resources,Good,Married,6430.000000000001,20794.000000000004,6.0,Y,No,19.0,Excellent,Good,80.0,1.0,10.0,4.0,Excellent,3.0,2.0,1.0,2.0,No
1154,36.0,Travel_Frequently,1213.0,Human Resources,2.0,Below College,Human Resources,1.0,Good,Male,94.0,Good,2.0,Human Resources,Very High,Single,3885.9999999999986,4223.000000000002,1.0,Y,No,21.0,Outstanding,Very High,80.0,0.0,10.0,2.0,Good,10.0,1.0,0.0,8.0,No
1155,37.0,Travel_Rarely,671.0,Research & Development,19.0,Bachelor,Life Sciences,1.0,High,Male,85.0,High,2.0,Manufacturing Director,High,Married,5768.0,26492.999999999993,3.0,Y,No,17.0,Excellent,Low,80.0,3.0,9.0,2.0,Good,4.0,3.0,0.0,2.0,No
1156,26.0,Travel_Frequently,1096.0,Research & Development,6.0,Bachelor,Other,1.0,High,Male,61.0,Very High,1.0,Laboratory Technician,Very High,Married,2544.0000000000005,7102.0,0.0,Y,No,18.0,Excellent,Low,80.0,1.0,8.0,3.0,Excellent,7.0,7.0,7.0,7.0,No
1157,22.0,Travel_Rarely,581.0,Research & Development,1.0,College,Life Sciences,1.0,Very High,Male,63.0,High,1.0,Research Scientist,High,Single,3375.0,17624.0,0.0,Y,No,12.0,Excellent,Very High,80.0,0.0,4.0,2.0,Outstanding,3.0,2.0,1.0,2.0,No
1158,42.0,Travel_Rarely,1142.0,Research & Development,8.0,Bachelor,Life Sciences,1.0,Very High,Male,81.0,High,1.0,Laboratory Technician,High,Single,3967.9999999999995,13623.999999999998,4.0,Y,No,13.0,Excellent,Very High,80.0,0.0,8.0,3.0,Excellent,0.0,0.0,0.0,0.0,No
1159,47.0,Non-Travel,1162.0,Research & Development,1.0,Below College,Medical,1.0,High,Female,98.0,High,3.0,Research Director,Good,Married,11957.0,17231.0,0.0,Y,No,18.0,Excellent,Low,80.0,2.0,14.0,3.0,Low,13.0,8.0,5.0,12.0,No
1160,36.0,Non-Travel,301.0,Sales,15.0,Master,Marketing,1.0,Very High,Male,88.0,Low,2.0,Sales Executive,Very High,Divorced,5406.0,10436.0,1.0,Y,No,24.0,Outstanding,Low,80.0,1.0,15.0,4.0,Good,15.0,12.0,11.0,11.0,No
1161,42.0,Travel_Rarely,557.0,Research & Development,18.0,Master,Life Sciences,1.0,Very High,Male,35.0,High,2.0,Research Scientist,Low,Divorced,5410.0,11189.0,6.0,Y,Yes,17.0,Excellent,High,80.0,1.0,9.0,3.0,Good,4.0,3.0,1.0,2.0,No
1162,60.0,Travel_Rarely,369.9999999999996,Research & Development,1.0,Master,Medical,1.0,High,Male,92.0,Low,3.0,Healthcare Representative,Very High,Divorced,10883.0,20467.0,3.0,Y,No,20.0,Outstanding,High,80.0,1.0,19.0,2.0,Outstanding,1.0,0.0,0.0,0.0,No
1163,26.0,Non-Travel,786.0000000000001,Research & Development,7.0,Bachelor,Medical,1.0,Very High,Male,76.0,High,1.0,Laboratory Technician,Very High,Single,2570.0,11925.0,1.0,Y,No,20.0,Outstanding,High,80.0,0.0,7.0,5.0,Excellent,7.0,7.0,5.0,7.0,No
1164,56.0,Travel_Rarely,1443.0,Sales,11.0,Doctor,Marketing,1.0,Very High,Female,89.0,Good,2.0,Sales Executive,Low,Married,5380.0,20328.0,4.0,Y,No,16.0,Excellent,High,80.0,1.0,6.0,3.0,Excellent,0.0,0.0,0.0,0.0,No
1165,35.0,Travel_Rarely,750.0,Research & Development,28.0,Bachelor,Life Sciences,1.0,Good,Male,46.0,Very High,2.0,Laboratory Technician,High,Married,3407.0,25348.0,1.0,Y,No,17.0,Excellent,Very High,80.0,2.0,10.0,3.0,Good,10.0,9.0,6.0,8.0,No
1166,38.0,Travel_Rarely,723.0,Sales,2.0,Master,Marketing,1.0,Good,Female,77.0,Low,2.0,Sales Representative,Very High,Married,5405.0,4244.000000000002,2.0,Y,Yes,20.0,Outstanding,Low,80.0,2.0,20.0,4.0,Good,4.0,2.0,0.0,3.0,No
1167,41.0,Travel_Rarely,796.0,Sales,4.0,Below College,Marketing,1.0,High,Female,81.0,High,3.0,Sales Executive,High,Divorced,10447.0,26458.0,0.0,Y,Yes,13.0,Excellent,Very High,80.0,1.0,23.0,3.0,Outstanding,22.0,14.0,13.0,5.0,No
1168,39.0,Travel_Rarely,722.0,Sales,24.0,Below College,Marketing,1.0,Good,Female,60.0,Good,4.0,Sales Executive,Very High,Married,12031.000000000007,8828.0,0.0,Y,No,11.0,Excellent,Low,80.0,1.0,21.0,2.0,Good,20.0,9.0,9.0,6.0,No
1169,56.0,Travel_Rarely,1162.0,Research & Development,24.0,College,Life Sciences,1.0,Low,Male,97.0,High,1.0,Laboratory Technician,Very High,Single,2587.0,10261.0,1.0,Y,No,16.0,Excellent,Very High,80.0,0.0,5.0,3.0,Excellent,4.0,2.0,1.0,0.0,No
1170,32.0,Travel_Rarely,1373.0,Research & Development,5.0,Master,Life Sciences,1.0,Very High,Male,56.0,Good,2.0,Manufacturing Director,Very High,Single,9678.999999999995,10138.0,8.0,Y,No,24.0,Outstanding,Good,80.0,0.0,8.0,1.0,Excellent,1.0,0.0,0.0,0.0,No
1171,33.0,Non-Travel,775.0,Research & Development,4.0,Bachelor,Technical Degree,1.0,Very High,Male,90.0,High,2.0,Research Scientist,Good,Divorced,3054.999999999999,6194.000000000003,5.0,Y,No,15.0,Excellent,Very High,80.0,2.0,11.0,2.0,Good,9.0,8.0,1.0,7.0,No
1172,36.0,Travel_Rarely,335.0,Sales,17.0,College,Marketing,1.0,High,Male,33.0,Good,2.0,Sales Executive,Good,Married,5506.999999999999,16822.0,2.0,Y,No,16.0,Excellent,High,80.0,2.0,12.0,1.0,Low,4.0,2.0,1.0,3.0,No
1173,29.0,Travel_Rarely,1378.0,Research & Development,13.0,College,Other,1.0,Very High,Male,46.0,Good,2.0,Laboratory Technician,Good,Married,4025.0,23679.0,4.0,Y,Yes,13.0,Excellent,Low,80.0,1.0,10.0,2.0,Excellent,4.0,3.0,0.0,3.0,No
1174,24.0,Travel_Rarely,771.0,Research & Development,1.0,College,Life Sciences,1.0,Good,Male,45.0,Good,2.0,Healthcare Representative,High,Single,4617.0,14119.999999999998,1.0,Y,No,12.0,Excellent,Good,80.0,0.0,4.0,2.0,Good,4.0,3.0,1.0,2.0,No
1175,47.0,Travel_Rarely,1001.0,Research & Development,4.0,Bachelor,Life Sciences,1.0,High,Female,92.0,Good,3.0,Manufacturing Director,Good,Divorced,10332.999999999998,19271.000000000004,8.0,Y,Yes,12.0,Excellent,High,80.0,1.0,28.0,4.0,Excellent,22.0,11.0,14.0,10.0,No
1176,29.0,Travel_Rarely,1082.0,Research & Development,9.0,Master,Medical,1.0,Very High,Female,43.0,High,1.0,Laboratory Technician,High,Married,2974.0,25412.0,9.0,Y,No,17.0,Excellent,High,80.0,1.0,9.0,2.0,Excellent,5.0,3.0,1.0,2.0,No
1177,48.0,Travel_Rarely,1108.0,Research & Development,15.0,Master,Other,1.0,High,Female,65.0,High,1.0,Research Scientist,Low,Married,2366.9999999999995,16530.0,8.0,Y,No,12.0,Excellent,Very High,80.0,1.0,10.0,3.0,Good,8.0,2.0,7.0,6.0,No
1178,35.0,Travel_Frequently,1199.0,Research & Development,18.0,Master,Life Sciences,1.0,High,Male,80.0,High,2.0,Healthcare Representative,High,Married,5688.999999999998,24594.0,1.0,Y,Yes,14.0,Excellent,Very High,80.0,2.0,10.0,2.0,Outstanding,10.0,2.0,0.0,2.0,No
1179,34.0,Travel_Rarely,510.99999999999994,Sales,3.0,College,Life Sciences,1.0,Very High,Female,32.0,Low,2.0,Sales Executive,Very High,Single,6029.000000000002,25353.0,5.0,Y,No,12.0,Excellent,Low,80.0,0.0,6.0,3.0,Excellent,2.0,2.0,2.0,2.0,No
1180,31.0,Travel_Rarely,1079.0,Sales,16.0,Master,Marketing,1.0,Low,Male,70.0,High,3.0,Sales Executive,High,Married,8161.000000000002,19001.999999999996,2.0,Y,No,13.0,Excellent,Low,80.0,3.0,10.0,2.0,Excellent,1.0,0.0,0.0,0.0,No
1181,36.0,Non-Travel,893.9999999999999,Research & Development,1.0,Master,Medical,1.0,Very High,Female,33.0,Good,2.0,Manufacturing Director,High,Married,4374.0,15411.0,0.0,Y,No,15.0,Excellent,High,80.0,0.0,4.0,6.0,Excellent,3.0,2.0,1.0,2.0,No
1182,53.0,Travel_Rarely,1395.0000000000005,Research & Development,24.0,Master,Medical,1.0,Good,Male,48.0,Very High,3.0,Healthcare Representative,Very High,Married,7005.0000000000055,3458.0,3.0,Y,No,15.0,Excellent,High,80.0,0.0,11.0,2.0,Excellent,4.0,3.0,1.0,2.0,No
1183,48.0,Travel_Frequently,708.0000000000001,Sales,7.0,College,Medical,1.0,Very High,Female,95.0,High,1.0,Sales Representative,High,Married,2655.0,11740.0,2.0,Y,Yes,11.0,Excellent,High,80.0,2.0,19.0,3.0,Excellent,9.0,7.0,7.0,7.0,No
1184,49.0,Travel_Rarely,464.0,Research & Development,16.0,Bachelor,Medical,1.0,Very High,Female,74.0,High,1.0,Laboratory Technician,Low,Divorced,2587.0,24941.000000000004,4.0,Y,Yes,16.0,Excellent,Good,80.0,1.0,17.0,2.0,Good,2.0,2.0,2.0,2.0,No
1185,37.0,Travel_Rarely,369.9999999999996,Research & Development,10.0,Master,Medical,1.0,Very High,Male,58.0,High,2.0,Manufacturing Director,Low,Single,4213.0,4992.000000000002,1.0,Y,No,15.0,Excellent,Good,80.0,0.0,10.0,4.0,Low,10.0,3.0,0.0,8.0,No
1186,40.0,Travel_Rarely,369.0,Research & Development,8.0,College,Life Sciences,1.0,Good,Female,92.0,High,2.0,Manufacturing Director,Low,Married,6516.0,5040.999999999998,2.0,Y,Yes,16.0,Excellent,Good,80.0,1.0,18.0,3.0,Excellent,1.0,0.0,0.0,0.0,No
1187,35.0,Travel_Rarely,737.0,Sales,10.0,Bachelor,Medical,1.0,Very High,Male,55.0,Good,3.0,Sales Executive,Low,Married,10306.0,21530.0,9.0,Y,No,17.0,Excellent,High,80.0,0.0,15.0,3.0,Excellent,13.0,12.0,6.0,0.0,No
1188,29.0,Travel_Rarely,468.0,Research & Development,28.0,Master,Medical,1.0,Very High,Female,73.0,Good,1.0,Research Scientist,Low,Single,3785.0,8488.999999999996,1.0,Y,No,14.0,Excellent,Good,80.0,0.0,5.0,3.0,Low,5.0,4.0,0.0,4.0,No
1189,42.0,Travel_Rarely,1128.0,Research & Development,13.0,Bachelor,Medical,1.0,Good,Male,95.0,Very High,2.0,Healthcare Representative,Low,Married,5538.000000000003,5696.0,5.0,Y,No,18.0,Excellent,High,80.0,2.0,10.0,2.0,Good,0.0,0.0,0.0,0.0,No
1190,29.0,Travel_Rarely,441.0000000000001,Research & Development,8.0,Below College,Other,1.0,High,Female,39.0,Low,2.0,Healthcare Representative,Low,Married,9715.0,7288.0,3.0,Y,No,13.0,Excellent,High,80.0,1.0,9.0,3.0,Excellent,7.0,7.0,0.0,7.0,No
1191,38.0,Travel_Rarely,1495.0,Research & Development,4.0,College,Medical,1.0,Very High,Female,87.0,High,1.0,Laboratory Technician,High,Married,3305.999999999999,26176.0,7.0,Y,No,19.0,Excellent,Very High,80.0,1.0,7.0,5.0,Good,0.0,0.0,0.0,0.0,No
1192,49.0,Travel_Rarely,465.0,Research & Development,6.0,Below College,Life Sciences,1.0,High,Female,41.0,Good,4.0,Healthcare Representative,High,Married,13966.0,11652.0,2.0,Y,Yes,19.0,Excellent,Good,80.0,1.0,30.0,3.0,Excellent,15.0,11.0,2.0,12.0,No
1193,23.0,Travel_Rarely,1320.0,Research & Development,8.0,Below College,Medical,1.0,Very High,Male,93.0,Good,1.0,Laboratory Technician,High,Single,3989.0,20585.999999999993,1.0,Y,Yes,11.0,Excellent,Low,80.0,0.0,5.0,2.0,Excellent,5.0,4.0,1.0,2.0,Yes
1194,34.0,Non-Travel,1375.0,Sales,10.0,Bachelor,Life Sciences,1.0,Very High,Male,87.0,High,2.0,Sales Executive,High,Divorced,4000.9999999999995,12313.0,1.0,Y,Yes,14.0,Excellent,High,80.0,1.0,15.0,3.0,Excellent,15.0,14.0,0.0,7.0,No
1195,28.0,Travel_Rarely,1423.0,Research & Development,1.0,Bachelor,Life Sciences,1.0,Low,Male,72.0,Good,1.0,Research Scientist,High,Divorced,1563.0000000000005,12530.0,1.0,Y,No,14.0,Excellent,Very High,80.0,1.0,1.0,2.0,Low,1.0,0.0,0.0,0.0,No
1196,46.0,Travel_Rarely,734.0,Research & Development,2.0,Master,Medical,1.0,High,Male,46.0,High,5.0,Research Director,Very High,Divorced,19327.999999999993,14217.999999999998,7.0,Y,Yes,17.0,Excellent,High,80.0,1.0,24.0,3.0,Excellent,2.0,1.0,2.0,2.0,No
1197,43.0,Travel_Rarely,243.99999999999955,Human Resources,2.0,Bachelor,Life Sciences,1.0,Good,Male,97.0,High,1.0,Human Resources,Very High,Single,3538.999999999999,5033.000000000002,0.0,Y,No,13.0,Excellent,Good,80.0,0.0,10.0,5.0,Excellent,9.0,7.0,1.0,8.0,No
1198,31.0,Travel_Frequently,560.9999999999999,Research & Development,3.0,Bachelor,Life Sciences,1.0,Very High,Female,33.0,High,1.0,Research Scientist,High,Single,4084.0,4156.000000000002,1.0,Y,No,12.0,Excellent,Low,80.0,0.0,7.0,2.0,Low,7.0,2.0,7.0,7.0,No
1199,35.0,Travel_Frequently,880.0,Sales,12.0,Master,Other,1.0,Very High,Male,36.0,High,2.0,Sales Executive,Very High,Single,4581.0,10414.0,3.0,Y,Yes,24.0,Outstanding,Low,80.0,0.0,13.0,2.0,Outstanding,11.0,9.0,6.0,7.0,No
1200,53.0,Travel_Rarely,606.9999999999999,Research & Development,2.0,Doctor,Technical Degree,1.0,High,Female,78.0,Good,3.0,Manufacturing Director,Very High,Married,10169.0,14617.999999999998,0.0,Y,No,16.0,Excellent,Good,80.0,1.0,34.0,4.0,Excellent,33.0,7.0,1.0,9.0,No
1201,54.0,Travel_Rarely,157.0,Research & Development,10.0,Bachelor,Medical,1.0,High,Female,77.0,High,2.0,Manufacturing Director,Low,Single,4440.0,25198.000000000004,6.0,Y,Yes,19.0,Excellent,Very High,80.0,0.0,9.0,3.0,Excellent,5.0,2.0,1.0,4.0,No
1202,40.0,Travel_Rarely,676.0,Research & Development,9.0,Master,Life Sciences,1.0,Very High,Male,86.0,High,1.0,Laboratory Technician,Low,Single,2018.0,21831.0,3.0,Y,No,14.0,Excellent,Good,80.0,0.0,15.0,3.0,Low,5.0,4.0,1.0,0.0,No
1203,32.0,Travel_Rarely,1259.0,Research & Development,2.0,Master,Life Sciences,1.0,Very High,Male,95.0,High,1.0,Laboratory Technician,Good,Single,1392.9999999999995,24852.0,1.0,Y,No,12.0,Excellent,Low,80.0,0.0,1.0,2.0,Excellent,1.0,0.0,0.0,0.0,No
1204,38.0,Travel_Frequently,594.0000000000001,Research & Development,2.0,College,Medical,1.0,High,Female,75.0,Good,1.0,Laboratory Technician,Good,Married,2467.9999999999995,15963.0,4.0,Y,No,14.0,Excellent,Good,80.0,1.0,9.0,4.0,Good,6.0,1.0,0.0,5.0,No
1205,38.0,Travel_Rarely,396.99999999999994,Research & Development,2.0,College,Medical,1.0,Very High,Female,54.0,Good,3.0,Manufacturing Director,High,Married,7755.999999999998,14199.0,3.0,Y,Yes,19.0,Excellent,Very High,80.0,1.0,10.0,6.0,Outstanding,5.0,4.0,0.0,2.0,No
1206,35.0,Travel_Rarely,819.0,Research & Development,18.0,Doctor,Life Sciences,1.0,Good,Male,48.0,Very High,2.0,Research Scientist,Low,Married,5208.0,26312.0,1.0,Y,No,11.0,Excellent,Very High,80.0,0.0,16.0,2.0,Excellent,16.0,15.0,1.0,10.0,No
1207,32.0,Travel_Rarely,963.9999999999999,Sales,1.0,College,Life Sciences,1.0,Low,Male,34.0,Low,2.0,Sales Executive,Good,Single,6735.000000000002,12147.0,6.0,Y,No,15.0,Excellent,Good,80.0,0.0,10.0,2.0,Excellent,0.0,0.0,0.0,0.0,No
1208,41.0,Travel_Rarely,548.0,Research & Development,9.0,Master,Life Sciences,1.0,High,Male,94.0,High,1.0,Laboratory Technician,Low,Divorced,2289.0,20520.0,1.0,Y,No,20.0,Outstanding,Good,80.0,2.0,5.0,2.0,Excellent,5.0,3.0,0.0,4.0,No
1209,33.0,Travel_Rarely,515.9999999999998,Research & Development,8.0,Doctor,Life Sciences,1.0,Very High,Male,69.0,High,2.0,Healthcare Representative,High,Single,6388.0,22049.0,2.0,Y,Yes,17.0,Excellent,Low,80.0,0.0,14.0,6.0,Excellent,0.0,0.0,0.0,0.0,No
1210,50.0,Travel_Rarely,409.99999999999994,Sales,28.0,Bachelor,Marketing,1.0,Very High,Male,39.0,Good,3.0,Sales Executive,Low,Divorced,10854.0,16586.0,4.0,Y,Yes,13.0,Excellent,Good,80.0,1.0,20.0,3.0,Excellent,3.0,2.0,2.0,0.0,No
1211,32.0,Travel_Rarely,977.0000000000001,Research & Development,2.0,Bachelor,Medical,1.0,Very High,Male,45.0,High,2.0,Research Scientist,Good,Divorced,5470.0,25518.0,0.0,Y,No,13.0,Excellent,High,80.0,2.0,10.0,4.0,Good,9.0,5.0,1.0,6.0,No
1212,23.0,Travel_Rarely,977.0000000000001,Research & Development,10.0,Bachelor,Technical Degree,1.0,Very High,Male,45.0,Very High,1.0,Research Scientist,High,Married,2073.0,12826.000000000002,2.0,Y,No,16.0,Excellent,Very High,80.0,1.0,4.0,2.0,Excellent,2.0,2.0,2.0,2.0,No
1213,25.0,Travel_Rarely,977.0000000000001,Research & Development,2.0,Below College,Other,1.0,Very High,Male,57.0,High,1.0,Laboratory Technician,High,Divorced,3977.0,7297.999999999998,6.0,Y,Yes,19.0,Excellent,High,80.0,1.0,7.0,2.0,Good,2.0,2.0,0.0,2.0,Yes
1214,38.0,Travel_Rarely,1245.0,Sales,14.0,Bachelor,Life Sciences,1.0,High,Male,80.0,High,2.0,Sales Executive,Good,Married,9923.999999999998,12355.0,0.0,Y,No,11.0,Excellent,Very High,80.0,1.0,10.0,3.0,Excellent,9.0,8.0,7.0,7.0,No
1215,56.0,Travel_Rarely,309.99999999999994,Research & Development,7.0,College,Technical Degree,1.0,Very High,Male,72.0,High,1.0,Laboratory Technician,High,Married,2339.0,3666.0,8.0,Y,No,11.0,Excellent,Very High,80.0,1.0,14.0,4.0,Low,10.0,9.0,9.0,8.0,No
1216,46.0,Travel_Rarely,261.00000000000057,Research & Development,21.0,College,Medical,1.0,Very High,Female,66.0,High,2.0,Healthcare Representative,Good,Married,8925.999999999998,10841.999999999998,4.0,Y,No,22.0,Outstanding,Very High,80.0,1.0,13.0,2.0,Outstanding,9.0,7.0,3.0,7.0,No
1217,29.0,Travel_Frequently,574.0,Research & Development,20.0,Below College,Medical,1.0,Very High,Male,40.0,High,1.0,Laboratory Technician,Very High,Married,3811.999999999999,7002.999999999997,1.0,Y,No,13.0,Excellent,Good,80.0,0.0,11.0,3.0,Outstanding,11.0,8.0,3.0,10.0,No
1218,32.0,Travel_Rarely,801.0,Sales,1.0,Master,Marketing,1.0,High,Female,48.0,High,3.0,Sales Executive,Very High,Married,10422.000000000002,24032.000000000007,1.0,Y,No,19.0,Excellent,High,80.0,2.0,14.0,3.0,Excellent,14.0,10.0,5.0,7.0,No
1219,31.0,Travel_Rarely,1154.0,Sales,2.0,College,Life Sciences,1.0,Low,Male,54.0,High,1.0,Sales Representative,High,Married,3067.0000000000005,6393.000000000002,0.0,Y,No,19.0,Excellent,High,80.0,1.0,3.0,1.0,Excellent,2.0,2.0,1.0,2.0,No
1220,43.0,Travel_Rarely,574.0,Research & Development,11.0,Bachelor,Life Sciences,1.0,Low,Male,30.0,High,3.0,Healthcare Representative,High,Married,7510.0,16873.0,1.0,Y,No,17.0,Excellent,Good,80.0,1.0,10.0,1.0,Excellent,10.0,9.0,0.0,9.0,No
1221,33.0,Non-Travel,1313.0,Research & Development,1.0,College,Medical,1.0,Good,Male,59.0,Good,1.0,Laboratory Technician,High,Divorced,2008.0,20439.0,1.0,Y,No,12.0,Excellent,High,80.0,3.0,1.0,2.0,Good,1.0,1.0,0.0,0.0,No
1222,35.0,Travel_Rarely,670.0,Research & Development,10.0,Master,Medical,1.0,Low,Female,51.0,High,2.0,Healthcare Representative,High,Single,6142.0,4223.000000000002,3.0,Y,Yes,16.0,Excellent,High,80.0,0.0,10.0,4.0,Excellent,5.0,2.0,0.0,4.0,No
1223,40.0,Travel_Rarely,611.0,Sales,7.0,Master,Medical,1.0,Good,Male,88.0,High,5.0,Manager,Good,Single,19833.0,4348.999999999998,1.0,Y,No,14.0,Excellent,Good,80.0,0.0,21.0,3.0,Good,21.0,8.0,12.0,8.0,No
1224,34.0,Travel_Rarely,479.0,Research & Development,7.0,Master,Medical,1.0,Low,Male,35.0,High,1.0,Research Scientist,Very High,Single,2972.0,22061.0,1.0,Y,No,13.0,Excellent,High,80.0,0.0,1.0,4.0,Low,1.0,0.0,0.0,0.0,Yes
1225,45.0,Travel_Rarely,556.0,Research & Development,25.0,College,Life Sciences,1.0,Good,Female,93.0,Good,2.0,Manufacturing Director,Very High,Married,5905.999999999999,23887.999999999996,0.0,Y,No,13.0,Excellent,Very High,80.0,2.0,10.0,2.0,Good,9.0,8.0,3.0,8.0,No
1226,28.0,Travel_Frequently,289.0000000000001,Research & Development,2.0,College,Medical,1.0,High,Male,38.0,Good,1.0,Laboratory Technician,Low,Single,2561.0,5354.999999999998,7.0,Y,No,11.0,Excellent,High,80.0,0.0,8.0,2.0,Good,0.0,0.0,0.0,0.0,Yes
1227,39.0,Travel_Rarely,116.0,Research & Development,24.0,Below College,Life Sciences,1.0,Low,Male,52.0,High,2.0,Research Scientist,Very High,Single,4108.0,5340.0,7.0,Y,No,13.0,Excellent,Low,80.0,0.0,18.0,2.0,Excellent,7.0,7.0,1.0,7.0,No
1228,43.0,Non-Travel,343.00000000000017,Research & Development,9.0,Bachelor,Life Sciences,1.0,Low,Male,52.0,High,1.0,Research Scientist,High,Single,2438.0000000000014,24977.999999999996,4.0,Y,No,13.0,Excellent,High,80.0,0.0,7.0,2.0,Good,3.0,2.0,1.0,2.0,Yes
1229,23.0,Travel_Rarely,571.0,Research & Development,12.0,College,Other,1.0,Very High,Male,78.0,High,1.0,Laboratory Technician,Very High,Single,2647.000000000001,13671.999999999998,1.0,Y,No,13.0,Excellent,High,80.0,0.0,5.0,6.0,Outstanding,5.0,2.0,1.0,4.0,No
1230,45.0,Non-Travel,589.0,Sales,2.0,Master,Life Sciences,1.0,High,Female,67.0,High,2.0,Sales Executive,High,Married,5154.0,19665.0,4.0,Y,No,22.0,Outstanding,Good,80.0,2.0,10.0,3.0,Outstanding,8.0,7.0,5.0,7.0,No
1231,28.0,Non-Travel,279.9999999999999,Human Resources,1.0,College,Life Sciences,1.0,High,Male,43.0,High,1.0,Human Resources,Very High,Divorced,2706.0,10494.0,1.0,Y,No,15.0,Excellent,Good,80.0,1.0,3.0,2.0,Excellent,3.0,2.0,2.0,2.0,No
1232,36.0,Travel_Rarely,884.0000000000001,Sales,1.0,Master,Life Sciences,1.0,Good,Female,73.0,High,2.0,Sales Executive,High,Single,6815.0,21447.0,6.0,Y,No,13.0,Excellent,Low,80.0,0.0,15.0,5.0,Excellent,1.0,0.0,0.0,0.0,No
1233,24.0,Travel_Rarely,240.00000000000023,Human Resources,22.0,Below College,Human Resources,1.0,Very High,Male,58.0,Low,1.0,Human Resources,High,Married,1555.0000000000018,11585.0,1.0,Y,No,11.0,Excellent,High,80.0,1.0,1.0,2.0,Excellent,1.0,0.0,0.0,0.0,No
1234,41.0,Travel_Rarely,642.0,Research & Development,1.0,Bachelor,Life Sciences,1.0,Very High,Male,76.0,High,1.0,Research Scientist,Very High,Married,2782.0,21412.000000000015,3.0,Y,No,22.0,Outstanding,Low,80.0,1.0,12.0,3.0,Excellent,5.0,3.0,1.0,0.0,No
1235,35.0,Travel_Rarely,1490.0,Research & Development,11.0,Master,Medical,1.0,Very High,Male,43.0,High,1.0,Laboratory Technician,High,Married,2660.0,20232.0,7.0,Y,Yes,11.0,Excellent,High,80.0,1.0,5.0,3.0,Excellent,2.0,2.0,2.0,2.0,No
1236,36.0,Travel_Frequently,884.0000000000001,Research & Development,23.0,College,Medical,1.0,High,Male,41.0,Very High,2.0,Laboratory Technician,Very High,Married,2571.0,12290.0,4.0,Y,No,17.0,Excellent,High,80.0,1.0,17.0,3.0,Excellent,5.0,2.0,0.0,3.0,No
1237,33.0,Travel_Rarely,1099.0,Research & Development,4.0,Master,Medical,1.0,Low,Female,82.0,Good,1.0,Laboratory Technician,Good,Married,3837.999999999998,8192.000000000004,8.0,Y,No,11.0,Excellent,Very High,80.0,0.0,8.0,5.0,Excellent,5.0,4.0,0.0,2.0,No
1238,29.0,Travel_Rarely,1369.9999999999998,Research & Development,3.0,Below College,Medical,1.0,Good,Male,87.0,High,1.0,Laboratory Technician,Low,Single,4723.0,16213.0,1.0,Y,Yes,18.0,Excellent,Very High,80.0,0.0,10.0,3.0,Excellent,10.0,9.0,1.0,5.0,No
1239,35.0,Travel_Rarely,104.0,Research & Development,2.0,Bachelor,Life Sciences,1.0,Low,Female,69.0,High,1.0,Laboratory Technician,Low,Divorced,2074.0,26619.0,1.0,Y,Yes,12.0,Excellent,Very High,80.0,1.0,1.0,2.0,Excellent,1.0,0.0,0.0,0.0,Yes
1240,31.0,Travel_Rarely,741.0000000000001,Research & Development,2.0,Master,Life Sciences,1.0,Good,Male,69.0,High,1.0,Laboratory Technician,High,Married,3477.0,18103.000000000004,1.0,Y,No,14.0,Excellent,Very High,80.0,1.0,6.0,2.0,Outstanding,5.0,2.0,0.0,3.0,No
1241,27.0,Travel_Frequently,591.0,Research & Development,2.0,Bachelor,Medical,1.0,Very High,Male,87.0,High,1.0,Research Scientist,Very High,Single,2579.9999999999995,6297.000000000005,2.0,Y,No,13.0,Excellent,High,80.0,0.0,6.0,0.0,Good,4.0,2.0,1.0,2.0,No
1242,38.0,Travel_Rarely,1321.0,Sales,1.0,Master,Life Sciences,1.0,Very High,Male,86.0,High,2.0,Sales Executive,Good,Married,4440.0,7636.000000000002,0.0,Y,No,15.0,Excellent,Low,80.0,2.0,16.0,3.0,Excellent,15.0,13.0,5.0,8.0,No
1243,46.0,Travel_Rarely,227.99999999999966,Sales,3.0,Bachelor,Life Sciences,1.0,High,Female,51.0,High,4.0,Manager,Good,Married,16606.0,11380.0,8.0,Y,No,12.0,Excellent,Very High,80.0,1.0,23.0,2.0,Outstanding,13.0,12.0,5.0,1.0,No
1244,37.0,Travel_Rarely,161.0,Research & Development,10.0,Bachelor,Life Sciences,1.0,High,Female,42.0,Very High,3.0,Research Director,Very High,Married,13744.0,15471.000000000002,1.0,Y,Yes,25.0,Outstanding,Low,80.0,1.0,16.0,2.0,Excellent,16.0,11.0,6.0,8.0,No
1245,41.0,Travel_Rarely,581.9999999999998,Research & Development,28.0,Master,Life Sciences,1.0,Low,Female,60.0,Good,4.0,Manufacturing Director,Good,Married,13569.999999999996,5639.999999999998,0.0,Y,No,23.0,Outstanding,High,80.0,1.0,21.0,3.0,Excellent,20.0,7.0,0.0,10.0,No
1246,37.0,Travel_Frequently,1278.0,Sales,1.0,Master,Medical,1.0,High,Male,31.0,Low,2.0,Sales Executive,Very High,Divorced,9525.0,7677.000000000001,1.0,Y,No,14.0,Excellent,High,80.0,2.0,6.0,2.0,Good,6.0,3.0,1.0,3.0,No
1247,31.0,Travel_Rarely,1003.0,Sales,5.0,Bachelor,Technical Degree,1.0,Low,Male,51.0,High,2.0,Sales Executive,High,Married,8346.000000000004,20943.0,1.0,Y,No,19.0,Excellent,High,80.0,1.0,6.0,3.0,Excellent,5.0,2.0,0.0,2.0,No
1248,44.0,Travel_Rarely,1313.0,Research & Development,7.0,Bachelor,Medical,1.0,Good,Female,31.0,High,5.0,Research Director,Very High,Divorced,19049.0,3548.9999999999945,0.0,Y,Yes,14.0,Excellent,Very High,80.0,1.0,23.0,4.0,Good,22.0,7.0,1.0,10.0,No
1249,18.0,Travel_Frequently,544.0,Sales,3.0,College,Medical,1.0,Good,Female,70.0,High,1.0,Sales Representative,Very High,Single,1569.000000000001,18420.0,1.0,Y,Yes,12.0,Excellent,High,80.0,0.0,0.0,2.0,Outstanding,0.0,0.0,0.0,0.0,Yes
1250,29.0,Travel_Frequently,409.99999999999994,Research & Development,2.0,Below College,Life Sciences,1.0,Very High,Female,97.0,High,1.0,Laboratory Technician,Good,Married,3180.0,4668.0,0.0,Y,No,13.0,Excellent,High,80.0,3.0,4.0,3.0,Excellent,3.0,2.0,0.0,2.0,No
1251,45.0,Travel_Rarely,374.0000000000001,Sales,20.0,Bachelor,Life Sciences,1.0,Very High,Female,50.0,High,2.0,Sales Executive,High,Single,4850.0,23333.0,8.0,Y,No,15.0,Excellent,High,80.0,0.0,8.0,3.0,Excellent,5.0,3.0,0.0,1.0,No
1252,25.0,Travel_Rarely,309.00000000000017,Human Resources,2.0,Bachelor,Human Resources,1.0,High,Female,82.0,High,1.0,Human Resources,Good,Married,2186.9999999999995,19655.0,4.0,Y,No,14.0,Excellent,High,80.0,0.0,6.0,3.0,Excellent,2.0,0.0,1.0,2.0,No
1253,35.0,Travel_Rarely,1349.0000000000002,Research & Development,7.0,College,Life Sciences,1.0,High,Male,63.0,Good,1.0,Laboratory Technician,Very High,Married,2690.0,7713.0,1.0,Y,No,18.0,Excellent,Very High,80.0,1.0,1.0,5.0,Good,1.0,0.0,0.0,1.0,No
1254,46.0,Travel_Rarely,563.0,Sales,1.0,Master,Life Sciences,1.0,Very High,Male,56.0,Very High,4.0,Manager,Low,Single,17567.000000000004,3156.0,1.0,Y,No,15.0,Excellent,Good,80.0,0.0,27.0,5.0,Low,26.0,0.0,0.0,12.0,No
1255,27.0,Travel_Frequently,1337.0,Human Resources,22.0,Bachelor,Human Resources,1.0,Low,Female,58.0,Good,1.0,Human Resources,Good,Married,2863.0,19555.0,1.0,Y,No,12.0,Excellent,Low,80.0,0.0,1.0,2.0,Excellent,1.0,0.0,0.0,0.0,Yes
1256,37.0,Travel_Rarely,674.0,Research & Development,13.0,Bachelor,Medical,1.0,Low,Male,47.0,High,2.0,Research Scientist,Very High,Married,4285.0,3030.999999999998,1.0,Y,No,17.0,Excellent,Low,80.0,0.0,10.0,2.0,Excellent,10.0,8.0,3.0,7.0,No
1257,39.0,Non-Travel,1251.0,Sales,21.0,Master,Life Sciences,1.0,Low,Female,32.0,Low,2.0,Sales Executive,High,Married,5736.0,3986.999999999998,6.0,Y,No,19.0,Excellent,High,80.0,1.0,10.0,1.0,Excellent,3.0,2.0,1.0,2.0,No
1258,34.0,Travel_Rarely,970.9999999999999,Sales,1.0,Bachelor,Technical Degree,1.0,Very High,Male,64.0,Good,3.0,Sales Executive,High,Married,7083.0,12288.0,1.0,Y,Yes,14.0,Excellent,Very High,80.0,0.0,10.0,3.0,Excellent,10.0,9.0,8.0,6.0,No
1259,39.0,Travel_Rarely,1089.0,Research & Development,6.0,Bachelor,Life Sciences,1.0,Good,Female,32.0,High,3.0,Manufacturing Director,Good,Single,8375.999999999998,9150.0,4.0,Y,No,18.0,Excellent,Very High,80.0,0.0,9.0,3.0,Excellent,2.0,0.0,2.0,2.0,No
1260,34.0,Travel_Rarely,790.0,Sales,24.0,Master,Medical,1.0,Low,Female,40.0,Good,2.0,Sales Executive,Good,Single,4599.0,7815.0,0.0,Y,Yes,23.0,Outstanding,High,80.0,0.0,16.0,2.0,Outstanding,15.0,9.0,10.0,10.0,No
1261,31.0,Travel_Frequently,163.0000000000001,Research & Development,24.0,Below College,Technical Degree,1.0,Very High,Female,30.0,High,2.0,Manufacturing Director,Very High,Single,5238.0,6670.000000000002,2.0,Y,No,20.0,Outstanding,Very High,80.0,0.0,9.0,3.0,Good,5.0,4.0,1.0,4.0,No
1262,47.0,Travel_Frequently,1093.0,Sales,9.0,Bachelor,Life Sciences,1.0,High,Male,82.0,Low,4.0,Sales Executive,High,Married,12936.000000000007,24163.999999999993,7.0,Y,No,11.0,Excellent,High,80.0,0.0,25.0,3.0,Low,22.999999999999964,5.0,14.0,10.0,No
1263,29.0,Travel_Rarely,1092.0,Research & Development,1.0,Master,Medical,1.0,Low,Male,36.0,High,1.0,Research Scientist,Very High,Married,4787.0,26124.0,9.0,Y,Yes,14.0,Excellent,Good,80.0,3.0,4.0,3.0,Outstanding,2.0,2.0,2.0,2.0,No
1264,34.0,Travel_Rarely,1480.0,Sales,4.0,Bachelor,Life Sciences,1.0,High,Male,64.0,High,3.0,Sales Executive,Very High,Married,9713.0,24444.0,2.0,Y,Yes,13.0,Excellent,Very High,80.0,3.0,9.0,3.0,Excellent,5.0,3.0,1.0,0.0,No
1265,29.0,Travel_Frequently,995.0,Research & Development,2.0,Below College,Life Sciences,1.0,Low,Male,87.0,High,2.0,Healthcare Representative,Very High,Divorced,8853.0,24482.999999999996,1.0,Y,No,19.0,Excellent,Very High,80.0,1.0,6.0,0.0,Outstanding,6.0,4.0,1.0,3.0,No
1266,18.0,Non-Travel,1431.0000000000002,Research & Development,14.0,Bachelor,Medical,1.0,Good,Female,33.0,High,1.0,Research Scientist,High,Single,1514.0,8017.999999999999,1.0,Y,No,16.0,Excellent,High,80.0,0.0,0.0,4.0,Low,0.0,0.0,0.0,0.0,Yes
1267,44.0,Travel_Rarely,169.9999999999999,Research & Development,1.0,Master,Life Sciences,1.0,Good,Male,78.0,Very High,2.0,Healthcare Representative,Low,Married,5032.999999999999,9364.0,2.0,Y,No,15.0,Excellent,Very High,80.0,1.0,10.0,5.0,Excellent,2.0,0.0,2.0,2.0,No
1268,35.0,Travel_Frequently,146.0,Research & Development,2.0,Master,Medical,1.0,Low,Male,79.0,Good,1.0,Research Scientist,Very High,Single,4929.999999999999,13970.0,0.0,Y,Yes,14.0,Excellent,High,80.0,0.0,6.0,2.0,Outstanding,5.0,4.0,1.0,4.0,No
1269,35.0,Travel_Rarely,1028.9999999999995,Research & Development,16.0,Bachelor,Life Sciences,1.0,Very High,Female,91.0,Good,3.0,Healthcare Representative,Good,Single,8606.00000000001,21195.0,1.0,Y,No,19.0,Excellent,Very High,80.0,0.0,11.0,3.0,Low,11.0,8.0,3.0,3.0,No
1270,40.0,Travel_Rarely,750.0,Research & Development,12.0,Bachelor,Life Sciences,1.0,Good,Female,47.0,High,2.0,Healthcare Representative,Low,Divorced,4448.0,10747.999999999998,2.0,Y,No,12.0,Excellent,Good,80.0,1.0,15.0,3.0,Excellent,7.0,4.0,7.0,7.0,No
1271,45.0,Travel_Rarely,1329.0,Research & Development,2.0,College,Other,1.0,Very High,Female,59.0,Good,2.0,Manufacturing Director,Very High,Divorced,5770.0,5388.0,1.0,Y,No,19.0,Excellent,Low,80.0,2.0,10.0,3.0,Excellent,10.0,7.0,3.0,9.0,No
1272,48.0,Travel_Rarely,491.99999999999983,Sales,16.0,Master,Life Sciences,1.0,High,Female,96.0,High,2.0,Sales Executive,High,Divorced,6439.0,13693.0,8.0,Y,No,14.0,Excellent,High,80.0,1.0,18.0,2.0,Excellent,8.0,7.0,7.0,7.0,No
1273,36.0,Travel_Rarely,311.0,Research & Development,7.0,Bachelor,Life Sciences,1.0,Low,Male,77.0,High,1.0,Laboratory Technician,Good,Single,2013.0,10949.999999999998,2.0,Y,No,11.0,Excellent,High,80.0,0.0,15.0,4.0,Excellent,4.0,3.0,1.0,3.0,Yes
1274,42.0,Travel_Rarely,300.0,Research & Development,2.0,Bachelor,Life Sciences,1.0,Low,Male,56.0,High,5.0,Manager,High,Married,18880.0,17312.0,5.0,Y,No,11.0,Excellent,Low,80.0,0.0,24.0,2.0,Good,22.0,6.0,4.0,14.0,No
1275,28.0,Travel_Rarely,579.9999999999999,Research & Development,27.0,Bachelor,Medical,1.0,Good,Female,39.0,Low,2.0,Manufacturing Director,Low,Divorced,4877.0,20460.0,0.0,Y,No,21.0,Outstanding,Good,80.0,1.0,6.0,5.0,Good,5.0,3.0,0.0,0.0,No
1276,33.0,Travel_Rarely,575.0,Research & Development,25.0,Bachelor,Life Sciences,1.0,Very High,Male,44.0,Good,2.0,Manufacturing Director,Good,Single,4320.0,24151.99999999999,1.0,Y,No,13.0,Excellent,Very High,80.0,0.0,5.0,2.0,Excellent,5.0,3.0,0.0,2.0,No
1277,38.0,Travel_Rarely,1153.0,Research & Development,6.0,College,Other,1.0,Very High,Female,40.0,Good,1.0,Laboratory Technician,High,Married,3701.9999999999995,16376.0,1.0,Y,No,11.0,Excellent,Good,80.0,1.0,5.0,3.0,Excellent,5.0,4.0,0.0,4.0,No
1278,21.0,Travel_Rarely,500.99999999999983,Sales,5.0,Below College,Medical,1.0,High,Male,58.0,High,1.0,Sales Representative,Low,Single,2380.0,25479.0,1.0,Y,Yes,11.0,Excellent,Very High,80.0,0.0,2.0,6.0,Excellent,2.0,2.0,1.0,2.0,Yes
1279,44.0,Travel_Frequently,602.0,Human Resources,1.0,Doctor,Human Resources,1.0,Low,Male,37.0,High,2.0,Human Resources,Very High,Married,5743.0,10503.0,4.0,Y,Yes,11.0,Excellent,High,80.0,0.0,14.0,3.0,Excellent,10.0,7.0,0.0,2.0,No
1280,39.0,Travel_Rarely,119.0,Sales,15.0,Master,Marketing,1.0,Good,Male,77.0,High,4.0,Sales Executive,Low,Single,13340.999999999996,25098.0,0.0,Y,No,12.0,Excellent,Low,80.0,0.0,21.0,3.0,Excellent,20.0,8.0,11.0,10.0,No
1281,31.0,Travel_Frequently,715.0,Sales,2.0,Master,Other,1.0,Very High,Male,54.0,High,2.0,Sales Executive,Low,Single,5332.0,21602.0,7.0,Y,No,13.0,Excellent,Very High,80.0,0.0,10.0,3.0,Excellent,5.0,2.0,0.0,3.0,No
1282,49.0,Travel_Rarely,809.0,Research & Development,1.0,Bachelor,Life Sciences,1.0,High,Male,36.0,High,4.0,Manager,High,Single,15379.000000000005,22384.0,4.0,Y,No,14.0,Excellent,Low,80.0,0.0,23.0,2.0,Excellent,8.0,7.0,0.0,0.0,No
1283,24.0,Non-Travel,829.9999999999999,Sales,13.0,College,Life Sciences,1.0,Very High,Female,78.0,High,1.0,Sales Representative,Good,Married,2033.0,7103.0,1.0,Y,No,13.0,Excellent,High,80.0,1.0,1.0,2.0,Excellent,1.0,0.0,0.0,0.0,No
1284,40.0,Travel_Rarely,447.99999999999994,Research & Development,16.0,Bachelor,Life Sciences,1.0,High,Female,84.0,High,3.0,Manufacturing Director,Very High,Single,7945.0,19948.000000000004,6.0,Y,Yes,15.0,Excellent,Very High,80.0,0.0,18.0,2.0,Good,4.0,2.0,3.0,3.0,No
1285,40.0,Travel_Rarely,884.0000000000001,Research & Development,15.0,Bachelor,Life Sciences,1.0,Low,Female,80.0,Good,3.0,Manufacturing Director,High,Married,10434.999999999996,25800.0,1.0,Y,No,13.0,Excellent,Very High,80.0,2.0,18.0,2.0,Excellent,18.0,15.0,14.0,12.0,No
1286,45.0,Travel_Rarely,538.0,Research & Development,1.0,Master,Technical Degree,1.0,Low,Male,66.0,High,3.0,Healthcare Representative,Good,Divorced,7441.0,20933.0,1.0,Y,No,12.0,Excellent,Low,80.0,3.0,10.0,4.0,Excellent,10.0,8.0,7.0,7.0,No
1287,31.0,Travel_Frequently,1125.0,Sales,7.0,Master,Marketing,1.0,Low,Female,68.0,High,3.0,Sales Executive,Low,Married,9636.999999999996,8277.0,2.0,Y,No,14.0,Excellent,Very High,80.0,2.0,9.0,3.0,Excellent,3.0,2.0,2.0,2.0,No
1288,58.0,Travel_Frequently,1216.0000000000002,Research & Development,15.0,Master,Life Sciences,1.0,Low,Male,87.0,High,4.0,Research Director,High,Married,15787.000000000025,21624.0,2.0,Y,Yes,14.0,Excellent,Good,80.0,0.0,23.0,3.0,Excellent,2.0,2.0,2.0,2.0,No
1289,48.0,Travel_Frequently,117.0,Research & Development,22.0,Bachelor,Medical,1.0,Very High,Female,58.0,High,4.0,Manager,Very High,Divorced,17174.0,2436.999999999998,3.0,Y,No,11.0,Excellent,Good,80.0,1.0,24.0,3.0,Excellent,22.0,17.0,4.0,7.0,No
1290,23.0,Travel_Frequently,638.0,Sales,9.0,Bachelor,Marketing,1.0,Very High,Male,33.0,High,1.0,Sales Representative,Low,Married,1790.0000000000027,26956.0,1.0,Y,No,19.0,Excellent,Low,80.0,1.0,1.0,3.0,Good,1.0,0.0,1.0,0.0,No
1291,33.0,Travel_Rarely,391.99999999999983,Sales,2.0,Master,Medical,1.0,Very High,Male,93.0,High,2.0,Sales Executive,Very High,Divorced,5505.0,3921.0,1.0,Y,No,14.0,Excellent,High,80.0,2.0,6.0,5.0,Excellent,6.0,2.0,0.0,4.0,No
1292,40.0,Travel_Rarely,616.0,Research & Development,2.0,College,Life Sciences,1.0,High,Female,99.0,High,1.0,Laboratory Technician,Low,Married,3376.999999999999,25605.0,4.0,Y,No,17.0,Excellent,Very High,80.0,1.0,7.0,5.0,Good,4.0,3.0,0.0,2.0,No
1293,45.0,Travel_Rarely,1015.0000000000001,Research & Development,5.0,Doctor,Medical,1.0,High,Female,50.0,Low,2.0,Laboratory Technician,Low,Single,5769.0,23447.0,1.0,Y,Yes,14.0,Excellent,Low,80.0,0.0,10.0,3.0,Excellent,10.0,7.0,1.0,4.0,No
1294,32.0,Travel_Rarely,529.0,Research & Development,2.0,Bachelor,Technical Degree,1.0,Very High,Male,78.0,High,1.0,Research Scientist,Low,Single,2439.000000000001,11288.0,1.0,Y,No,14.0,Excellent,Very High,80.0,0.0,4.0,4.0,Excellent,4.0,2.0,1.0,2.0,No
1295,23.0,Travel_Rarely,427.00000000000006,Sales,7.0,Bachelor,Life Sciences,1.0,High,Male,99.0,High,1.0,Sales Representative,Very High,Divorced,2275.0,25103.000000000007,1.0,Y,Yes,21.0,Outstanding,Good,80.0,1.0,3.0,2.0,Excellent,3.0,2.0,0.0,2.0,No
1296,30.0,Travel_Frequently,1311.9999999999995,Research & Development,2.0,Master,Technical Degree,1.0,Very High,Female,78.0,Good,1.0,Research Scientist,Low,Single,4968.0,26426.999999999996,0.0,Y,No,16.0,Excellent,Very High,80.0,0.0,10.0,2.0,Excellent,9.0,7.0,0.0,7.0,No
1297,58.0,Non-Travel,349.9999999999998,Sales,2.0,Bachelor,Medical,1.0,Good,Male,52.0,High,4.0,Manager,Good,Divorced,16290.999999999993,22577.0,4.0,Y,No,22.0,Outstanding,Very High,80.0,1.0,37.0,0.0,Good,16.0,9.0,14.0,14.0,No
1298,44.0,Travel_Rarely,528.0,Human Resources,1.0,Bachelor,Life Sciences,1.0,High,Female,44.0,High,1.0,Human Resources,Very High,Divorced,3195.0,4166.999999999998,4.0,Y,Yes,18.0,Excellent,Low,80.0,3.0,8.0,2.0,Excellent,2.0,2.0,2.0,2.0,No
1299,37.0,Travel_Rarely,1470.0,Research & Development,10.0,Bachelor,Medical,1.0,Good,Female,71.0,High,1.0,Research Scientist,Good,Married,3936.0,9953.0,1.0,Y,No,11.0,Excellent,Low,80.0,1.0,8.0,2.0,Low,8.0,4.0,7.0,7.0,No
1300,34.0,Non-Travel,967.0,Research & Development,16.0,Master,Technical Degree,1.0,Very High,Male,85.0,Low,1.0,Research Scientist,Low,Married,2307.0000000000005,14460.0,1.0,Y,Yes,23.0,Outstanding,Good,80.0,1.0,5.0,2.0,Excellent,5.0,2.0,3.0,0.0,Yes
1301,35.0,Travel_Rarely,287.0,Research & Development,1.0,Master,Life Sciences,1.0,High,Female,62.0,Low,1.0,Research Scientist,Very High,Married,2977.0,8952.0,1.0,Y,No,12.0,Excellent,Very High,80.0,1.0,4.0,5.0,Excellent,4.0,3.0,1.0,1.0,No
1302,32.0,Travel_Rarely,371.00000000000017,Sales,19.0,Bachelor,Life Sciences,1.0,Very High,Male,80.0,Low,3.0,Sales Executive,High,Married,9610.0,3839.999999999998,3.0,Y,No,13.0,Excellent,High,80.0,1.0,10.0,2.0,Low,4.0,3.0,0.0,2.0,No
1303,31.0,Non-Travel,324.9999999999999,Research & Development,5.0,Bachelor,Medical,1.0,Good,Male,74.0,High,2.0,Manufacturing Director,Low,Single,9935.999999999998,3786.999999999998,0.0,Y,No,19.0,Excellent,Good,80.0,0.0,10.0,2.0,Excellent,9.0,4.0,1.0,7.0,No
1304,35.0,Travel_Rarely,1395.0000000000005,Research & Development,9.0,Master,Medical,1.0,Good,Male,48.0,High,2.0,Research Scientist,High,Single,5098.0,18698.0,1.0,Y,No,19.0,Excellent,Good,80.0,0.0,10.0,5.0,Excellent,10.0,7.0,0.0,8.0,No
1305,29.0,Travel_Rarely,598.0,Research & Development,9.0,Bachelor,Life Sciences,1.0,High,Male,91.0,Very High,1.0,Research Scientist,High,Married,2451.0,22376.0,6.0,Y,No,18.0,Excellent,Low,80.0,2.0,5.0,2.0,Good,1.0,0.0,0.0,0.0,No
1306,36.0,Travel_Rarely,1040.0,Research & Development,3.0,College,Life Sciences,1.0,Very High,Male,79.0,Very High,2.0,Healthcare Representative,Low,Divorced,6842.0,26308.0,6.0,Y,No,20.0,Outstanding,Low,80.0,1.0,13.0,3.0,Excellent,5.0,4.0,0.0,4.0,No
1307,23.0,Travel_Rarely,159.9999999999999,Research & Development,4.0,Below College,Medical,1.0,High,Female,51.0,High,1.0,Laboratory Technician,Good,Single,3295.0,12862.0,1.0,Y,No,13.0,Excellent,High,80.0,0.0,3.0,3.0,Low,3.0,2.0,1.0,2.0,No
1308,29.0,Travel_Rarely,592.0,Research & Development,7.0,Bachelor,Life Sciences,1.0,Very High,Male,59.0,High,1.0,Laboratory Technician,Low,Single,2062.0,19384.0,3.0,Y,No,14.0,Excellent,Good,80.0,0.0,11.0,2.0,Excellent,3.0,2.0,1.0,2.0,No
1309,29.0,Travel_Rarely,349.9999999999998,Human Resources,13.0,Bachelor,Human Resources,1.0,Low,Male,56.0,Good,1.0,Human Resources,Low,Divorced,2335.0,3157.0,4.0,Y,Yes,15.0,Excellent,Very High,80.0,3.0,4.0,3.0,Excellent,2.0,2.0,2.0,0.0,Yes
1310,35.0,Travel_Rarely,219.00000000000068,Research & Development,16.0,College,Other,1.0,Very High,Female,44.0,Good,2.0,Manufacturing Director,Good,Married,4788.0,25388.0,0.0,Y,Yes,11.0,Excellent,Very High,80.0,0.0,4.0,2.0,Excellent,3.0,2.0,0.0,2.0,No
1311,26.0,Travel_Rarely,389.9999999999999,Research & Development,17.0,Master,Medical,1.0,Very High,Male,62.0,Low,1.0,Laboratory Technician,High,Married,2305.0,6216.999999999999,1.0,Y,No,15.0,Excellent,High,80.0,3.0,3.0,3.0,Outstanding,3.0,2.0,0.0,2.0,No
1312,54.0,Travel_Rarely,583.9999999999999,Research & Development,22.0,Doctor,Medical,1.0,Good,Female,91.0,High,4.0,Manager,High,Married,17426.0,18685.0,3.0,Y,No,25.0,Outstanding,High,80.0,1.0,36.0,6.0,Excellent,10.0,8.0,4.0,7.0,No
1313,35.0,Travel_Rarely,303.0,Sales,27.0,Bachelor,Life Sciences,1.0,High,Male,84.0,High,2.0,Sales Executive,Very High,Single,5813.000000000002,13492.0,1.0,Y,Yes,18.0,Excellent,Very High,80.0,0.0,10.0,2.0,Excellent,10.0,7.0,7.0,7.0,No
1314,40.0,Travel_Rarely,444.00000000000006,Sales,2.0,College,Marketing,1.0,Good,Female,92.0,High,2.0,Sales Executive,Good,Married,5677.0,4258.0,3.0,Y,No,14.0,Excellent,High,80.0,1.0,15.0,4.0,Excellent,11.0,8.0,5.0,10.0,No
1315,38.0,Travel_Rarely,1404.0,Sales,1.0,Bachelor,Life Sciences,1.0,Low,Male,59.0,Good,1.0,Sales Representative,Low,Single,2858.0,11473.0,4.0,Y,No,14.0,Excellent,Low,80.0,0.0,20.0,3.0,Good,1.0,0.0,0.0,0.0,Yes
1316,36.0,Travel_Frequently,688.0,Research & Development,4.0,College,Life Sciences,1.0,Very High,Female,97.0,High,2.0,Manufacturing Director,Good,Divorced,5130.999999999999,9191.999999999996,7.0,Y,No,13.0,Excellent,Good,80.0,3.0,18.0,3.0,Excellent,4.0,2.0,0.0,2.0,No
1317,33.0,Travel_Rarely,589.0,Research & Development,28.0,Master,Life Sciences,1.0,Good,Male,79.0,High,2.0,Laboratory Technician,High,Married,5207.0,22949.0,1.0,Y,Yes,12.0,Excellent,Good,80.0,1.0,15.0,3.0,Excellent,15.0,14.0,5.0,7.0,No
1318,28.0,Travel_Frequently,467.0,Sales,7.0,Bachelor,Life Sciences,1.0,High,Male,55.0,High,2.0,Sales Executive,Low,Single,4898.0,11827.0,0.0,Y,No,14.0,Excellent,Very High,80.0,0.0,5.0,5.0,Excellent,4.0,2.0,1.0,3.0,No
1319,29.0,Travel_Rarely,224.0,Research & Development,1.0,Master,Technical Degree,1.0,Low,Male,100.0,Good,1.0,Research Scientist,Low,Single,2361.9999999999995,7567.999999999997,6.0,Y,No,13.0,Excellent,High,80.0,0.0,11.0,2.0,Low,9.0,7.0,0.0,7.0,No
1320,42.0,Travel_Rarely,1059.0,Research & Development,9.0,College,Other,1.0,Very High,Male,93.0,Good,5.0,Manager,Very High,Single,19613.0,26362.0,8.0,Y,No,22.0,Outstanding,Very High,80.0,0.0,24.0,2.0,Excellent,1.0,0.0,0.0,1.0,No
1321,46.0,Travel_Rarely,705.9999999999999,Research & Development,2.0,College,Life Sciences,1.0,Very High,Male,82.0,High,3.0,Manufacturing Director,Very High,Divorced,8578.000000000004,19989.000000000004,3.0,Y,No,14.0,Excellent,High,80.0,1.0,12.0,4.0,Good,9.0,8.0,4.0,7.0,No
1322,31.0,Non-Travel,976.0,Research & Development,3.0,College,Medical,1.0,High,Male,48.0,High,1.0,Research Scientist,Low,Divorced,3065.0,3995.0,1.0,Y,Yes,13.0,Excellent,Very High,80.0,1.0,4.0,3.0,Outstanding,4.0,2.0,2.0,3.0,No
1323,21.0,Travel_Rarely,337.0000000000003,Sales,7.0,Below College,Marketing,1.0,Good,Male,31.0,High,1.0,Sales Representative,Good,Single,2678.9999999999995,4567.000000000002,1.0,Y,No,13.0,Excellent,Good,80.0,0.0,1.0,3.0,Excellent,1.0,0.0,1.0,0.0,No
1324,40.0,Travel_Rarely,118.0,Sales,14.0,College,Life Sciences,1.0,Very High,Female,84.0,High,2.0,Sales Executive,Low,Married,4639.0,11261.999999999996,1.0,Y,No,15.0,Excellent,High,80.0,1.0,5.0,2.0,Excellent,5.0,4.0,1.0,2.0,No
1325,31.0,Travel_Rarely,1112.0,Sales,5.0,Master,Life Sciences,1.0,Low,Female,67.0,High,2.0,Sales Executive,Very High,Married,5476.0,22589.0,1.0,Y,No,11.0,Excellent,Low,80.0,2.0,10.0,2.0,Excellent,10.0,0.0,0.0,2.0,No
1326,24.0,Travel_Frequently,381.00000000000006,Research & Development,9.0,Bachelor,Medical,1.0,Good,Male,89.0,High,1.0,Laboratory Technician,Low,Single,3171.9999999999995,16998.0,2.0,Y,Yes,11.0,Excellent,High,80.0,0.0,4.0,2.0,Good,0.0,0.0,0.0,0.0,Yes
1327,33.0,Travel_Rarely,867.0,Research & Development,8.0,Master,Life Sciences,1.0,Very High,Male,90.0,Very High,1.0,Research Scientist,Low,Married,3142.9999999999995,6076.0,6.0,Y,No,19.0,Excellent,Good,80.0,1.0,14.0,1.0,Excellent,10.0,8.0,7.0,6.0,No
1328,28.0,Travel_Rarely,1172.0,Sales,3.0,Bachelor,Medical,1.0,Good,Female,78.0,High,1.0,Sales Representative,Good,Married,2855.999999999999,3692.0,1.0,Y,No,19.0,Excellent,Very High,80.0,1.0,1.0,3.0,Excellent,1.0,0.0,0.0,0.0,No
1329,38.0,Travel_Rarely,201.0,Research & Development,10.0,Bachelor,Medical,1.0,Good,Female,99.0,Low,3.0,Research Director,High,Married,13206.0,3375.999999999998,3.0,Y,No,12.0,Excellent,Low,80.0,1.0,20.0,3.0,Excellent,18.0,16.0,1.0,11.0,No
1330,29.0,Travel_Rarely,991.0,Sales,5.0,Bachelor,Medical,1.0,Low,Male,43.0,Good,2.0,Sales Executive,Good,Divorced,4187.0,3355.999999999998,1.0,Y,Yes,13.0,Excellent,Good,80.0,1.0,10.0,3.0,Good,10.0,0.0,0.0,9.0,No
1331,30.0,Travel_Rarely,793.0,Research & Development,16.0,Below College,Life Sciences,1.0,Good,Male,33.0,High,1.0,Research Scientist,Very High,Married,2862.0,3811.0,1.0,Y,No,12.0,Excellent,Good,80.0,1.0,10.0,2.0,Good,10.0,0.0,0.0,8.0,No
1332,39.0,Travel_Frequently,766.0,Sales,20.0,Bachelor,Life Sciences,1.0,High,Male,83.0,High,2.0,Sales Executive,Very High,Divorced,4127.0,19188.0,2.0,Y,No,18.0,Excellent,Very High,80.0,1.0,7.0,6.0,Excellent,2.0,1.0,2.0,2.0,No
1333,30.0,Travel_Frequently,600.0,Human Resources,8.0,Bachelor,Human Resources,1.0,High,Female,66.0,Good,1.0,Human Resources,Very High,Divorced,2180.0,9731.999999999998,6.0,Y,No,11.0,Excellent,High,80.0,1.0,6.0,0.0,Good,4.0,2.0,1.0,2.0,No
1334,28.0,Travel_Frequently,783.0,Sales,1.0,College,Life Sciences,1.0,High,Male,42.0,Good,2.0,Sales Executive,Very High,Married,6834.000000000001,19255.0,1.0,Y,Yes,12.0,Excellent,High,80.0,1.0,7.0,2.0,Excellent,7.0,7.0,0.0,7.0,No
1335,24.0,Travel_Rarely,581.0,Research & Development,9.0,Bachelor,Medical,1.0,High,Male,62.0,Very High,1.0,Research Scientist,High,Married,4401.0,17616.0,1.0,Y,No,16.0,Excellent,Very High,80.0,1.0,5.0,1.0,Excellent,5.0,3.0,0.0,4.0,No
1336,36.0,Travel_Rarely,1157.0,Sales,2.0,Master,Life Sciences,1.0,High,Male,70.0,High,1.0,Sales Representative,Very High,Single,2643.9999999999995,17001.0,3.0,Y,Yes,21.0,Outstanding,Very High,80.0,0.0,7.0,3.0,Good,3.0,2.0,1.0,2.0,No
1337,40.0,Travel_Frequently,692.0,Research & Development,11.0,Bachelor,Technical Degree,1.0,Very High,Female,73.0,High,2.0,Laboratory Technician,High,Married,6323.000000000001,26848.999999999996,1.0,Y,No,11.0,Excellent,Low,80.0,1.0,10.0,2.0,Outstanding,10.0,9.0,9.0,4.0,No
1338,34.0,Travel_Rarely,810.0,Sales,8.0,College,Technical Degree,1.0,Good,Male,92.0,Very High,2.0,Sales Executive,High,Married,6799.0,22128.0,1.0,Y,No,21.0,Outstanding,High,80.0,2.0,10.0,5.0,Excellent,10.0,8.0,4.0,8.0,No
1339,37.0,Travel_Rarely,1239.0,Human Resources,8.0,College,Other,1.0,High,Male,89.0,High,2.0,Human Resources,Good,Divorced,4070.9999999999995,12832.0,2.0,Y,No,13.0,Excellent,High,80.0,0.0,19.0,4.0,Good,10.0,0.0,4.0,7.0,No
1340,20.0,Travel_Rarely,1141.0,Sales,2.0,Bachelor,Medical,1.0,High,Female,31.0,High,1.0,Sales Representative,High,Single,2783.0,13251.0,1.0,Y,No,19.0,Excellent,Low,80.0,0.0,2.0,3.0,Excellent,2.0,2.0,2.0,2.0,No
1341,43.0,Travel_Rarely,822.9999999999999,Research & Development,6.0,Bachelor,Medical,1.0,Low,Female,81.0,Good,5.0,Manager,High,Married,19391.999999999996,22539.0,7.0,Y,No,13.0,Excellent,Very High,80.0,0.0,21.0,2.0,Excellent,16.0,12.0,6.0,14.0,No
1342,32.0,Non-Travel,1146.0,Research & Development,15.0,Master,Medical,1.0,High,Female,34.0,High,2.0,Healthcare Representative,Very High,Divorced,6667.0,16542.0,5.0,Y,No,18.0,Excellent,Good,80.0,1.0,9.0,6.0,Excellent,5.0,1.0,1.0,2.0,No
1343,36.0,Travel_Rarely,1265.9999999999998,Sales,10.0,Master,Technical Degree,1.0,Good,Female,63.0,Good,2.0,Sales Executive,High,Married,5673.0,6060.0,1.0,Y,Yes,13.0,Excellent,Low,80.0,1.0,10.0,4.0,Excellent,10.0,9.0,1.0,7.0,No
1344,29.0,Travel_Rarely,726.0,Research & Development,29.0,Below College,Life Sciences,1.0,Very High,Male,93.0,Low,2.0,Healthcare Representative,High,Divorced,6384.0,21143.0,8.0,Y,No,17.0,Excellent,Very High,80.0,2.0,11.0,3.0,Excellent,7.0,0.0,1.0,6.0,No
1345,27.0,Travel_Rarely,1302.0,Research & Development,19.0,Bachelor,Other,1.0,Very High,Male,67.0,Good,1.0,Laboratory Technician,Low,Divorced,4066.0,16289.999999999998,1.0,Y,No,11.0,Excellent,Low,80.0,2.0,7.0,3.0,Excellent,7.0,7.0,0.0,7.0,No
1346,55.0,Travel_Rarely,189.0,Human Resources,26.0,Master,Human Resources,1.0,High,Male,71.0,Very High,5.0,Manager,Good,Married,19636.0,25811.0,4.0,Y,Yes,18.0,Excellent,Low,80.0,1.0,35.0,0.0,Excellent,10.0,9.0,1.0,4.0,No
1347,33.0,Travel_Rarely,1242.0,Sales,8.0,Master,Life Sciences,1.0,Low,Male,46.0,High,2.0,Sales Executive,Low,Married,6392.0,10588.999999999993,2.0,Y,No,13.0,Excellent,Very High,80.0,1.0,8.0,6.0,Low,2.0,2.0,2.0,2.0,No
1348,20.0,Travel_Rarely,727.0,Sales,9.0,Below College,Life Sciences,1.0,Very High,Male,54.0,High,1.0,Sales Representative,Low,Single,2728.0,21082.0,1.0,Y,No,11.0,Excellent,Low,80.0,0.0,2.0,3.0,Excellent,2.0,2.0,0.0,2.0,No
1349,38.0,Travel_Frequently,887.9999999999999,Human Resources,10.0,Master,Human Resources,1.0,High,Male,71.0,High,2.0,Human Resources,High,Married,6077.0,14813.999999999998,3.0,Y,No,11.0,Excellent,High,80.0,0.0,10.0,2.0,Excellent,6.0,3.0,1.0,2.0,No
1350,53.0,Non-Travel,661.0,Research & Development,1.0,Master,Medical,1.0,Low,Female,60.0,Good,4.0,Manufacturing Director,High,Married,12965.000000000025,22308.000000000007,4.0,Y,Yes,20.0,Outstanding,Very High,80.0,3.0,27.0,2.0,Good,3.0,2.0,0.0,2.0,No
1351,33.0,Travel_Rarely,217.0,Sales,10.0,Master,Marketing,1.0,Good,Male,43.0,High,2.0,Sales Executive,High,Single,5487.000000000001,10410.0,1.0,Y,No,14.0,Excellent,Good,80.0,0.0,10.0,2.0,Good,10.0,4.0,0.0,9.0,No
1352,42.0,Travel_Rarely,1396.0,Research & Development,6.0,Bachelor,Medical,1.0,High,Male,83.0,High,3.0,Research Director,Low,Married,13347.999999999995,14842.000000000002,9.0,Y,No,13.0,Excellent,Good,80.0,1.0,18.0,3.0,Outstanding,13.0,7.0,5.0,7.0,No
1353,30.0,Travel_Rarely,978.9999999999999,Sales,15.0,College,Marketing,1.0,High,Male,94.0,Good,3.0,Sales Executive,Low,Divorced,7140.000000000001,3088.0,2.0,Y,No,11.0,Excellent,Low,80.0,1.0,12.0,2.0,Excellent,7.0,7.0,1.0,7.0,No
1354,54.0,Travel_Frequently,1050.0,Research & Development,11.0,Master,Medical,1.0,Good,Female,87.0,High,4.0,Manager,Very High,Divorced,16031.999999999998,24456.0,3.0,Y,No,20.0,Outstanding,Low,80.0,1.0,26.0,2.0,Excellent,14.0,9.0,1.0,12.0,No
1355,49.0,Travel_Frequently,1064.0,Research & Development,2.0,Below College,Life Sciences,1.0,Good,Male,42.0,High,5.0,Research Director,Very High,Married,19161.000000000004,13738.0,3.0,Y,No,15.0,Excellent,Very High,80.0,0.0,28.0,3.0,Excellent,5.0,4.0,4.0,3.0,No
1356,26.0,Travel_Rarely,474.0,Research & Development,3.0,Bachelor,Life Sciences,1.0,Low,Female,89.0,High,1.0,Research Scientist,Very High,Married,2061.0000000000005,11133.0,1.0,Y,No,21.0,Outstanding,Low,80.0,0.0,1.0,5.0,Excellent,1.0,0.0,0.0,0.0,No
1357,24.0,Travel_Frequently,897.0,Human Resources,10.0,Bachelor,Medical,1.0,Low,Male,59.0,High,1.0,Human Resources,Very High,Married,2145.0,2097.0,0.0,Y,No,14.0,Excellent,Very High,80.0,1.0,3.0,2.0,Excellent,2.0,2.0,2.0,1.0,No
1358,34.0,Travel_Rarely,1239.0,Sales,13.0,Master,Medical,1.0,Very High,Male,39.0,High,3.0,Sales Executive,High,Divorced,8627.999999999998,22914.0,1.0,Y,No,18.0,Excellent,High,80.0,1.0,9.0,2.0,Good,8.0,7.0,1.0,1.0,No
1359,40.0,Travel_Rarely,1137.0,Research & Development,1.0,Master,Life Sciences,1.0,Low,Male,98.0,High,4.0,Manager,Low,Divorced,16823.0,18991.000000000004,2.0,Y,No,11.0,Excellent,Low,80.0,1.0,22.0,3.0,Excellent,19.0,7.0,11.0,16.000000000000007,No
1360,27.0,Travel_Rarely,1354.0,Research & Development,2.0,Master,Technical Degree,1.0,Good,Male,41.0,High,1.0,Research Scientist,Good,Married,2226.0,6073.000000000002,1.0,Y,No,11.0,Excellent,High,80.0,1.0,6.0,3.0,Good,5.0,3.0,1.0,2.0,No
1361,39.0,Travel_Rarely,612.9999999999997,Research & Development,6.0,Below College,Medical,1.0,Very High,Male,42.0,Good,3.0,Healthcare Representative,Low,Married,9991.0,21457.0,4.0,Y,No,15.0,Excellent,Low,80.0,1.0,9.0,5.0,Excellent,7.0,7.0,1.0,7.0,No
1362,47.0,Travel_Rarely,1180.0,Research & Development,25.0,Bachelor,Medical,1.0,Low,Male,84.0,High,3.0,Healthcare Representative,High,Single,8633.0,13084.0,2.0,Y,No,23.0,Outstanding,Good,80.0,0.0,25.0,3.0,Excellent,17.0,14.0,12.0,11.0,No
1363,35.0,Travel_Rarely,763.0000000000001,Sales,15.0,College,Medical,1.0,Low,Male,59.0,Low,2.0,Sales Executive,Very High,Divorced,5439.999999999999,22098.0,6.0,Y,Yes,14.0,Excellent,Very High,80.0,2.0,7.0,2.0,Good,2.0,2.0,2.0,2.0,No
1364,35.0,Travel_Rarely,682.0,Sales,18.0,Master,Medical,1.0,Good,Male,71.0,High,2.0,Sales Executive,Low,Married,5561.000000000002,15975.0,0.0,Y,No,16.0,Excellent,Very High,80.0,1.0,6.0,2.0,Low,5.0,3.0,0.0,4.0,No
1365,36.0,Travel_Frequently,1302.0,Research & Development,6.0,Master,Life Sciences,1.0,Low,Male,80.0,Very High,2.0,Laboratory Technician,Low,Married,5562.0,19711.0,3.0,Y,Yes,13.0,Excellent,Very High,80.0,1.0,9.0,3.0,Excellent,3.0,2.0,0.0,2.0,No
1366,36.0,Travel_Rarely,1350.9999999999998,Research & Development,26.0,Master,Life Sciences,1.0,Low,Male,80.0,High,2.0,Healthcare Representative,High,Married,5347.0,7419.000000000001,6.0,Y,No,14.0,Excellent,Good,80.0,2.0,10.0,2.0,Good,3.0,2.0,0.0,2.0,No
1367,30.0,Travel_Rarely,740.0,Sales,1.0,Bachelor,Life Sciences,1.0,Good,Male,64.0,Good,2.0,Sales Executive,Low,Married,9714.0,5322.999999999998,1.0,Y,No,11.0,Excellent,Very High,80.0,1.0,10.0,4.0,Excellent,10.0,8.0,6.0,7.0,No
1368,22.0,Travel_Rarely,391.0,Research & Development,7.0,Below College,Life Sciences,1.0,Very High,Male,75.0,High,1.0,Research Scientist,Good,Single,2472.000000000001,26092.0,1.0,Y,Yes,23.0,Outstanding,Low,80.0,0.0,1.0,2.0,Excellent,1.0,0.0,0.0,0.0,Yes
1369,45.0,Non-Travel,336.00000000000006,Sales,26.0,Bachelor,Marketing,1.0,Low,Male,52.0,Good,2.0,Sales Executive,Low,Married,4385.0,24162.0,1.0,Y,No,15.0,Excellent,Low,80.0,1.0,10.0,2.0,Excellent,10.0,7.0,4.0,5.0,No
1370,33.0,Travel_Rarely,500.99999999999983,Research & Development,15.0,College,Medical,1.0,Good,Female,95.0,High,2.0,Healthcare Representative,Very High,Married,4878.0,21653.0,0.0,Y,Yes,13.0,Excellent,Low,80.0,1.0,10.0,6.0,Excellent,9.0,7.0,8.0,1.0,No
1371,35.0,Travel_Rarely,1146.0,Human Resources,26.0,Master,Life Sciences,1.0,High,Female,31.0,High,3.0,Human Resources,Very High,Single,8837.0,16642.0,1.0,Y,Yes,16.0,Excellent,High,80.0,0.0,9.0,2.0,Excellent,9.0,0.0,1.0,7.0,No
1372,36.0,Travel_Rarely,1456.0,Sales,13.0,Doctor,Marketing,1.0,Good,Male,96.0,Good,2.0,Sales Executive,Low,Divorced,6134.0,8657.999999999993,5.0,Y,Yes,13.0,Excellent,Good,80.0,3.0,16.0,3.0,Excellent,2.0,2.0,2.0,2.0,No
1373,34.0,Travel_Rarely,936.9999999999999,Sales,1.0,Bachelor,Marketing,1.0,Low,Male,32.0,High,3.0,Sales Executive,Very High,Single,9887.999999999998,6770.0,1.0,Y,No,21.0,Outstanding,Low,80.0,0.0,14.0,3.0,Good,14.0,8.0,2.0,1.0,No
1374,42.0,Travel_Rarely,855.0,Research & Development,12.0,Bachelor,Medical,1.0,Good,Male,57.0,High,1.0,Laboratory Technician,Good,Divorced,2765.9999999999995,8952.0,8.0,Y,No,22.0,Outstanding,Good,80.0,3.0,7.0,6.0,Good,5.0,3.0,0.0,4.0,No
1375,36.0,Travel_Rarely,530.0,Sales,2.0,Master,Life Sciences,1.0,High,Female,51.0,High,2.0,Sales Representative,Very High,Single,4502.0,7438.9999999999945,3.0,Y,No,15.0,Excellent,High,80.0,0.0,17.0,2.0,Good,13.0,7.0,6.0,7.0,No
1376,30.0,Travel_Rarely,1288.0000000000002,Sales,29.0,Master,Technical Degree,1.0,High,Male,33.0,High,3.0,Sales Executive,Good,Married,9250.000000000011,17799.0,3.0,Y,No,12.0,Excellent,Good,80.0,1.0,9.0,3.0,Excellent,4.0,2.0,1.0,3.0,No
1377,29.0,Travel_Frequently,746.0,Sales,24.0,Bachelor,Technical Degree,1.0,High,Male,45.0,Very High,1.0,Sales Representative,Low,Single,1091.0000000000005,10642.000000000002,1.0,Y,No,17.0,Excellent,Very High,80.0,0.0,1.0,3.0,Excellent,1.0,0.0,0.0,0.0,Yes
1378,40.0,Travel_Rarely,543.0,Research & Development,1.0,Master,Life Sciences,1.0,Low,Male,83.0,High,1.0,Laboratory Technician,Very High,Married,2405.999999999999,4060.000000000002,8.0,Y,No,19.0,Excellent,High,80.0,2.0,8.0,3.0,Good,1.0,0.0,0.0,0.0,No
1379,46.0,Non-Travel,849.0,Sales,26.0,College,Life Sciences,1.0,Good,Male,98.0,Good,2.0,Sales Executive,Good,Single,7991.000000000002,25166.0,8.0,Y,No,15.0,Excellent,High,80.0,0.0,6.0,3.0,Excellent,2.0,2.0,2.0,2.0,Yes
1380,22.0,Travel_Rarely,1293.9999999999998,Research & Development,8.0,Below College,Medical,1.0,High,Female,79.0,High,1.0,Laboratory Technician,Low,Married,2398.000000000001,15999.0,1.0,Y,Yes,17.0,Excellent,High,80.0,0.0,1.0,6.0,Excellent,1.0,0.0,0.0,0.0,Yes
1381,45.0,Travel_Rarely,950.0,Research & Development,28.0,Bachelor,Technical Degree,1.0,Very High,Male,97.0,High,1.0,Research Scientist,Very High,Married,2131.9999999999995,4585.000000000007,4.0,Y,No,20.0,Outstanding,Very High,80.0,1.0,8.0,3.0,Excellent,5.0,4.0,0.0,3.0,No
1382,28.0,Non-Travel,1103.0,Research & Development,16.0,Bachelor,Medical,1.0,High,Male,49.0,High,1.0,Research Scientist,High,Single,2144.0,2122.0,1.0,Y,No,14.0,Excellent,High,80.0,0.0,5.0,3.0,Good,5.0,3.0,1.0,4.0,No
1383,28.0,Travel_Rarely,1181.0,Research & Development,1.0,Bachelor,Life Sciences,1.0,High,Male,82.0,High,1.0,Research Scientist,Very High,Married,2044.0,5531.0,1.0,Y,No,11.0,Excellent,High,80.0,1.0,5.0,6.0,Outstanding,5.0,3.0,0.0,3.0,No
1384,39.0,Travel_Rarely,1253.0,Research & Development,10.0,Below College,Medical,1.0,High,Male,65.0,High,3.0,Research Director,High,Single,13464.0,7914.000000000002,7.0,Y,No,21.0,Outstanding,High,80.0,0.0,9.0,3.0,Excellent,4.0,3.0,2.0,2.0,No
1385,32.0,Non-Travel,1200.0,Research & Development,1.0,Master,Technical Degree,1.0,Very High,Male,62.0,High,2.0,Research Scientist,Low,Married,4087.0,25174.0,4.0,Y,No,14.0,Excellent,Good,80.0,1.0,9.0,3.0,Good,6.0,5.0,1.0,2.0,No
1386,35.0,Travel_Rarely,185.0,Research & Development,23.0,Master,Medical,1.0,Good,Male,91.0,Low,1.0,Laboratory Technician,High,Married,2704.9999999999995,9696.0,0.0,Y,No,16.0,Excellent,Good,80.0,1.0,6.0,2.0,Outstanding,5.0,4.0,0.0,3.0,No
1387,36.0,Travel_Rarely,1383.0000000000002,Research & Development,10.0,Bachelor,Life Sciences,1.0,Very High,Male,90.0,High,3.0,Healthcare Representative,Low,Married,8320.999999999995,25949.0,7.0,Y,Yes,13.0,Excellent,Very High,80.0,1.0,15.0,1.0,Excellent,12.0,8.0,5.0,7.0,No
1388,40.0,Travel_Rarely,1329.0,Research & Development,7.0,Bachelor,Life Sciences,1.0,Low,Male,73.0,High,1.0,Laboratory Technician,Low,Single,2166.0,3339.0,3.0,Y,Yes,14.0,Excellent,Good,80.0,0.0,10.0,3.0,Low,4.0,2.0,0.0,3.0,Yes
1389,34.0,Travel_Rarely,735.0000000000001,Sales,3.0,Below College,Medical,1.0,Very High,Female,75.0,Good,2.0,Sales Executive,Very High,Married,8102.999999999998,16495.0,3.0,Y,Yes,12.0,Excellent,High,80.0,0.0,9.0,3.0,Good,4.0,2.0,0.0,1.0,No
1390,54.0,Travel_Rarely,155.0,Research & Development,9.0,College,Life Sciences,1.0,Low,Female,67.0,High,2.0,Research Scientist,High,Married,2897.0,22474.0,3.0,Y,No,11.0,Excellent,High,80.0,2.0,9.0,6.0,Good,4.0,3.0,2.0,3.0,No
1391,32.0,Travel_Frequently,237.99999999999977,Research & Development,5.0,College,Life Sciences,1.0,Low,Female,47.0,Very High,1.0,Research Scientist,High,Single,2432.000000000001,15318.000000000002,3.0,Y,Yes,14.0,Excellent,Low,80.0,0.0,8.0,2.0,Excellent,4.0,1.0,0.0,3.0,Yes
1392,35.0,Travel_Rarely,992.0,Research & Development,1.0,Bachelor,Medical,1.0,Very High,Male,68.0,Good,1.0,Laboratory Technician,Low,Single,2450.000000000002,21731.0,1.0,Y,No,19.0,Excellent,Good,80.0,0.0,3.0,3.0,Excellent,3.0,0.0,1.0,2.0,No
1393,32.0,Travel_Rarely,494.9999999999999,Research & Development,10.0,Bachelor,Medical,1.0,High,Male,64.0,High,3.0,Manager,Very High,Single,11243.99999999999,21072.0,2.0,Y,No,25.0,Outstanding,Good,80.0,0.0,10.0,5.0,Outstanding,5.0,2.0,0.0,0.0,No
1394,35.0,Travel_Rarely,1224.0,Sales,7.0,Master,Life Sciences,1.0,High,Female,55.0,High,2.0,Sales Executive,Very High,Married,5204.000000000001,13586.0,1.0,Y,Yes,11.0,Excellent,Very High,80.0,0.0,10.0,2.0,Excellent,10.0,8.0,0.0,9.0,No
1395,43.0,Travel_Rarely,1179.0,Sales,2.0,Bachelor,Medical,1.0,Very High,Male,73.0,High,2.0,Sales Executive,Very High,Married,7847.0,6069.000000000003,1.0,Y,Yes,17.0,Excellent,Low,80.0,1.0,10.0,3.0,Excellent,10.0,9.0,8.0,8.0,No
1396,32.0,Non-Travel,953.0000000000001,Research & Development,5.0,Master,Technical Degree,1.0,Good,Male,65.0,High,1.0,Research Scientist,Good,Single,2718.0,17674.0,2.0,Y,No,14.0,Excellent,Good,80.0,0.0,12.0,3.0,Excellent,7.0,7.0,0.0,7.0,No
1397,31.0,Travel_Frequently,754.0000000000001,Sales,26.0,Master,Marketing,1.0,Low,Male,63.0,High,2.0,Sales Executive,Very High,Married,5616.999999999999,21075.0,1.0,Y,Yes,11.0,Excellent,High,80.0,0.0,10.0,4.0,Excellent,10.0,7.0,0.0,8.0,No
1398,31.0,Non-Travel,697.0,Research & Development,10.0,Bachelor,Medical,1.0,High,Female,40.0,High,3.0,Research Director,High,Married,11031.0,26862.0,4.0,Y,No,20.0,Outstanding,High,80.0,1.0,13.0,2.0,Outstanding,11.0,7.0,4.0,8.0,No
1399,31.0,Travel_Rarely,311.0,Research & Development,20.0,Bachelor,Life Sciences,1.0,Good,Male,89.0,High,2.0,Laboratory Technician,High,Divorced,4197.0,18624.0,1.0,Y,No,11.0,Excellent,Low,80.0,1.0,10.0,2.0,Excellent,10.0,8.0,0.0,2.0,No
1400,50.0,Travel_Frequently,878.0000000000001,Sales,1.0,Master,Life Sciences,1.0,Good,Male,94.0,High,2.0,Sales Executive,High,Divorced,6727.999999999998,14255.000000000004,7.0,Y,No,12.0,Excellent,Very High,80.0,2.0,12.0,3.0,Excellent,6.0,3.0,0.0,1.0,No
1401,31.0,Travel_Rarely,1276.0,Research & Development,2.0,Below College,Medical,1.0,Very High,Female,59.0,Low,1.0,Laboratory Technician,Very High,Divorced,1129.0,17536.0,1.0,Y,Yes,11.0,Excellent,High,80.0,3.0,1.0,4.0,Excellent,1.0,0.0,0.0,0.0,No
1402,29.0,Travel_Frequently,459.0,Research & Development,24.0,College,Life Sciences,1.0,Very High,Male,73.0,Good,1.0,Research Scientist,Very High,Single,2439.000000000001,14753.000000000002,1.0,Y,Yes,24.0,Outstanding,Good,80.0,0.0,1.0,3.0,Good,1.0,0.0,1.0,0.0,Yes
1403,54.0,Travel_Rarely,431.0,Research & Development,7.0,Master,Medical,1.0,Very High,Female,68.0,High,2.0,Research Scientist,Very High,Married,6854.0,15696.0,4.0,Y,No,15.0,Excellent,Good,80.0,1.0,14.0,2.0,Good,7.0,1.0,1.0,7.0,No
1404,39.0,Non-Travel,104.99999999999989,Research & Development,9.0,Bachelor,Life Sciences,1.0,Very High,Male,87.0,High,5.0,Manager,Very High,Single,19431.0,15302.000000000002,2.0,Y,No,13.0,Excellent,High,80.0,0.0,21.0,3.0,Good,6.0,0.0,1.0,3.0,No
1405,27.0,Travel_Rarely,954.0,Sales,9.0,Bachelor,Marketing,1.0,Very High,Male,44.0,High,2.0,Sales Executive,Very High,Single,4105.0,5099.0,1.0,Y,No,14.0,Excellent,Low,80.0,0.0,7.0,5.0,Excellent,7.0,7.0,0.0,7.0,No
1406,27.0,Travel_Frequently,1297.0,Research & Development,5.0,College,Life Sciences,1.0,Very High,Female,53.0,High,1.0,Laboratory Technician,Very High,Single,2379.0,19826.0,0.0,Y,Yes,14.0,Excellent,High,80.0,0.0,6.0,3.0,Good,5.0,4.0,0.0,2.0,No
1407,55.0,Travel_Rarely,478.0,Research & Development,2.0,Bachelor,Medical,1.0,High,Male,60.0,Good,5.0,Research Director,Low,Married,19038.0,19805.000000000004,8.0,Y,No,12.0,Excellent,Good,80.0,3.0,34.0,2.0,Excellent,1.0,0.0,0.0,0.0,No
1408,55.0,Travel_Rarely,685.0,Sales,26.0,Doctor,Marketing,1.0,High,Male,60.0,Good,5.0,Manager,Very High,Married,19586.0,23037.000000000004,1.0,Y,No,21.0,Outstanding,High,80.0,1.0,36.0,3.0,Excellent,36.00000000000006,6.0,2.0,13.0,No
1409,35.0,Non-Travel,1180.0,Research & Development,2.0,College,Medical,1.0,Good,Male,90.0,High,2.0,Manufacturing Director,Very High,Divorced,5762.0,24442.0,2.0,Y,No,14.0,Excellent,High,80.0,1.0,15.0,6.0,Excellent,7.0,7.0,1.0,7.0,No
1410,29.0,Travel_Rarely,427.99999999999994,Sales,9.0,Bachelor,Marketing,1.0,Good,Female,52.0,Low,1.0,Sales Representative,Good,Single,2760.0,14629.999999999998,1.0,Y,No,13.0,Excellent,High,80.0,0.0,2.0,3.0,Excellent,2.0,2.0,2.0,2.0,Yes
1411,29.0,Travel_Rarely,590.0,Research & Development,4.0,Bachelor,Technical Degree,1.0,Very High,Female,91.0,Good,1.0,Research Scientist,Low,Divorced,2109.0,10007.0,1.0,Y,No,13.0,Excellent,High,80.0,1.0,1.0,2.0,Excellent,1.0,0.0,0.0,0.0,No
1412,43.0,Travel_Frequently,807.0,Research & Development,17.0,Bachelor,Technical Degree,1.0,High,Male,38.0,Good,1.0,Research Scientist,High,Married,2437.0,15587.000000000002,9.0,Y,Yes,16.0,Excellent,Very High,80.0,1.0,6.0,4.0,Excellent,1.0,0.0,0.0,0.0,Yes
1413,29.0,Travel_Frequently,460.99999999999994,Research & Development,1.0,Bachelor,Life Sciences,1.0,Very High,Male,70.0,Very High,2.0,Healthcare Representative,High,Single,6294.000000000002,23059.999999999993,8.0,Y,Yes,12.0,Excellent,Very High,80.0,0.0,10.0,5.0,Outstanding,3.0,2.0,0.0,2.0,No
1414,38.0,Non-Travel,1336.0,Human Resources,2.0,Bachelor,Human Resources,1.0,Low,Male,100.0,High,1.0,Human Resources,Good,Divorced,2592.0,7128.999999999998,5.0,Y,No,13.0,Excellent,Very High,80.0,3.0,13.0,3.0,Excellent,11.0,10.0,3.0,8.0,No
1415,36.0,Travel_Rarely,559.0,Research & Development,12.0,Master,Life Sciences,1.0,High,Female,76.0,High,2.0,Manufacturing Director,High,Married,4663.0,12421.0,9.0,Y,Yes,12.0,Excellent,Good,80.0,2.0,7.0,2.0,Excellent,3.0,2.0,1.0,1.0,No
1416,51.0,Travel_Rarely,942.0000000000001,Research & Development,3.0,Bachelor,Technical Degree,1.0,Low,Female,53.0,High,3.0,Manager,High,Married,13115.999999999987,22984.0,2.0,Y,No,11.0,Excellent,Very High,80.0,0.0,15.0,2.0,Excellent,2.0,2.0,2.0,2.0,No
1417,34.0,Travel_Frequently,653.0,Research & Development,10.0,Master,Technical Degree,1.0,Very High,Male,92.0,Good,2.0,Healthcare Representative,High,Married,5063.0,15332.0,1.0,Y,No,14.0,Excellent,Good,80.0,1.0,8.0,3.0,Good,8.0,2.0,7.0,7.0,No
1418,49.0,Travel_Frequently,1023.0000000000005,Sales,2.0,Bachelor,Medical,1.0,Very High,Male,63.0,Good,2.0,Sales Executive,Good,Married,5390.0,13243.0,2.0,Y,No,14.0,Excellent,Very High,80.0,0.0,17.0,3.0,Good,9.0,6.0,0.0,8.0,No
1419,50.0,Travel_Frequently,333.00000000000006,Research & Development,22.0,Doctor,Medical,1.0,High,Male,88.0,Low,4.0,Research Director,Very High,Single,14410.999999999985,24450.0,1.0,Y,Yes,13.0,Excellent,Very High,80.0,0.0,32.0,2.0,Excellent,32.0,6.0,13.0,9.0,No
1420,32.0,Travel_Rarely,267.0,Research & Development,29.0,Master,Life Sciences,1.0,High,Female,49.0,Good,1.0,Laboratory Technician,Good,Single,2837.0,15919.000000000002,1.0,Y,No,13.0,Excellent,High,80.0,0.0,6.0,3.0,Excellent,6.0,2.0,4.0,1.0,No
1421,48.0,Travel_Frequently,364.99999999999994,Research & Development,4.0,Doctor,Medical,1.0,High,Male,89.0,Good,4.0,Manager,Very High,Married,15202.000000000045,5602.0,2.0,Y,No,25.0,Outstanding,Good,80.0,1.0,23.0,3.0,Excellent,2.0,2.0,2.0,2.0,No
1422,40.0,Non-Travel,1142.0,Research & Development,8.0,College,Life Sciences,1.0,Very High,Male,72.0,High,2.0,Healthcare Representative,Very High,Divorced,4068.9999999999995,8841.0,3.0,Y,Yes,18.0,Excellent,High,80.0,0.0,8.0,2.0,Excellent,2.0,2.0,2.0,2.0,No
1423,42.0,Non-Travel,335.0,Research & Development,23.0,College,Life Sciences,1.0,Very High,Male,37.0,Good,2.0,Research Scientist,High,Single,4332.0,14811.0,1.0,Y,No,12.0,Excellent,Very High,80.0,0.0,20.0,2.0,Excellent,20.0,9.0,3.0,7.0,No
1424,32.0,Travel_Frequently,585.0,Research & Development,10.0,Bachelor,Life Sciences,1.0,Low,Male,56.0,High,1.0,Research Scientist,High,Married,3432.9999999999995,17360.0,6.0,Y,No,13.0,Excellent,Low,80.0,1.0,10.0,3.0,Good,5.0,2.0,1.0,3.0,No
1425,43.0,Travel_Frequently,1422.0,Sales,2.0,Master,Life Sciences,1.0,Low,Male,92.0,High,2.0,Sales Executive,Very High,Married,5675.0,19246.0,1.0,Y,No,20.0,Outstanding,High,80.0,1.0,7.0,5.0,Excellent,7.0,7.0,7.0,7.0,No
1426,26.0,Travel_Rarely,482.0,Research & Development,1.0,College,Life Sciences,1.0,Good,Female,90.0,Good,1.0,Research Scientist,High,Married,2933.0,14907.999999999998,1.0,Y,Yes,13.0,Excellent,High,80.0,1.0,1.0,3.0,Good,1.0,0.0,1.0,0.0,Yes
1427,38.0,Travel_Rarely,903.0000000000001,Research & Development,2.0,Bachelor,Medical,1.0,High,Male,81.0,High,2.0,Manufacturing Director,Good,Married,4855.0,7652.999999999999,4.0,Y,No,11.0,Excellent,Low,80.0,2.0,7.0,2.0,Excellent,5.0,2.0,1.0,4.0,No
1428,27.0,Travel_Rarely,155.0,Research & Development,4.0,Bachelor,Life Sciences,1.0,Good,Male,87.0,Very High,2.0,Manufacturing Director,Good,Married,6142.0,5174.000000000002,1.0,Y,Yes,20.0,Outstanding,Good,80.0,1.0,6.0,0.0,Excellent,6.0,2.0,0.0,3.0,No
1429,32.0,Travel_Rarely,234.0000000000001,Sales,1.0,Master,Medical,1.0,Good,Male,68.0,Good,1.0,Sales Representative,Good,Married,2269.0,18024.000000000004,0.0,Y,No,14.0,Excellent,Good,80.0,1.0,3.0,2.0,Excellent,2.0,2.0,2.0,2.0,No
1430,30.0,Travel_Rarely,945.0,Sales,9.0,Bachelor,Medical,1.0,Good,Male,89.0,High,1.0,Sales Representative,Very High,Single,1081.0,16019.000000000002,1.0,Y,No,13.0,Excellent,High,80.0,0.0,1.0,3.0,Good,1.0,0.0,0.0,0.0,Yes
1431,31.0,Travel_Rarely,195.9999999999999,Sales,29.0,Master,Marketing,1.0,Low,Female,91.0,Good,2.0,Sales Executive,Very High,Married,5468.0,13402.0,1.0,Y,No,14.0,Excellent,Low,80.0,2.0,13.0,3.0,Excellent,12.0,7.0,5.0,7.0,No
1432,44.0,Travel_Frequently,428.9999999999999,Research & Development,1.0,College,Medical,1.0,High,Male,99.0,High,1.0,Research Scientist,Good,Divorced,2342.0,11092.0,1.0,Y,Yes,12.0,Excellent,High,80.0,3.0,6.0,2.0,Good,5.0,3.0,2.0,3.0,No
1433,38.0,Travel_Frequently,508.00000000000006,Research & Development,6.0,Master,Life Sciences,1.0,Low,Male,72.0,Good,2.0,Manufacturing Director,High,Married,5321.0,14284.000000000002,2.0,Y,No,11.0,Excellent,Very High,80.0,1.0,10.0,1.0,Excellent,8.0,3.0,7.0,7.0,No
1434,44.0,Travel_Rarely,136.0,Research & Development,28.0,Bachelor,Life Sciences,1.0,Very High,Male,32.0,High,4.0,Research Director,Low,Married,16327.999999999985,22074.0,3.0,Y,No,13.0,Excellent,High,80.0,1.0,24.0,1.0,Outstanding,20.0,6.0,14.0,17.0,No
1435,43.0,Travel_Rarely,1291.0000000000002,Research & Development,15.0,College,Life Sciences,1.0,High,Male,65.0,Good,4.0,Research Director,High,Married,17602.999999999993,3524.999999999998,1.0,Y,No,24.0,Outstanding,Low,80.0,1.0,14.0,3.0,Excellent,14.0,10.0,6.0,11.0,No
1436,33.0,Travel_Rarely,210.9999999999999,Sales,16.0,Bachelor,Life Sciences,1.0,Low,Female,74.0,High,3.0,Sales Executive,Low,Single,8564.000000000002,10092.0,2.0,Y,Yes,20.0,Outstanding,High,80.0,0.0,11.0,2.0,Good,0.0,0.0,0.0,0.0,Yes
1437,42.0,Travel_Rarely,1210.0,Research & Development,2.0,Bachelor,Medical,1.0,High,Male,68.0,Good,1.0,Laboratory Technician,Good,Married,4841.0,24051.999999999993,4.0,Y,No,14.0,Excellent,Good,80.0,1.0,4.0,3.0,Excellent,1.0,0.0,0.0,0.0,No
1438,36.0,Travel_Rarely,430.00000000000006,Research & Development,2.0,Master,Other,1.0,Very High,Female,73.0,High,2.0,Research Scientist,Good,Married,6962.000000000002,19573.0,4.0,Y,Yes,22.0,Outstanding,Very High,80.0,1.0,15.0,2.0,Excellent,1.0,0.0,0.0,0.0,No
1439,21.0,Travel_Rarely,546.0,Research & Development,5.0,Below College,Medical,1.0,High,Male,97.0,High,1.0,Research Scientist,Very High,Single,3116.9999999999986,26009.0,1.0,Y,No,18.0,Excellent,High,80.0,0.0,3.0,2.0,Excellent,2.0,2.0,2.0,2.0,No
1440,38.0,Travel_Rarely,833.0000000000001,Research & Development,18.0,Bachelor,Medical,1.0,Good,Male,60.0,Low,2.0,Healthcare Representative,Very High,Married,5810.999999999999,24539.0,3.0,Y,Yes,16.0,Excellent,High,80.0,1.0,15.0,2.0,Excellent,1.0,0.0,1.0,0.0,No
1441,38.0,Travel_Frequently,148.0000000000001,Research & Development,2.0,Bachelor,Medical,1.0,Very High,Female,42.0,Good,1.0,Laboratory Technician,Good,Single,2440.0000000000005,23826.0,1.0,Y,No,22.0,Outstanding,Good,80.0,0.0,4.0,3.0,Excellent,4.0,3.0,3.0,3.0,No
1442,32.0,Travel_Rarely,414.0,Sales,2.0,Master,Marketing,1.0,High,Male,82.0,Good,2.0,Sales Executive,Good,Single,9907.000000000004,26186.0,7.0,Y,Yes,12.0,Excellent,High,80.0,0.0,7.0,3.0,Good,2.0,2.0,2.0,2.0,Yes
1443,34.0,Travel_Frequently,234.0000000000001,Research & Development,9.0,Master,Life Sciences,1.0,Very High,Male,93.0,High,2.0,Laboratory Technician,Low,Married,5346.0,6208.000000000001,4.0,Y,No,17.0,Excellent,High,80.0,1.0,11.0,3.0,Good,7.0,1.0,0.0,7.0,No
1444,38.0,Travel_Frequently,1394.0,Research & Development,8.0,Bachelor,Medical,1.0,Very High,Female,58.0,Good,2.0,Research Scientist,Good,Divorced,2133.0,18115.0,1.0,Y,Yes,16.0,Excellent,High,80.0,1.0,20.0,3.0,Excellent,20.0,11.0,0.0,7.0,No
1445,34.0,Travel_Rarely,1350.9999999999998,Research & Development,1.0,Master,Life Sciences,1.0,Good,Male,45.0,High,2.0,Research Scientist,Very High,Married,5484.0,13008.0,9.0,Y,No,17.0,Excellent,Good,80.0,1.0,9.0,3.0,Good,2.0,2.0,2.0,1.0,No
1446,35.0,Travel_Rarely,1369.9999999999998,Research & Development,27.0,Master,Life Sciences,1.0,Very High,Male,49.0,High,2.0,Manufacturing Director,High,Married,6883.0,5150.999999999996,2.0,Y,No,16.0,Excellent,Good,80.0,1.0,17.0,3.0,Excellent,7.0,7.0,0.0,7.0,No
1447,27.0,Travel_Rarely,510.99999999999994,Sales,2.0,College,Medical,1.0,Low,Female,89.0,Very High,2.0,Sales Executive,High,Single,6500.0,26997.0,0.0,Y,No,14.0,Excellent,Good,80.0,0.0,9.0,5.0,Good,8.0,7.0,0.0,7.0,No
1448,27.0,Travel_Rarely,485.99999999999994,Research & Development,8.0,Bachelor,Medical,1.0,Good,Female,86.0,Very High,1.0,Research Scientist,High,Married,3517.0,22490.0,7.0,Y,No,17.0,Excellent,Low,80.0,0.0,5.0,0.0,Excellent,3.0,2.0,0.0,2.0,No
1449,33.0,Non-Travel,1283.0,Sales,2.0,Bachelor,Marketing,1.0,Very High,Female,62.0,High,2.0,Sales Executive,Good,Single,5147.0,10697.000000000002,8.0,Y,No,15.0,Excellent,Very High,80.0,0.0,13.0,2.0,Good,11.0,7.0,1.0,7.0,No
1450,28.0,Travel_Rarely,1083.0,Research & Development,29.0,Below College,Life Sciences,1.0,High,Male,96.0,Low,2.0,Manufacturing Director,Good,Married,6548.999999999999,3173.0,1.0,Y,No,14.0,Excellent,Good,80.0,2.0,8.0,2.0,Good,8.0,6.0,1.0,7.0,No
1451,35.0,Travel_Rarely,1401.9999999999998,Sales,28.0,Master,Life Sciences,1.0,Good,Female,98.0,Good,1.0,Sales Representative,High,Married,2430.000000000001,26203.999999999996,0.0,Y,No,23.0,Outstanding,Low,80.0,2.0,6.0,5.0,Excellent,5.0,3.0,4.0,2.0,No
1452,47.0,Travel_Rarely,1225.0,Sales,2.0,Master,Life Sciences,1.0,Good,Female,47.0,Very High,4.0,Manager,Good,Divorced,15972.000000000007,21086.0,6.0,Y,No,14.0,Excellent,High,80.0,3.0,29.0,2.0,Excellent,3.0,2.0,1.0,2.0,No
1453,36.0,Non-Travel,1350.9999999999998,Research & Development,9.0,Master,Life Sciences,1.0,Low,Male,66.0,Very High,1.0,Laboratory Technician,Good,Married,2810.0,9238.0,1.0,Y,No,22.0,Outstanding,Good,80.0,0.0,5.0,3.0,Excellent,5.0,4.0,0.0,2.0,No
1454,33.0,Travel_Rarely,267.0,Research & Development,21.0,Bachelor,Medical,1.0,Good,Male,79.0,Very High,1.0,Laboratory Technician,Good,Married,2028.0,13637.000000000004,1.0,Y,No,18.0,Excellent,Very High,80.0,3.0,14.0,6.0,Excellent,14.0,11.0,2.0,13.0,No
1455,33.0,Non-Travel,530.0,Sales,16.0,Bachelor,Life Sciences,1.0,High,Female,36.0,High,2.0,Sales Executive,Very High,Divorced,5368.000000000001,16129.999999999998,1.0,Y,Yes,25.0,Outstanding,High,80.0,1.0,7.0,2.0,Excellent,6.0,5.0,1.0,2.0,No
1456,39.0,Travel_Rarely,1462.0,Sales,6.0,Bachelor,Medical,1.0,Very High,Male,38.0,Very High,3.0,Sales Executive,High,Married,8236.999999999998,4658.0,2.0,Y,No,11.0,Excellent,Low,80.0,1.0,11.0,3.0,Excellent,7.0,6.0,7.0,6.0,No
1457,49.0,Travel_Rarely,1313.0,Sales,11.0,Master,Marketing,1.0,Very High,Female,80.0,High,2.0,Sales Executive,Very High,Single,4507.0,8191.000000000003,3.0,Y,No,12.0,Excellent,High,80.0,0.0,8.0,1.0,Outstanding,5.0,1.0,0.0,4.0,No
1458,34.0,Travel_Rarely,1440.0,Sales,7.0,College,Technical Degree,1.0,Good,Male,55.0,High,1.0,Sales Representative,High,Married,2307.9999999999995,4944.000000000002,0.0,Y,Yes,25.0,Outstanding,Good,80.0,1.0,12.0,4.0,Excellent,11.0,10.0,5.0,7.0,No
1459,39.0,Travel_Rarely,491.99999999999983,Research & Development,12.0,Bachelor,Medical,1.0,Very High,Male,66.0,High,2.0,Manufacturing Director,Good,Married,5294.999999999999,7693.0,4.0,Y,No,21.0,Outstanding,High,80.0,0.0,7.0,3.0,Excellent,5.0,4.0,1.0,0.0,No
1460,48.0,Travel_Rarely,1224.0,Research & Development,10.0,Bachelor,Life Sciences,1.0,Very High,Male,91.0,Good,5.0,Research Director,Good,Married,19665.0,13583.0,4.0,Y,No,12.0,Excellent,Very High,80.0,0.0,29.0,3.0,Excellent,22.0,10.0,12.0,9.0,No
1461,41.0,Travel_Rarely,918.0000000000001,Sales,6.0,Bachelor,Marketing,1.0,Very High,Male,35.0,High,3.0,Sales Executive,High,Single,9241.0,15869.0,1.0,Y,No,12.0,Excellent,Good,80.0,0.0,10.0,3.0,Excellent,10.0,8.0,8.0,7.0,No
1462,40.0,Travel_Rarely,898.0,Human Resources,6.0,College,Medical,1.0,High,Male,38.0,High,4.0,Manager,Very High,Single,16437.000000000004,17381.0,1.0,Y,Yes,21.0,Outstanding,Very High,80.0,0.0,21.0,2.0,Excellent,21.0,7.0,7.0,7.0,No
1463,35.0,Non-Travel,208.00000000000045,Research & Development,8.0,Master,Life Sciences,1.0,High,Female,52.0,High,2.0,Healthcare Representative,High,Married,4148.0,12250.0,1.0,Y,No,12.0,Excellent,Very High,80.0,1.0,15.0,5.0,Excellent,14.0,11.0,2.0,9.0,No
1464,38.0,Travel_Rarely,1206.0,Research & Development,9.0,College,Life Sciences,1.0,Good,Male,71.0,High,1.0,Research Scientist,Very High,Divorced,4771.0,14292.999999999998,2.0,Y,No,19.0,Excellent,Very High,80.0,2.0,10.0,0.0,Outstanding,5.0,2.0,0.0,3.0,No
1465,30.0,Travel_Rarely,911.0000000000002,Research & Development,1.0,College,Medical,1.0,Very High,Male,76.0,High,1.0,Laboratory Technician,Good,Married,3748.0,4077.0,1.0,Y,No,13.0,Excellent,High,80.0,0.0,12.0,6.0,Good,12.0,8.0,1.0,7.0,No
1466,24.0,Travel_Frequently,567.0,Research & Development,2.0,Below College,Technical Degree,1.0,Low,Female,32.0,High,1.0,Research Scientist,Very High,Single,3760.0,17218.0,1.0,Y,Yes,13.0,Excellent,High,80.0,0.0,6.0,2.0,Excellent,6.0,3.0,1.0,3.0,Yes
1467,42.0,Travel_Frequently,288.0,Research & Development,2.0,Bachelor,Life Sciences,1.0,Very High,Male,40.0,High,3.0,Healthcare Representative,Very High,Married,10124.000000000018,18611.0,2.0,Y,Yes,14.0,Excellent,High,80.0,1.0,24.0,3.0,Low,20.0,8.0,13.0,9.0,No
1468,38.0,Travel_Rarely,437.0,Sales,16.0,Bachelor,Life Sciences,1.0,Good,Female,90.0,High,2.0,Sales Executive,Good,Single,4198.0,16379.0,2.0,Y,No,12.0,Excellent,Good,80.0,0.0,8.0,5.0,Outstanding,3.0,2.0,1.0,2.0,No
1469,41.0,Travel_Rarely,1206.0,Sales,23.0,College,Life Sciences,1.0,Very High,Male,80.0,High,3.0,Sales Executive,High,Single,7081.999999999998,11590.999999999996,3.0,Y,Yes,16.0,Excellent,Very High,80.0,0.0,21.0,2.0,Excellent,2.0,0.0,0.0,2.0,No
1470,50.0,Travel_Rarely,813.0,Research & Development,17.0,Doctor,Life Sciences,1.0,Very High,Female,50.0,Good,3.0,Research Director,Low,Divorced,13269.0,21981.0,5.0,Y,No,15.0,Excellent,High,80.0,3.0,19.0,3.0,Excellent,14.0,11.0,1.0,11.0,No
